samples,base,n,draw,n_pos,n_neg,n_training_rows,dev_mean,eval_mean,dev_ai_dilemmas,dev_ant_hh,dev_balanced_refusal,dev_daily_dilemmas,eval_ai_dilemmas,eval_ant_hh,eval_balanced_refusal,eval_daily_dilemmas,seconds
pool_hu_harm_deepseekv4pro_evaldescshape_650.jsonl,none+ga4,590,0,295,295,590,0.82691,0.8115,0.79868,0.66426,0.91268,0.93205,0.81261,0.66641,0.88518,0.88182,22.0
pool_hu_harm_deepseekv4pro_evaldescshape_650.jsonl,none+ga4,590,1,295,295,590,0.83013,0.80758,0.77127,0.66426,0.94375,0.94123,0.78038,0.65204,0.90834,0.88958,6.8
pool_hu_harm_deepseekv4pro_evaldescshape_650.jsonl,none+ga4,590,2,295,295,590,0.8343,0.81265,0.80151,0.67355,0.93328,0.92883,0.8098,0.66652,0.89993,0.87438,6.6
pool_hu_harm_deepseekv4pro_evaldescshape_650.jsonl,none+ga4,590,3,295,295,590,0.83089,0.81479,0.79301,0.66529,0.92081,0.94444,0.80796,0.67231,0.88967,0.88921,7.0
pool_hu_harm_deepseekv4pro_evaldescshape_650.jsonl,none+ga4,590,4,295,295,590,0.82831,0.80947,0.79679,0.66529,0.92003,0.93113,0.8032,0.6644,0.8898,0.88047,6.5
pool_hu_harm_deepseekv4pro_evaldescshape_650.jsonl,none+ga4,590,5,295,295,590,0.84271,0.81666,0.86578,0.65909,0.92448,0.92149,0.84905,0.66262,0.88514,0.86985,6.3
pool_hu_harm_deepseekv4pro_evaldescshape_650.jsonl,none+ga4,590,6,295,295,590,0.83668,0.81338,0.80529,0.67045,0.94074,0.93021,0.80385,0.65972,0.90169,0.88828,6.6
pool_hu_harm_deepseekv4pro_evaldescshape_650.jsonl,none+ga4,590,7,295,295,590,0.83235,0.81774,0.84405,0.64979,0.92281,0.91276,0.83229,0.67387,0.88601,0.8788,6.1
pool_hu_harm_deepseekv4pro_general_650.jsonl,none+ga4,590,0,295,295,590,0.7615,0.76592,0.95274,0.54132,0.92292,0.62902,0.895,0.63199,0.91517,0.62151,6.4
pool_hu_harm_deepseekv4pro_general_650.jsonl,none+ga4,590,1,295,295,590,0.76575,0.77762,0.94234,0.53926,0.9207,0.6607,0.88549,0.65037,0.91636,0.65827,6.6
pool_hu_harm_deepseekv4pro_general_650.jsonl,none+ga4,590,2,295,295,590,0.75442,0.75767,0.95369,0.55165,0.90811,0.60422,0.89587,0.63043,0.89848,0.60589,6.3
pool_hu_harm_deepseekv4pro_general_650.jsonl,none+ga4,590,3,295,295,590,0.7513,0.75152,0.94896,0.51446,0.92147,0.62029,0.8724,0.6243,0.91458,0.5948,6.5
pool_hu_harm_deepseekv4pro_general_650.jsonl,none+ga4,590,4,295,295,590,0.76257,0.77258,0.94707,0.52789,0.92103,0.65427,0.88873,0.64669,0.91494,0.63994,6.5
pool_hu_harm_deepseekv4pro_general_650.jsonl,none+ga4,590,5,295,295,590,0.76255,0.76841,0.9518,0.54236,0.91969,0.63636,0.89144,0.64001,0.91246,0.62974,6.5
pool_hu_harm_deepseekv4pro_general_650.jsonl,none+ga4,590,6,295,295,590,0.76962,0.77633,0.94802,0.54959,0.9188,0.66208,0.89695,0.65081,0.91031,0.64723,8.6
pool_hu_harm_deepseekv4pro_general_650.jsonl,none+ga4,590,7,295,295,590,0.7628,0.7715,0.95085,0.53822,0.92348,0.63866,0.89241,0.64847,0.9176,0.6275,6.7
pool_hu_harm_gptoss_evaldescshape_650.jsonl,none+ga4,590,0,295,295,590,0.85068,0.82986,0.931,0.66322,0.94943,0.85904,0.87413,0.71987,0.93045,0.79498,12.9
pool_hu_harm_gptoss_evaldescshape_650.jsonl,none+ga4,590,1,295,295,590,0.83679,0.81543,0.91966,0.65909,0.95756,0.81084,0.86873,0.71241,0.94171,0.73886,10.4
pool_hu_harm_gptoss_evaldescshape_650.jsonl,none+ga4,590,2,295,295,590,0.84656,0.82708,0.92439,0.66529,0.95634,0.84022,0.86711,0.729,0.93961,0.77259,18.5
pool_hu_harm_gptoss_evaldescshape_650.jsonl,none+ga4,590,3,295,295,590,0.84253,0.82629,0.91871,0.66219,0.95222,0.83701,0.86678,0.71898,0.9343,0.78509,8.7
pool_hu_harm_gptoss_evaldescshape_650.jsonl,none+ga4,590,4,295,295,590,0.84737,0.82608,0.93667,0.66529,0.94821,0.8393,0.87305,0.72466,0.93161,0.77499,9.3
pool_hu_harm_gptoss_evaldescshape_650.jsonl,none+ga4,590,5,295,295,590,0.83911,0.82401,0.92439,0.66012,0.94319,0.82874,0.86819,0.72388,0.92912,0.77483,9.0
pool_hu_harm_gptoss_evaldescshape_650.jsonl,none+ga4,590,6,295,295,590,0.83903,0.82164,0.9206,0.65599,0.95355,0.82599,0.85997,0.71631,0.93764,0.77265,10.2
pool_hu_harm_gptoss_evaldescshape_650.jsonl,none+ga4,590,7,295,295,590,0.84224,0.82591,0.92439,0.65806,0.94353,0.84298,0.86776,0.72288,0.93114,0.78186,9.8
pool_hu_harm_gptoss_general_650.jsonl,none+ga4,590,0,295,295,590,0.80923,0.80149,0.94707,0.58264,0.94642,0.76079,0.88884,0.66708,0.93904,0.71101,6.7
pool_hu_harm_gptoss_general_650.jsonl,none+ga4,590,1,295,295,590,0.81766,0.8059,0.95747,0.58368,0.9462,0.78329,0.89814,0.66797,0.93763,0.71986,6.5
pool_hu_harm_gptoss_general_650.jsonl,none+ga4,590,2,295,295,590,0.80007,0.7914,0.93573,0.56612,0.95144,0.74702,0.87251,0.66819,0.94377,0.68112,7.0
pool_hu_harm_gptoss_general_650.jsonl,none+ga4,590,3,295,295,590,0.80212,0.79828,0.93762,0.57025,0.95177,0.74885,0.88538,0.6624,0.94775,0.69757,6.7
pool_hu_harm_gptoss_general_650.jsonl,none+ga4,590,4,295,295,590,0.80559,0.79515,0.93951,0.57955,0.94709,0.7562,0.8816,0.6644,0.9374,0.69721,6.8
pool_hu_harm_gptoss_general_650.jsonl,none+ga4,590,5,295,295,590,0.81343,0.80639,0.95463,0.58781,0.94821,0.76309,0.89911,0.66886,0.93957,0.71803,9.7
pool_hu_harm_gptoss_general_650.jsonl,none+ga4,590,6,295,295,590,0.7997,0.80357,0.94707,0.55992,0.95444,0.73737,0.89673,0.66774,0.94735,0.70247,7.2
pool_hu_harm_gptoss_general_650.jsonl,none+ga4,590,7,295,295,590,0.79906,0.79254,0.93667,0.57335,0.94932,0.73691,0.88452,0.66518,0.94021,0.68024,6.3
pool_hu_harm_llama70b_evaldescshape_650.jsonl,none+ga4,590,0,295,295,590,0.82036,0.82576,0.92817,0.60227,0.95255,0.79844,0.8817,0.67398,0.96319,0.78415,20.2
pool_hu_harm_llama70b_evaldescshape_650.jsonl,none+ga4,590,1,295,295,590,0.82906,0.8246,0.93384,0.62913,0.94932,0.80395,0.87814,0.68646,0.95689,0.77692,16.0
pool_hu_harm_llama70b_evaldescshape_650.jsonl,none+ga4,590,2,295,295,590,0.81409,0.81962,0.92628,0.60847,0.95255,0.76905,0.87576,0.68044,0.96462,0.75765,14.0
pool_hu_harm_llama70b_evaldescshape_650.jsonl,none+ga4,590,3,295,295,590,0.82115,0.82635,0.93573,0.60227,0.94954,0.79706,0.88516,0.68323,0.95811,0.77889,17.9
pool_hu_harm_llama70b_evaldescshape_650.jsonl,none+ga4,590,4,295,295,590,0.80366,0.81058,0.91493,0.59607,0.94743,0.7562,0.86484,0.68378,0.95795,0.73574,19.1
pool_hu_harm_llama70b_evaldescshape_650.jsonl,none+ga4,590,5,295,295,590,0.81596,0.82392,0.93573,0.60021,0.94965,0.77824,0.88668,0.67944,0.96176,0.76781,20.2
pool_hu_harm_llama70b_evaldescshape_650.jsonl,none+ga4,590,6,295,295,590,0.80248,0.80842,0.91493,0.58574,0.94798,0.76125,0.86516,0.67354,0.95679,0.73818,19.3
pool_hu_harm_llama70b_evaldescshape_650.jsonl,none+ga4,590,7,295,295,590,0.82625,0.82521,0.94707,0.61157,0.94977,0.7966,0.89392,0.68022,0.95859,0.76812,19.5
pool_hu_harm_llama70b_full-ai_dilemmas_650.jsonl,none+ga4,590,0,295,295,590,0.85214,0.84934,0.98488,0.57231,0.93996,0.91139,0.95513,0.63722,0.94026,0.86474,6.4
pool_hu_harm_llama70b_full-ai_dilemmas_650.jsonl,none+ga4,590,1,295,295,590,0.85151,0.85514,0.99055,0.56405,0.94097,0.91047,0.95621,0.64691,0.94146,0.87599,6.4
pool_hu_harm_llama70b_full-ai_dilemmas_650.jsonl,none+ga4,590,2,295,295,590,0.85,0.85252,0.9811,0.55888,0.93763,0.92241,0.9548,0.63121,0.93932,0.88474,6.3
pool_hu_harm_llama70b_full-ai_dilemmas_650.jsonl,none+ga4,590,3,295,295,590,0.86129,0.85326,0.98677,0.58781,0.94954,0.92103,0.95361,0.636,0.94452,0.8789,6.6
pool_hu_harm_llama70b_full-ai_dilemmas_650.jsonl,none+ga4,590,4,295,295,590,0.8575,0.85644,0.99055,0.58058,0.9452,0.91368,0.95653,0.64658,0.94548,0.87719,6.9
pool_hu_harm_llama70b_full-ai_dilemmas_650.jsonl,none+ga4,590,5,295,295,590,0.85675,0.85604,0.98866,0.57645,0.94364,0.91827,0.95621,0.64446,0.9438,0.87969,6.8
pool_hu_harm_llama70b_full-ai_dilemmas_650.jsonl,none+ga4,590,6,295,295,590,0.85678,0.85244,0.98488,0.58678,0.93996,0.91552,0.95491,0.64324,0.94099,0.87063,7.1
pool_hu_harm_llama70b_full-ai_dilemmas_650.jsonl,none+ga4,590,7,295,295,590,0.84727,0.84877,0.99055,0.56715,0.92871,0.90266,0.95458,0.64781,0.93468,0.85803,6.8
pool_hu_harm_llama70b_full-ant_hh_650.jsonl,none+ga4,590,0,295,295,590,0.75399,0.70632,0.69943,0.61364,0.94899,0.7539,0.613,0.63711,0.93394,0.64124,19.4
pool_hu_harm_llama70b_full-ant_hh_650.jsonl,none+ga4,590,1,295,295,590,0.75507,0.71065,0.68904,0.6095,0.95133,0.77043,0.62186,0.63143,0.93368,0.65561,18.8
pool_hu_harm_llama70b_full-ant_hh_650.jsonl,none+ga4,590,2,295,295,590,0.75831,0.70799,0.69565,0.62707,0.94286,0.76768,0.61548,0.63321,0.92911,0.65415,17.0
pool_hu_harm_llama70b_full-ant_hh_650.jsonl,none+ga4,590,3,295,295,590,0.7385,0.69703,0.6862,0.59091,0.94732,0.72957,0.6117,0.61896,0.93543,0.62203,19.7
pool_hu_harm_llama70b_full-ant_hh_650.jsonl,none+ga4,590,4,295,295,590,0.74399,0.70354,0.67675,0.60434,0.94832,0.74656,0.60975,0.62976,0.93534,0.63932,15.6
pool_hu_harm_llama70b_full-ant_hh_650.jsonl,none+ga4,590,5,295,295,590,0.74359,0.70315,0.67202,0.60537,0.9472,0.74977,0.61073,0.62776,0.93329,0.64083,16.6
pool_hu_harm_llama70b_full-ant_hh_650.jsonl,none+ga4,590,6,295,295,590,0.74947,0.70643,0.68431,0.60227,0.95144,0.75987,0.61484,0.62631,0.93294,0.65166,19.8
pool_hu_harm_llama70b_full-ant_hh_650.jsonl,none+ga4,590,7,295,295,590,0.74119,0.69826,0.66446,0.60744,0.94631,0.74656,0.60056,0.62776,0.93366,0.63104,15.0
pool_hu_harm_llama70b_full-balanced_refusal_650.jsonl,none+ga4,590,0,295,295,590,0.69959,0.70242,0.7344,0.46281,0.96202,0.63912,0.66804,0.63934,0.96894,0.53337,17.6
pool_hu_harm_llama70b_full-balanced_refusal_650.jsonl,none+ga4,590,1,295,295,590,0.68895,0.70036,0.7051,0.46178,0.95946,0.62948,0.66068,0.64268,0.9685,0.52957,15.5
pool_hu_harm_llama70b_full-balanced_refusal_650.jsonl,none+ga4,590,2,295,295,590,0.70543,0.7075,0.74858,0.46281,0.96202,0.6483,0.68004,0.63945,0.97151,0.53899,18.3
pool_hu_harm_llama70b_full-balanced_refusal_650.jsonl,none+ga4,590,3,295,295,590,0.69922,0.70761,0.75898,0.45558,0.96113,0.62121,0.68296,0.65037,0.96989,0.52723,18.6
pool_hu_harm_llama70b_full-balanced_refusal_650.jsonl,none+ga4,590,4,295,295,590,0.70534,0.71085,0.72968,0.45868,0.95946,0.67355,0.67669,0.6419,0.97104,0.55378,17.5
pool_hu_harm_llama70b_full-balanced_refusal_650.jsonl,none+ga4,590,5,295,295,590,0.7031,0.70575,0.74575,0.46488,0.96313,0.63866,0.67474,0.6399,0.97082,0.53754,17.3
pool_hu_harm_llama70b_full-balanced_refusal_650.jsonl,none+ga4,590,6,295,295,590,0.70164,0.71264,0.75709,0.44835,0.95834,0.64279,0.69074,0.64769,0.96891,0.54321,16.2
pool_hu_harm_llama70b_full-balanced_refusal_650.jsonl,none+ga4,590,7,295,295,590,0.68807,0.69877,0.73629,0.46074,0.95701,0.59826,0.66414,0.64636,0.96941,0.51515,16.2
pool_hu_harm_llama70b_full-daily_dilemmas_650.jsonl,none+ga4,590,0,295,295,590,0.86458,0.85354,0.98771,0.56921,0.94364,0.95776,0.94875,0.60414,0.93015,0.93112,9.6
pool_hu_harm_llama70b_full-daily_dilemmas_650.jsonl,none+ga4,590,1,295,295,590,0.86943,0.85493,0.98299,0.60021,0.93952,0.955,0.9508,0.60949,0.92711,0.93232,9.6
pool_hu_harm_llama70b_full-daily_dilemmas_650.jsonl,none+ga4,590,2,295,295,590,0.86042,0.84841,0.97921,0.58781,0.94765,0.927,0.93263,0.60448,0.92821,0.92831,15.4
pool_hu_harm_llama70b_full-daily_dilemmas_650.jsonl,none+ga4,590,3,295,295,590,0.86462,0.84818,0.98204,0.6126,0.93685,0.927,0.94215,0.60047,0.9209,0.9292,11.2
pool_hu_harm_llama70b_full-daily_dilemmas_650.jsonl,none+ga4,590,4,295,295,590,0.8643,0.85115,0.98771,0.57025,0.94698,0.95225,0.93891,0.60559,0.93149,0.92862,11.2
pool_hu_harm_llama70b_full-daily_dilemmas_650.jsonl,none+ga4,590,5,295,295,590,0.85669,0.84778,0.9811,0.56818,0.94865,0.92883,0.93436,0.60036,0.9297,0.9267,8.8
pool_hu_harm_llama70b_full-daily_dilemmas_650.jsonl,none+ga4,590,6,295,295,590,0.86477,0.85276,0.9811,0.58058,0.95389,0.94353,0.94485,0.60013,0.93837,0.92769,9.0
pool_hu_harm_llama70b_full-daily_dilemmas_650.jsonl,none+ga4,590,7,295,295,590,0.86444,0.85189,0.97921,0.59814,0.9511,0.92929,0.93588,0.60648,0.93339,0.9318,9.0
pool_hu_harm_llama70b_general_650.jsonl,none+ga4,590,0,295,295,590,0.74512,0.75362,0.79301,0.6281,0.93818,0.62121,0.80558,0.65193,0.94076,0.6162,9.2
pool_hu_harm_llama70b_general_650.jsonl,none+ga4,590,1,295,295,590,0.73685,0.74683,0.75331,0.59814,0.94074,0.65519,0.76708,0.65315,0.94241,0.62469,9.4
pool_hu_harm_llama70b_general_650.jsonl,none+ga4,590,2,295,295,590,0.73411,0.75281,0.75992,0.58471,0.93618,0.65565,0.78017,0.65148,0.94216,0.63744,8.9
pool_hu_harm_llama70b_general_650.jsonl,none+ga4,590,3,295,295,590,0.73079,0.74439,0.75803,0.58781,0.94097,0.63636,0.76352,0.6575,0.94434,0.61219,7.7
pool_hu_harm_llama70b_general_650.jsonl,none+ga4,590,4,295,295,590,0.76121,0.76882,0.79679,0.60227,0.94286,0.70294,0.80255,0.65861,0.94858,0.66556,9.1
pool_hu_harm_llama70b_general_650.jsonl,none+ga4,590,5,295,295,590,0.74715,0.75584,0.79584,0.6219,0.94186,0.62902,0.80828,0.65237,0.9451,0.61761,10.5
pool_hu_harm_llama70b_general_650.jsonl,none+ga4,590,6,295,295,590,0.73248,0.74587,0.76181,0.58574,0.93729,0.64509,0.75703,0.66173,0.94222,0.6225,11.5
pool_hu_harm_llama70b_general_650.jsonl,none+ga4,590,7,295,295,590,0.74056,0.75648,0.78261,0.58781,0.93618,0.65565,0.78925,0.65605,0.9433,0.63734,10.1
pool_hu_harm_llama70b_minimal-ai_dilemmas_650.jsonl,none+ga4,590,0,295,295,590,0.70457,0.68456,0.61437,0.64256,0.88182,0.67952,0.57731,0.67621,0.90426,0.58044,16.1
pool_hu_harm_llama70b_minimal-ai_dilemmas_650.jsonl,none+ga4,590,1,295,295,590,0.68875,0.68155,0.61531,0.59194,0.8875,0.66024,0.58337,0.6624,0.91026,0.57018,20.1
pool_hu_harm_llama70b_minimal-ai_dilemmas_650.jsonl,none+ga4,590,2,295,295,590,0.71079,0.69699,0.63138,0.6374,0.89853,0.67585,0.61505,0.67398,0.90969,0.58923,21.1
pool_hu_harm_llama70b_minimal-ai_dilemmas_650.jsonl,none+ga4,590,3,295,295,590,0.70256,0.69111,0.62193,0.6281,0.88895,0.67126,0.59851,0.6673,0.90366,0.59496,19.6
pool_hu_harm_llama70b_minimal-ai_dilemmas_650.jsonl,none+ga4,590,4,295,295,590,0.71062,0.69554,0.61909,0.6219,0.89764,0.70386,0.60456,0.66641,0.91075,0.60043,18.5
pool_hu_harm_llama70b_minimal-ai_dilemmas_650.jsonl,none+ga4,590,5,295,295,590,0.72259,0.71578,0.64745,0.6219,0.91669,0.70432,0.63452,0.6712,0.93206,0.62536,19.9
pool_hu_harm_llama70b_minimal-ai_dilemmas_650.jsonl,none+ga4,590,6,295,295,590,0.71563,0.69741,0.62193,0.63223,0.90221,0.70615,0.60316,0.67331,0.91754,0.59564,16.0
pool_hu_harm_llama70b_minimal-ai_dilemmas_650.jsonl,none+ga4,590,7,295,295,590,0.70081,0.68422,0.61437,0.63223,0.8973,0.65932,0.58402,0.67276,0.91186,0.56825,18.2
pool_hu_harm_llama70b_minimal-ant_hh_650.jsonl,none+ga4,590,0,295,295,590,0.84221,0.81009,0.98299,0.59401,0.97594,0.81589,0.90906,0.62107,0.96802,0.74219,11.4
pool_hu_harm_llama70b_minimal-ant_hh_650.jsonl,none+ga4,590,1,295,295,590,0.83457,0.80713,0.97543,0.58781,0.97616,0.7989,0.90614,0.62096,0.96735,0.73407,9.1
pool_hu_harm_llama70b_minimal-ant_hh_650.jsonl,none+ga4,590,2,295,295,590,0.84428,0.8114,0.9811,0.59298,0.97661,0.82645,0.9042,0.62074,0.96701,0.75364,11.7
pool_hu_harm_llama70b_minimal-ant_hh_650.jsonl,none+ga4,590,3,295,295,590,0.83009,0.80237,0.97259,0.57025,0.97772,0.79982,0.90052,0.60982,0.97018,0.72897,11.5
pool_hu_harm_llama70b_minimal-ant_hh_650.jsonl,none+ga4,590,4,295,295,590,0.8367,0.80935,0.96692,0.59091,0.97583,0.81313,0.89814,0.6262,0.96984,0.74323,10.3
pool_hu_harm_llama70b_minimal-ant_hh_650.jsonl,none+ga4,590,5,295,295,590,0.82927,0.80022,0.96314,0.59091,0.97516,0.78788,0.89317,0.62241,0.96772,0.71757,8.7
pool_hu_harm_llama70b_minimal-ant_hh_650.jsonl,none+ga4,590,6,295,295,590,0.84245,0.81073,0.98015,0.58884,0.97572,0.82507,0.90506,0.6174,0.96885,0.75161,14.4
pool_hu_harm_llama70b_minimal-ant_hh_650.jsonl,none+ga4,590,7,295,295,590,0.84249,0.81141,0.97353,0.59814,0.9746,0.82369,0.90225,0.62263,0.96894,0.75182,8.7
pool_hu_harm_llama70b_minimal-balanced_refusal_650.jsonl,none+ga4,590,0,295,295,590,0.84578,0.82052,0.97543,0.57541,0.98151,0.85078,0.89273,0.62642,0.97616,0.78676,17.9
pool_hu_harm_llama70b_minimal-balanced_refusal_650.jsonl,none+ga4,590,1,295,295,590,0.84613,0.82056,0.97732,0.56508,0.98307,0.85904,0.89728,0.61773,0.9768,0.79045,18.8
pool_hu_harm_llama70b_minimal-balanced_refusal_650.jsonl,none+ga4,590,2,295,295,590,0.84325,0.81449,0.97259,0.57955,0.98296,0.83792,0.89133,0.6223,0.97511,0.76921,11.1
pool_hu_harm_llama70b_minimal-balanced_refusal_650.jsonl,none+ga4,590,3,295,295,590,0.84,0.81364,0.9603,0.57645,0.98029,0.84298,0.87933,0.6331,0.97579,0.76635,16.8
pool_hu_harm_llama70b_minimal-balanced_refusal_650.jsonl,none+ga4,590,4,295,295,590,0.84571,0.8167,0.97353,0.57748,0.98106,0.85078,0.8909,0.62074,0.97667,0.77848,19.7
pool_hu_harm_llama70b_minimal-balanced_refusal_650.jsonl,none+ga4,590,5,295,295,590,0.84423,0.81842,0.97353,0.57645,0.98352,0.84343,0.8949,0.62642,0.97725,0.77509,19.8
pool_hu_harm_llama70b_minimal-balanced_refusal_650.jsonl,none+ga4,590,6,295,295,590,0.85076,0.82266,0.97921,0.57955,0.9834,0.86088,0.89901,0.62119,0.97798,0.79248,19.6
pool_hu_harm_llama70b_minimal-balanced_refusal_650.jsonl,none+ga4,590,7,295,295,590,0.84566,0.81595,0.97543,0.58264,0.98296,0.8416,0.88473,0.63076,0.97661,0.77171,18.8
pool_hu_harm_llama70b_minimal-daily_dilemmas_650.jsonl,none+ga4,590,0,295,295,590,0.87564,0.87424,0.98677,0.60227,0.97137,0.94215,0.95469,0.68891,0.96752,0.88583,14.5
pool_hu_harm_llama70b_minimal-daily_dilemmas_650.jsonl,none+ga4,590,1,295,295,590,0.87554,0.88159,0.98488,0.59401,0.96826,0.955,0.94983,0.70595,0.96793,0.90264,8.8
pool_hu_harm_llama70b_minimal-daily_dilemmas_650.jsonl,none+ga4,590,2,295,295,590,0.87644,0.87626,0.98677,0.60434,0.97527,0.93939,0.95372,0.68412,0.97607,0.89114,14.6
pool_hu_harm_llama70b_minimal-daily_dilemmas_650.jsonl,none+ga4,590,3,295,295,590,0.88028,0.87689,0.98866,0.6157,0.97416,0.94261,0.95469,0.68479,0.97445,0.89364,15.4
pool_hu_harm_llama70b_minimal-daily_dilemmas_650.jsonl,none+ga4,590,4,295,295,590,0.87332,0.87405,0.98488,0.60124,0.96915,0.93802,0.9561,0.68746,0.97089,0.88177,13.6
pool_hu_harm_llama70b_minimal-daily_dilemmas_650.jsonl,none+ga4,590,5,295,295,590,0.86879,0.8673,0.98299,0.61674,0.96269,0.91276,0.94431,0.6947,0.9659,0.86428,12.4
pool_hu_harm_llama70b_minimal-daily_dilemmas_650.jsonl,none+ga4,590,6,295,295,590,0.86993,0.8739,0.98299,0.58781,0.9755,0.93343,0.95188,0.68434,0.97475,0.88463,13.9
pool_hu_harm_llama70b_minimal-daily_dilemmas_650.jsonl,none+ga4,590,7,295,295,590,0.87242,0.86886,0.98299,0.60227,0.9765,0.92792,0.94334,0.68211,0.9752,0.87479,17.7
pool_hu_harm_nemotron_evaldescshape_650.jsonl,none+ga4,590,0,295,295,590,0.82018,0.84306,0.87051,0.54545,0.92949,0.93526,0.8564,0.69804,0.95268,0.86511,9.5
pool_hu_harm_nemotron_evaldescshape_650.jsonl,none+ga4,590,1,295,295,590,0.80919,0.82494,0.85822,0.56405,0.92192,0.89256,0.84483,0.68813,0.94251,0.82429,12.1
pool_hu_harm_nemotron_evaldescshape_650.jsonl,none+ga4,590,2,295,295,590,0.81629,0.83986,0.86106,0.54752,0.91947,0.9371,0.85586,0.69503,0.93964,0.86891,8.9
pool_hu_harm_nemotron_evaldescshape_650.jsonl,none+ga4,590,3,295,295,590,0.80634,0.82801,0.84405,0.54132,0.92036,0.91965,0.83056,0.6928,0.94526,0.8434,8.5
pool_hu_harm_nemotron_evaldescshape_650.jsonl,none+ga4,590,4,295,295,590,0.8269,0.84328,0.86389,0.57748,0.9227,0.94353,0.85662,0.69436,0.94479,0.87734,8.0
pool_hu_harm_nemotron_evaldescshape_650.jsonl,none+ga4,590,5,295,295,590,0.80842,0.83143,0.83554,0.55062,0.92192,0.92562,0.83845,0.68389,0.94316,0.86021,9.0
pool_hu_harm_nemotron_evaldescshape_650.jsonl,none+ga4,590,6,295,295,590,0.82597,0.83879,0.86295,0.57645,0.92649,0.93802,0.83737,0.69826,0.94201,0.8775,8.0
pool_hu_harm_nemotron_evaldescshape_650.jsonl,none+ga4,590,7,295,295,590,0.81516,0.83919,0.862,0.55475,0.92883,0.91506,0.85229,0.69871,0.95345,0.8523,9.1
pool_hu_harm_nemotron_general_650.jsonl,none+ga4,590,0,295,295,590,0.75975,0.76106,0.84594,0.55475,0.95556,0.68274,0.78439,0.68746,0.97068,0.60173,18.3
pool_hu_harm_nemotron_general_650.jsonl,none+ga4,590,1,295,295,590,0.77818,0.77849,0.86767,0.56921,0.95868,0.71717,0.8098,0.6898,0.96898,0.64541,13.9
pool_hu_harm_nemotron_general_650.jsonl,none+ga4,590,2,295,295,590,0.76387,0.76591,0.86862,0.56612,0.95088,0.66988,0.80212,0.68902,0.96667,0.60584,13.5
pool_hu_harm_nemotron_general_650.jsonl,none+ga4,590,3,295,295,590,0.77042,0.77066,0.87335,0.57231,0.95099,0.68503,0.80417,0.69849,0.96596,0.61401,18.4
pool_hu_harm_nemotron_general_650.jsonl,none+ga4,590,4,295,295,590,0.77114,0.76674,0.86673,0.57231,0.95545,0.69008,0.79423,0.69347,0.96883,0.61042,19.8
pool_hu_harm_nemotron_general_650.jsonl,none+ga4,590,5,295,295,590,0.76678,0.77167,0.84877,0.55992,0.95411,0.70432,0.79001,0.69737,0.96872,0.63057,17.0
pool_hu_harm_nemotron_general_650.jsonl,none+ga4,590,6,295,295,590,0.77709,0.77569,0.87807,0.57438,0.95344,0.70248,0.80861,0.69704,0.969,0.62812,18.8
pool_hu_harm_nemotron_general_650.jsonl,none+ga4,590,7,295,295,590,0.77966,0.77666,0.88563,0.56302,0.95467,0.71534,0.81001,0.69225,0.97027,0.63411,17.0
pool_hu_harm_deepseekv4pro_evaldescshape_650.jsonl,none+ga4,350,0,175,175,350,0.85491,0.83417,0.86767,0.6312,0.9667,0.95409,0.86386,0.63511,0.93346,0.90426,6.4
pool_hu_harm_deepseekv4pro_evaldescshape_650.jsonl,none+ga4,350,1,175,175,350,0.82922,0.81317,0.84405,0.65186,0.92793,0.89302,0.8324,0.65672,0.90371,0.85985,5.4
pool_hu_harm_deepseekv4pro_evaldescshape_650.jsonl,none+ga4,350,2,175,175,350,0.8632,0.83716,0.87996,0.65702,0.93785,0.97796,0.88138,0.6605,0.90541,0.90134,6.4
pool_hu_harm_deepseekv4pro_evaldescshape_650.jsonl,none+ga4,350,3,175,175,350,0.8463,0.82321,0.84121,0.66322,0.9501,0.93067,0.84851,0.65415,0.91788,0.87229,5.5
pool_hu_harm_deepseekv4pro_evaldescshape_650.jsonl,none+ga4,350,4,175,175,350,0.84086,0.82143,0.85255,0.64566,0.91847,0.94674,0.83791,0.65393,0.90009,0.89379,5.6
pool_hu_harm_deepseekv4pro_evaldescshape_650.jsonl,none+ga4,350,5,175,175,350,0.81386,0.79414,0.7448,0.66116,0.9491,0.90037,0.75011,0.65694,0.93637,0.83314,5.5
pool_hu_harm_deepseekv4pro_evaldescshape_650.jsonl,none+ga4,350,6,175,175,350,0.81937,0.79238,0.76749,0.64463,0.93607,0.92929,0.76179,0.63945,0.9418,0.82648,5.6
pool_hu_harm_deepseekv4pro_evaldescshape_650.jsonl,none+ga4,350,7,175,175,350,0.86999,0.83854,0.8828,0.65186,0.95634,0.98898,0.87641,0.65883,0.92422,0.89468,6.3
pool_hu_harm_deepseekv4pro_general_650.jsonl,none+ga4,350,0,175,175,350,0.75818,0.76563,0.96692,0.51033,0.92415,0.63131,0.90387,0.64357,0.92257,0.59251,5.2
pool_hu_harm_deepseekv4pro_general_650.jsonl,none+ga4,350,1,175,175,350,0.78029,0.78802,0.95652,0.53512,0.92337,0.70615,0.89533,0.6419,0.91731,0.69752,8.7
pool_hu_harm_deepseekv4pro_general_650.jsonl,none+ga4,350,2,175,175,350,0.76346,0.77567,0.94045,0.49277,0.93239,0.68825,0.86949,0.64458,0.93089,0.65775,4.8
pool_hu_harm_deepseekv4pro_general_650.jsonl,none+ga4,350,3,175,175,350,0.77059,0.76106,0.93478,0.53719,0.93406,0.67631,0.85943,0.63756,0.92851,0.61875,7.6
pool_hu_harm_deepseekv4pro_general_650.jsonl,none+ga4,350,4,175,175,350,0.75509,0.75127,0.93856,0.54339,0.908,0.63039,0.87727,0.63388,0.8964,0.59751,5.2
pool_hu_harm_deepseekv4pro_general_650.jsonl,none+ga4,350,5,175,175,350,0.77146,0.77975,0.94234,0.51653,0.93963,0.68733,0.88549,0.65115,0.93644,0.64593,10.2
pool_hu_harm_deepseekv4pro_general_650.jsonl,none+ga4,350,6,175,175,350,0.75767,0.76678,0.93856,0.50413,0.92315,0.66483,0.86256,0.65293,0.91684,0.63479,5.0
pool_hu_harm_deepseekv4pro_general_650.jsonl,none+ga4,350,7,175,175,350,0.78893,0.79056,0.95841,0.56612,0.92548,0.70569,0.91241,0.64658,0.92074,0.68253,8.7
pool_hu_harm_gptoss_evaldescshape_650.jsonl,none+ga4,350,0,175,175,350,0.81967,0.80046,0.8913,0.64669,0.95188,0.7888,0.83326,0.7065,0.94121,0.72085,11.7
pool_hu_harm_gptoss_evaldescshape_650.jsonl,none+ga4,350,1,175,175,350,0.85159,0.83476,0.93856,0.65909,0.96024,0.84848,0.88679,0.70238,0.95129,0.79857,13.9
pool_hu_harm_gptoss_evaldescshape_650.jsonl,none+ga4,350,2,175,175,350,0.80751,0.79441,0.88185,0.6312,0.93874,0.77824,0.83229,0.70929,0.92383,0.71226,6.5
pool_hu_harm_gptoss_evaldescshape_650.jsonl,none+ga4,350,3,175,175,350,0.8166,0.80828,0.86106,0.6343,0.9501,0.82094,0.8484,0.69002,0.9387,0.75599,10.1
pool_hu_harm_gptoss_evaldescshape_650.jsonl,none+ga4,350,4,175,175,350,0.82339,0.81656,0.91966,0.61467,0.96124,0.79798,0.86959,0.72043,0.94408,0.73214,7.8
pool_hu_harm_gptoss_evaldescshape_650.jsonl,none+ga4,350,5,175,175,350,0.84327,0.82994,0.94234,0.62087,0.96736,0.84252,0.8777,0.70461,0.94007,0.79738,12.8
pool_hu_harm_gptoss_evaldescshape_650.jsonl,none+ga4,350,6,175,175,350,0.83944,0.82189,0.91021,0.66942,0.95857,0.81956,0.85813,0.73279,0.94581,0.75083,7.2
pool_hu_harm_gptoss_evaldescshape_650.jsonl,none+ga4,350,7,175,175,350,0.82364,0.81566,0.91304,0.63223,0.94854,0.80073,0.85564,0.72455,0.93666,0.74578,12.8
pool_hu_harm_gptoss_general_650.jsonl,none+ga4,350,0,175,175,350,0.8048,0.79031,0.92817,0.6095,0.9423,0.73921,0.87284,0.67242,0.93122,0.68477,4.7
pool_hu_harm_gptoss_general_650.jsonl,none+ga4,350,1,175,175,350,0.81871,0.81331,0.96503,0.55888,0.95433,0.7966,0.9029,0.67242,0.94993,0.72798,8.2
pool_hu_harm_gptoss_general_650.jsonl,none+ga4,350,2,175,175,350,0.81102,0.81173,0.95652,0.54132,0.95745,0.7888,0.8976,0.6683,0.95398,0.72704,5.1
pool_hu_harm_gptoss_general_650.jsonl,none+ga4,350,3,175,175,350,0.80186,0.79186,0.94518,0.57231,0.93696,0.75298,0.88387,0.66173,0.92839,0.69346,4.9
pool_hu_harm_gptoss_general_650.jsonl,none+ga4,350,4,175,175,350,0.81185,0.8066,0.95463,0.59401,0.94531,0.75344,0.89619,0.67587,0.93807,0.71626,8.3
pool_hu_harm_gptoss_general_650.jsonl,none+ga4,350,5,175,175,350,0.80568,0.79747,0.94991,0.58058,0.94475,0.74747,0.891,0.67053,0.93728,0.69107,4.6
pool_hu_harm_gptoss_general_650.jsonl,none+ga4,350,6,175,175,350,0.80937,0.79883,0.94518,0.58574,0.94531,0.76125,0.89327,0.67108,0.93416,0.69679,4.7
pool_hu_harm_gptoss_general_650.jsonl,none+ga4,350,7,175,175,350,0.81619,0.80831,0.94329,0.59607,0.94487,0.78053,0.89511,0.66173,0.93951,0.73688,4.9
pool_hu_harm_llama70b_evaldescshape_650.jsonl,none+ga4,350,0,175,175,350,0.77715,0.78455,0.88941,0.56302,0.93807,0.71809,0.84267,0.66128,0.94741,0.68685,11.2
pool_hu_harm_llama70b_evaldescshape_650.jsonl,none+ga4,350,1,175,175,350,0.78621,0.78383,0.84877,0.60537,0.93863,0.75207,0.78417,0.66507,0.94926,0.73683,11.8
pool_hu_harm_llama70b_evaldescshape_650.jsonl,none+ga4,350,2,175,175,350,0.81181,0.80867,0.90265,0.60847,0.96246,0.77365,0.84808,0.66017,0.97356,0.75286,12.7
pool_hu_harm_llama70b_evaldescshape_650.jsonl,none+ga4,350,3,175,175,350,0.78696,0.78342,0.8828,0.59607,0.96603,0.70294,0.82807,0.67599,0.972,0.65764,12.5
pool_hu_harm_llama70b_evaldescshape_650.jsonl,none+ga4,350,4,175,175,350,0.79869,0.812,0.93289,0.56198,0.94598,0.7539,0.88927,0.66953,0.9572,0.73199,12.7
pool_hu_harm_llama70b_evaldescshape_650.jsonl,none+ga4,350,5,175,175,350,0.78898,0.80339,0.87902,0.56095,0.94921,0.76676,0.82926,0.68378,0.9587,0.74183,13.0
pool_hu_harm_llama70b_evaldescshape_650.jsonl,none+ga4,350,6,175,175,350,0.77007,0.7744,0.83365,0.56198,0.93673,0.74793,0.77336,0.67576,0.94315,0.70533,10.2
pool_hu_harm_llama70b_evaldescshape_650.jsonl,none+ga4,350,7,175,175,350,0.78399,0.7848,0.84216,0.58678,0.95678,0.75023,0.78612,0.67298,0.96909,0.71101,12.9
pool_hu_harm_llama70b_full-ai_dilemmas_650.jsonl,none+ga4,350,0,175,175,350,0.85546,0.85428,0.98866,0.57438,0.93595,0.92287,0.94572,0.66373,0.93631,0.87136,5.9
pool_hu_harm_llama70b_full-ai_dilemmas_650.jsonl,none+ga4,350,1,175,175,350,0.84616,0.85416,0.98866,0.50103,0.9638,0.93113,0.94972,0.6233,0.95219,0.89145,9.8
pool_hu_harm_llama70b_full-ai_dilemmas_650.jsonl,none+ga4,350,2,175,175,350,0.85177,0.86129,0.97921,0.54545,0.95678,0.92562,0.9548,0.64859,0.95088,0.89088,5.8
pool_hu_harm_llama70b_full-ai_dilemmas_650.jsonl,none+ga4,350,3,175,175,350,0.85449,0.85596,0.98677,0.57128,0.93339,0.92654,0.95686,0.64368,0.93663,0.88666,5.8
pool_hu_harm_llama70b_full-ai_dilemmas_650.jsonl,none+ga4,350,4,175,175,350,0.86172,0.85879,0.99244,0.57851,0.94342,0.93251,0.95469,0.6458,0.94611,0.88854,7.0
pool_hu_harm_llama70b_full-ai_dilemmas_650.jsonl,none+ga4,350,5,175,175,350,0.85102,0.85913,0.98488,0.55269,0.93996,0.92654,0.94507,0.65248,0.9419,0.89707,5.4
pool_hu_harm_llama70b_full-ai_dilemmas_650.jsonl,none+ga4,350,6,175,175,350,0.85083,0.855,0.99055,0.52893,0.95779,0.92608,0.94237,0.63032,0.95216,0.89515,4.8
pool_hu_harm_llama70b_full-ai_dilemmas_650.jsonl,none+ga4,350,7,175,175,350,0.83866,0.85242,0.98488,0.51136,0.93417,0.92424,0.95188,0.62987,0.94123,0.88671,4.7
pool_hu_harm_llama70b_full-ant_hh_650.jsonl,none+ga4,350,0,175,175,350,0.71284,0.69179,0.66352,0.54545,0.93807,0.70432,0.60705,0.61896,0.92511,0.61605,13.0
pool_hu_harm_llama70b_full-ant_hh_650.jsonl,none+ga4,350,1,175,175,350,0.75922,0.72466,0.69376,0.59814,0.95756,0.78742,0.64479,0.62564,0.94801,0.68019,12.0
pool_hu_harm_llama70b_full-ant_hh_650.jsonl,none+ga4,350,2,175,175,350,0.75977,0.72975,0.71834,0.58471,0.94219,0.79385,0.65301,0.63021,0.93578,0.70002,12.9
pool_hu_harm_llama70b_full-ant_hh_650.jsonl,none+ga4,350,3,175,175,350,0.72642,0.68927,0.64272,0.59607,0.94743,0.71947,0.57353,0.62341,0.9445,0.61563,12.9
pool_hu_harm_llama70b_full-ant_hh_650.jsonl,none+ga4,350,4,175,175,350,0.73282,0.69973,0.67391,0.58781,0.94687,0.72268,0.60521,0.62018,0.94369,0.62984,12.3
pool_hu_harm_llama70b_full-ant_hh_650.jsonl,none+ga4,350,5,175,175,350,0.72843,0.68942,0.6673,0.61157,0.94019,0.69467,0.59072,0.62063,0.92804,0.61828,11.8
pool_hu_harm_llama70b_full-ant_hh_650.jsonl,none+ga4,350,6,175,175,350,0.72927,0.68727,0.66163,0.6219,0.93016,0.7034,0.58705,0.6321,0.92473,0.60522,13.1
pool_hu_harm_llama70b_full-ant_hh_650.jsonl,none+ga4,350,7,175,175,350,0.72906,0.71287,0.69376,0.55372,0.94654,0.72222,0.63462,0.60771,0.93724,0.67191,12.3
pool_hu_harm_llama70b_full-balanced_refusal_650.jsonl,none+ga4,350,0,175,175,350,0.67495,0.6908,0.69565,0.44008,0.96168,0.60239,0.64728,0.63566,0.97182,0.50843,12.3
pool_hu_harm_llama70b_full-balanced_refusal_650.jsonl,none+ga4,350,1,175,175,350,0.6624,0.6905,0.70605,0.45248,0.96213,0.52893,0.64576,0.6595,0.97399,0.48277,10.1
pool_hu_harm_llama70b_full-balanced_refusal_650.jsonl,none+ga4,350,2,175,175,350,0.65764,0.66799,0.69943,0.48347,0.95912,0.48852,0.62814,0.65694,0.9672,0.41967,9.7
pool_hu_harm_llama70b_full-balanced_refusal_650.jsonl,none+ga4,350,3,175,175,350,0.69776,0.6939,0.75047,0.48967,0.96413,0.58678,0.65657,0.64714,0.9723,0.49958,12.9
pool_hu_harm_llama70b_full-balanced_refusal_650.jsonl,none+ga4,350,4,175,175,350,0.65762,0.67593,0.6966,0.45868,0.96558,0.50964,0.63116,0.636,0.97259,0.46397,8.7
pool_hu_harm_llama70b_full-balanced_refusal_650.jsonl,none+ga4,350,5,175,175,350,0.68052,0.68285,0.76181,0.43285,0.96636,0.56107,0.66468,0.64725,0.97916,0.44029,13.2
pool_hu_harm_llama70b_full-balanced_refusal_650.jsonl,none+ga4,350,6,175,175,350,0.66819,0.69372,0.70699,0.45558,0.96335,0.54683,0.66014,0.65048,0.97096,0.49328,8.7
pool_hu_harm_llama70b_full-balanced_refusal_650.jsonl,none+ga4,350,7,175,175,350,0.66721,0.68269,0.73629,0.43802,0.96514,0.52938,0.65074,0.65594,0.97494,0.44914,6.9
pool_hu_harm_llama70b_full-daily_dilemmas_650.jsonl,none+ga4,350,0,175,175,350,0.86185,0.85496,0.98488,0.56405,0.95723,0.94123,0.94983,0.60002,0.93826,0.93175,5.5
pool_hu_harm_llama70b_full-daily_dilemmas_650.jsonl,none+ga4,350,1,175,175,350,0.8693,0.85542,0.98488,0.60744,0.9579,0.927,0.94053,0.61606,0.9352,0.92987,11.0
pool_hu_harm_llama70b_full-daily_dilemmas_650.jsonl,none+ga4,350,2,175,175,350,0.85437,0.85206,0.98299,0.56095,0.94609,0.92746,0.9468,0.60336,0.9296,0.92847,12.1
pool_hu_harm_llama70b_full-daily_dilemmas_650.jsonl,none+ga4,350,3,175,175,350,0.85557,0.84429,0.98393,0.57438,0.93651,0.92746,0.93901,0.58944,0.92029,0.92842,9.5
pool_hu_harm_llama70b_full-daily_dilemmas_650.jsonl,none+ga4,350,4,175,175,350,0.86236,0.85365,0.99055,0.57955,0.94821,0.93113,0.94193,0.61517,0.93425,0.92326,5.2
pool_hu_harm_llama70b_full-daily_dilemmas_650.jsonl,none+ga4,350,5,175,175,350,0.85694,0.84043,0.97353,0.6095,0.9168,0.92792,0.93555,0.59245,0.90701,0.9267,6.4
pool_hu_harm_llama70b_full-daily_dilemmas_650.jsonl,none+ga4,350,6,175,175,350,0.86002,0.85158,0.99149,0.58161,0.92482,0.94215,0.95383,0.6018,0.91645,0.93425,10.5
pool_hu_harm_llama70b_full-daily_dilemmas_650.jsonl,none+ga4,350,7,175,175,350,0.86257,0.85179,0.98488,0.58368,0.92949,0.95225,0.95556,0.60002,0.9192,0.93237,8.4
pool_hu_harm_llama70b_general_650.jsonl,none+ga4,350,0,175,175,350,0.729,0.73193,0.73251,0.57438,0.94108,0.66804,0.73594,0.65672,0.94831,0.58673,12.3
pool_hu_harm_llama70b_general_650.jsonl,none+ga4,350,1,175,175,350,0.75806,0.76127,0.75898,0.60847,0.95222,0.71258,0.77184,0.65393,0.95329,0.66602,12.3
pool_hu_harm_llama70b_general_650.jsonl,none+ga4,350,2,175,175,350,0.72071,0.73758,0.74669,0.55062,0.94732,0.6382,0.75508,0.64157,0.9493,0.60438,12.6
pool_hu_harm_llama70b_general_650.jsonl,none+ga4,350,3,175,175,350,0.71474,0.72986,0.71267,0.56612,0.93829,0.64187,0.73259,0.65972,0.93799,0.58913,9.6
pool_hu_harm_llama70b_general_650.jsonl,none+ga4,350,4,175,175,350,0.70106,0.71462,0.67486,0.53719,0.93562,0.65657,0.68761,0.64892,0.94111,0.58085,5.4
pool_hu_harm_llama70b_general_650.jsonl,none+ga4,350,5,175,175,350,0.72615,0.73625,0.74008,0.54029,0.94977,0.67447,0.73313,0.64859,0.948,0.61526,12.3
pool_hu_harm_llama70b_general_650.jsonl,none+ga4,350,6,175,175,350,0.74054,0.74646,0.75898,0.59091,0.94698,0.66529,0.7526,0.65616,0.94989,0.62719,10.2
pool_hu_harm_llama70b_general_650.jsonl,none+ga4,350,7,175,175,350,0.73477,0.74941,0.74291,0.56715,0.94397,0.68503,0.75238,0.65716,0.9466,0.6415,10.3
pool_hu_harm_llama70b_minimal-ai_dilemmas_650.jsonl,none+ga4,350,0,175,175,350,0.68923,0.68921,0.61531,0.58058,0.88839,0.67264,0.60208,0.66329,0.91417,0.57731,13.2
pool_hu_harm_llama70b_minimal-ai_dilemmas_650.jsonl,none+ga4,350,1,175,175,350,0.67371,0.67913,0.59357,0.60744,0.87169,0.62213,0.57018,0.6967,0.8878,0.56185,6.7
pool_hu_harm_llama70b_minimal-ai_dilemmas_650.jsonl,none+ga4,350,2,175,175,350,0.66167,0.65964,0.57278,0.6157,0.85398,0.60422,0.54736,0.68233,0.88465,0.52421,12.1
pool_hu_harm_llama70b_minimal-ai_dilemmas_650.jsonl,none+ga4,350,3,175,175,350,0.7003,0.68277,0.62571,0.70248,0.83849,0.63453,0.60446,0.69982,0.84923,0.57757,14.0
pool_hu_harm_llama70b_minimal-ai_dilemmas_650.jsonl,none+ga4,350,4,175,175,350,0.6839,0.67366,0.59263,0.64256,0.85854,0.64187,0.57591,0.68456,0.86936,0.56482,5.1
pool_hu_harm_llama70b_minimal-ai_dilemmas_650.jsonl,none+ga4,350,5,175,175,350,0.65764,0.66472,0.56333,0.62603,0.85398,0.58724,0.55136,0.69737,0.88347,0.52666,5.2
pool_hu_harm_llama70b_minimal-ai_dilemmas_650.jsonl,none+ga4,350,6,175,175,350,0.67778,0.67559,0.59263,0.6064,0.87068,0.64141,0.56401,0.69325,0.89224,0.55284,7.8
pool_hu_harm_llama70b_minimal-ai_dilemmas_650.jsonl,none+ga4,350,7,175,175,350,0.69182,0.68257,0.60397,0.65083,0.88026,0.63223,0.59278,0.69013,0.89913,0.54826,13.9
pool_hu_harm_llama70b_minimal-ant_hh_650.jsonl,none+ga4,350,0,175,175,350,0.83224,0.81183,0.97732,0.56508,0.97483,0.81175,0.89771,0.61517,0.97151,0.76291,11.3
pool_hu_harm_llama70b_minimal-ant_hh_650.jsonl,none+ga4,350,1,175,175,350,0.82377,0.79705,0.9707,0.55579,0.97338,0.79522,0.88852,0.60091,0.96943,0.72933,11.5
pool_hu_harm_llama70b_minimal-ant_hh_650.jsonl,none+ga4,350,2,175,175,350,0.82618,0.79576,0.95085,0.59298,0.97394,0.78696,0.87154,0.6037,0.96552,0.74229,13.0
pool_hu_harm_llama70b_minimal-ant_hh_650.jsonl,none+ga4,350,3,175,175,350,0.82332,0.79139,0.95841,0.59194,0.96881,0.7741,0.88376,0.59468,0.96429,0.72282,9.3
pool_hu_harm_llama70b_minimal-ant_hh_650.jsonl,none+ga4,350,4,175,175,350,0.82533,0.80129,0.9603,0.58058,0.97349,0.78696,0.8843,0.60258,0.96545,0.75281,6.3
pool_hu_harm_llama70b_minimal-ant_hh_650.jsonl,none+ga4,350,5,175,175,350,0.82478,0.80121,0.97164,0.57955,0.97706,0.77089,0.90138,0.60648,0.97089,0.7261,8.5
pool_hu_harm_llama70b_minimal-ant_hh_650.jsonl,none+ga4,350,6,175,175,350,0.82726,0.79641,0.95652,0.59194,0.97316,0.78742,0.8843,0.60392,0.96769,0.72975,12.4
pool_hu_harm_llama70b_minimal-ant_hh_650.jsonl,none+ga4,350,7,175,175,350,0.80622,0.78216,0.93195,0.56715,0.97327,0.75253,0.86462,0.60949,0.96899,0.68555,10.5
pool_hu_harm_llama70b_minimal-balanced_refusal_650.jsonl,none+ga4,350,0,175,175,350,0.84159,0.81796,0.98677,0.54752,0.98084,0.85124,0.89976,0.59835,0.97652,0.79722,7.0
pool_hu_harm_llama70b_minimal-balanced_refusal_650.jsonl,none+ga4,350,1,175,175,350,0.84371,0.81576,0.96975,0.58161,0.98095,0.84252,0.88484,0.62787,0.97493,0.77541,12.0
pool_hu_harm_llama70b_minimal-balanced_refusal_650.jsonl,none+ga4,350,2,175,175,350,0.83651,0.81795,0.98015,0.55475,0.97828,0.83287,0.89284,0.61417,0.97346,0.79134,10.8
pool_hu_harm_llama70b_minimal-balanced_refusal_650.jsonl,none+ga4,350,3,175,175,350,0.83263,0.8164,0.97164,0.56302,0.97906,0.8168,0.88419,0.62308,0.97332,0.78499,10.8
pool_hu_harm_llama70b_minimal-balanced_refusal_650.jsonl,none+ga4,350,4,175,175,350,0.83194,0.80763,0.96786,0.56405,0.97906,0.8168,0.88527,0.61372,0.97501,0.75651,11.3
pool_hu_harm_llama70b_minimal-balanced_refusal_650.jsonl,none+ga4,350,5,175,175,350,0.82855,0.80441,0.97826,0.55475,0.97906,0.80211,0.89111,0.60258,0.9733,0.75062,5.9
pool_hu_harm_llama70b_minimal-balanced_refusal_650.jsonl,none+ga4,350,6,175,175,350,0.82893,0.79945,0.96219,0.55992,0.97817,0.81543,0.86894,0.6164,0.97294,0.73954,6.9
pool_hu_harm_llama70b_minimal-balanced_refusal_650.jsonl,none+ga4,350,7,175,175,350,0.8222,0.79926,0.96786,0.56302,0.98151,0.7764,0.87273,0.61183,0.97666,0.73584,5.9
pool_hu_harm_llama70b_minimal-daily_dilemmas_650.jsonl,none+ga4,350,0,175,175,350,0.87287,0.87557,0.97543,0.59711,0.97405,0.9449,0.94561,0.6918,0.97395,0.89093,14.2
pool_hu_harm_llama70b_minimal-daily_dilemmas_650.jsonl,none+ga4,350,1,175,175,350,0.86443,0.8685,0.97732,0.57025,0.96892,0.94123,0.92939,0.6908,0.96552,0.88828,12.3
pool_hu_harm_llama70b_minimal-daily_dilemmas_650.jsonl,none+ga4,350,2,175,175,350,0.8667,0.88146,0.98299,0.56302,0.97817,0.94261,0.95891,0.68155,0.97778,0.90759,12.4
pool_hu_harm_llama70b_minimal-daily_dilemmas_650.jsonl,none+ga4,350,3,175,175,350,0.86073,0.86881,0.9811,0.56921,0.97616,0.91644,0.94745,0.68323,0.97741,0.86714,12.8
pool_hu_harm_llama70b_minimal-daily_dilemmas_650.jsonl,none+ga4,350,4,175,175,350,0.83822,0.84488,0.97732,0.56612,0.97059,0.83884,0.93253,0.68724,0.97946,0.7803,6.4
pool_hu_harm_llama70b_minimal-daily_dilemmas_650.jsonl,none+ga4,350,5,175,175,350,0.83572,0.83478,0.97921,0.56612,0.93896,0.85859,0.93707,0.682,0.94055,0.77952,5.5
pool_hu_harm_llama70b_minimal-daily_dilemmas_650.jsonl,none+ga4,350,6,175,175,350,0.8485,0.84568,0.97921,0.54959,0.97126,0.89394,0.9202,0.66384,0.97678,0.8219,5.4
pool_hu_harm_llama70b_minimal-daily_dilemmas_650.jsonl,none+ga4,350,7,175,175,350,0.87127,0.87916,0.98299,0.59194,0.97628,0.93388,0.95967,0.682,0.98395,0.89103,9.7
pool_hu_harm_nemotron_evaldescshape_650.jsonl,none+ga4,350,0,175,175,350,0.84414,0.83871,0.93667,0.57955,0.95032,0.91001,0.87003,0.69069,0.96146,0.83267,11.1
pool_hu_harm_nemotron_evaldescshape_650.jsonl,none+ga4,350,1,175,175,350,0.76105,0.7959,0.78922,0.50207,0.93473,0.81818,0.78287,0.68311,0.95599,0.76161,11.8
pool_hu_harm_nemotron_evaldescshape_650.jsonl,none+ga4,350,2,175,175,350,0.7518,0.77066,0.76749,0.51653,0.92704,0.79614,0.75314,0.67331,0.94389,0.71231,5.7
pool_hu_harm_nemotron_evaldescshape_650.jsonl,none+ga4,350,3,175,175,350,0.79885,0.81358,0.85066,0.53822,0.92682,0.87971,0.80255,0.7035,0.95459,0.79368,7.5
pool_hu_harm_nemotron_evaldescshape_650.jsonl,none+ga4,350,4,175,175,350,0.80965,0.82709,0.91493,0.50413,0.93662,0.88292,0.84948,0.68378,0.95761,0.81747,13.3
pool_hu_harm_nemotron_evaldescshape_650.jsonl,none+ga4,350,5,175,175,350,0.80138,0.82811,0.90076,0.49483,0.93896,0.87098,0.86754,0.68011,0.9618,0.803,7.7
pool_hu_harm_nemotron_evaldescshape_650.jsonl,none+ga4,350,6,175,175,350,0.8189,0.83903,0.87146,0.54649,0.92103,0.93664,0.86646,0.67988,0.94054,0.86922,7.5
pool_hu_harm_nemotron_evaldescshape_650.jsonl,none+ga4,350,7,175,175,350,0.83684,0.8572,0.88658,0.56405,0.9344,0.96235,0.87067,0.69804,0.9593,0.90077,6.6
pool_hu_harm_nemotron_general_650.jsonl,none+ga4,350,0,175,175,350,0.75335,0.75418,0.8327,0.53306,0.95756,0.69008,0.74935,0.68757,0.97004,0.60975,14.0
pool_hu_harm_nemotron_general_650.jsonl,none+ga4,350,1,175,175,350,0.76347,0.76419,0.88185,0.53409,0.95244,0.68549,0.80731,0.68991,0.96224,0.5973,11.9
pool_hu_harm_nemotron_general_650.jsonl,none+ga4,350,2,175,175,350,0.76408,0.75836,0.85633,0.54752,0.94999,0.70248,0.77195,0.70238,0.96461,0.59449,14.7
pool_hu_harm_nemotron_general_650.jsonl,none+ga4,350,3,175,175,350,0.76757,0.7669,0.86389,0.54442,0.95857,0.7034,0.77509,0.70439,0.96999,0.61813,13.6
pool_hu_harm_nemotron_general_650.jsonl,none+ga4,350,4,175,175,350,0.73217,0.72937,0.77316,0.53202,0.95088,0.67264,0.70253,0.68534,0.96496,0.56466,13.7
pool_hu_harm_nemotron_general_650.jsonl,none+ga4,350,5,175,175,350,0.7392,0.74739,0.82514,0.53202,0.95456,0.64509,0.75941,0.68612,0.97183,0.57221,11.9
pool_hu_harm_nemotron_general_650.jsonl,none+ga4,350,6,175,175,350,0.75983,0.75537,0.8535,0.52273,0.96703,0.69605,0.76514,0.68902,0.97276,0.59454,13.3
pool_hu_harm_nemotron_general_650.jsonl,none+ga4,350,7,175,175,350,0.7576,0.75574,0.84877,0.5124,0.96124,0.70799,0.75465,0.68078,0.96902,0.61849,12.6
pool_hu_harm_deepseekv4pro_evaldescshape_650.jsonl,none+ga4,170,0,85,85,170,0.8089,0.78392,0.79206,0.6312,0.93584,0.87649,0.77736,0.6155,0.91492,0.82788,4.7
pool_hu_harm_deepseekv4pro_evaldescshape_650.jsonl,none+ga4,170,1,85,85,170,0.82726,0.81687,0.92628,0.55682,0.97193,0.85399,0.89295,0.63678,0.96097,0.77676,7.8
pool_hu_harm_deepseekv4pro_evaldescshape_650.jsonl,none+ga4,170,2,85,85,170,0.83321,0.81773,0.87524,0.6312,0.96001,0.86639,0.87262,0.62865,0.96191,0.80774,6.8
pool_hu_harm_deepseekv4pro_evaldescshape_650.jsonl,none+ga4,170,3,85,85,170,0.85328,0.82355,0.89887,0.62913,0.95355,0.93159,0.84635,0.64491,0.94336,0.85959,4.1
pool_hu_harm_deepseekv4pro_evaldescshape_650.jsonl,none+ga4,170,4,85,85,170,0.78538,0.76152,0.78639,0.57438,0.95522,0.82553,0.72729,0.63477,0.95579,0.72824,8.9
pool_hu_harm_deepseekv4pro_evaldescshape_650.jsonl,none+ga4,170,5,85,85,170,0.85043,0.82802,0.93195,0.58574,0.96391,0.92011,0.91339,0.60971,0.92735,0.86162,4.3
pool_hu_harm_deepseekv4pro_evaldescshape_650.jsonl,none+ga4,170,6,85,85,170,0.84194,0.82778,0.82987,0.63017,0.97293,0.9348,0.84148,0.64669,0.97819,0.84475,7.8
pool_hu_harm_deepseekv4pro_evaldescshape_650.jsonl,none+ga4,170,7,85,85,170,0.81985,0.81,0.7656,0.63017,0.94286,0.94077,0.80569,0.6546,0.91909,0.86063,4.3
pool_hu_harm_deepseekv4pro_general_650.jsonl,none+ga4,170,0,85,85,170,0.7614,0.75962,0.91871,0.50413,0.95288,0.66988,0.8471,0.63321,0.95774,0.60043,3.9
pool_hu_harm_deepseekv4pro_general_650.jsonl,none+ga4,170,1,85,85,170,0.78186,0.7908,0.96219,0.51343,0.94063,0.7112,0.88527,0.6487,0.9477,0.68154,4.9
pool_hu_harm_deepseekv4pro_general_650.jsonl,none+ga4,170,2,85,85,170,0.77832,0.78465,0.96125,0.5093,0.92604,0.71671,0.89263,0.63455,0.92574,0.6857,5.6
pool_hu_harm_deepseekv4pro_general_650.jsonl,none+ga4,170,3,85,85,170,0.71158,0.71554,0.90076,0.4814,0.92237,0.54178,0.80277,0.61695,0.93465,0.50781,3.8
pool_hu_harm_deepseekv4pro_general_650.jsonl,none+ga4,170,4,85,85,170,0.75943,0.76431,0.93384,0.49587,0.9354,0.67264,0.86138,0.62631,0.93471,0.63484,7.5
pool_hu_harm_deepseekv4pro_general_650.jsonl,none+ga4,170,5,85,85,170,0.77969,0.77321,0.94045,0.52169,0.9344,0.72222,0.863,0.63633,0.9334,0.66009,6.6
pool_hu_harm_deepseekv4pro_general_650.jsonl,none+ga4,170,6,85,85,170,0.7616,0.75828,0.94707,0.4907,0.91947,0.68916,0.855,0.61996,0.91819,0.63999,4.2
pool_hu_harm_deepseekv4pro_general_650.jsonl,none+ga4,170,7,85,85,170,0.76397,0.75404,0.9225,0.5124,0.92404,0.69697,0.84472,0.62664,0.92319,0.62162,4.0
pool_hu_harm_gptoss_evaldescshape_650.jsonl,none+ga4,170,0,85,85,170,0.77978,0.76598,0.84121,0.63636,0.95422,0.68733,0.79012,0.70205,0.95361,0.61813,8.8
pool_hu_harm_gptoss_evaldescshape_650.jsonl,none+ga4,170,1,85,85,170,0.79333,0.77046,0.82703,0.65909,0.94798,0.73921,0.7979,0.70907,0.90058,0.6743,6.7
pool_hu_harm_gptoss_evaldescshape_650.jsonl,none+ga4,170,2,85,85,170,0.78621,0.78369,0.85822,0.65289,0.96202,0.67172,0.83596,0.70873,0.95448,0.63557,8.8
pool_hu_harm_gptoss_evaldescshape_650.jsonl,none+ga4,170,3,85,85,170,0.82642,0.81488,0.90737,0.64153,0.95467,0.80211,0.85078,0.70506,0.9525,0.7512,8.2
pool_hu_harm_gptoss_evaldescshape_650.jsonl,none+ga4,170,4,85,85,170,0.77514,0.77528,0.86862,0.61364,0.96313,0.65519,0.79844,0.71297,0.96071,0.62901,8.6
pool_hu_harm_gptoss_evaldescshape_650.jsonl,none+ga4,170,5,85,85,170,0.75491,0.73347,0.77977,0.65496,0.93751,0.64738,0.75119,0.67454,0.91581,0.59236,4.4
pool_hu_harm_gptoss_evaldescshape_650.jsonl,none+ga4,170,6,85,85,170,0.76732,0.75112,0.75142,0.65393,0.95366,0.71028,0.74795,0.67031,0.93118,0.65504,8.4
pool_hu_harm_gptoss_evaldescshape_650.jsonl,none+ga4,170,7,85,85,170,0.79711,0.77942,0.88091,0.62397,0.95077,0.73278,0.81228,0.69904,0.94404,0.66233,8.5
pool_hu_harm_gptoss_general_650.jsonl,none+ga4,170,0,85,85,170,0.83339,0.82588,0.96219,0.56612,0.95678,0.84848,0.90625,0.66696,0.95006,0.78025,4.2
pool_hu_harm_gptoss_general_650.jsonl,none+ga4,170,1,85,85,170,0.82248,0.80906,0.95274,0.55785,0.95611,0.82323,0.88516,0.64937,0.95281,0.74891,7.0
pool_hu_harm_gptoss_general_650.jsonl,none+ga4,170,2,85,85,170,0.81466,0.8095,0.96503,0.55372,0.9511,0.7888,0.89846,0.66607,0.94704,0.72642,4.3
pool_hu_harm_gptoss_general_650.jsonl,none+ga4,170,3,85,85,170,0.7874,0.77827,0.89887,0.51136,0.9648,0.77456,0.83726,0.63979,0.9687,0.66733,4.1
pool_hu_harm_gptoss_general_650.jsonl,none+ga4,170,4,85,85,170,0.81514,0.8051,0.94329,0.57955,0.94297,0.79477,0.87738,0.682,0.93427,0.72673,4.0
pool_hu_harm_gptoss_general_650.jsonl,none+ga4,170,5,85,85,170,0.8203,0.81856,0.96408,0.56302,0.94464,0.80946,0.89879,0.6546,0.95004,0.77082,6.8
pool_hu_harm_gptoss_general_650.jsonl,none+ga4,170,6,85,85,170,0.79903,0.79598,0.95747,0.53926,0.93952,0.75987,0.89046,0.68467,0.92874,0.68003,4.1
pool_hu_harm_gptoss_general_650.jsonl,none+ga4,170,7,85,85,170,0.80982,0.80218,0.93384,0.56715,0.95043,0.78788,0.87413,0.66418,0.94852,0.72189,3.8
pool_hu_harm_llama70b_evaldescshape_650.jsonl,none+ga4,170,0,85,85,170,0.77307,0.77717,0.83554,0.55269,0.95611,0.74793,0.758,0.68044,0.96465,0.70559,10.1
pool_hu_harm_llama70b_evaldescshape_650.jsonl,none+ga4,170,1,85,85,170,0.69143,0.70686,0.65974,0.52686,0.95378,0.62534,0.64317,0.66429,0.96385,0.55612,8.3
pool_hu_harm_llama70b_evaldescshape_650.jsonl,none+ga4,170,2,85,85,170,0.68683,0.70334,0.66919,0.52686,0.95211,0.59917,0.6317,0.66329,0.96348,0.55487,8.1
pool_hu_harm_llama70b_evaldescshape_650.jsonl,none+ga4,170,3,85,85,170,0.76446,0.77252,0.85066,0.55888,0.95133,0.69697,0.78525,0.67532,0.96658,0.66295,8.7
pool_hu_harm_llama70b_evaldescshape_650.jsonl,none+ga4,170,4,85,85,170,0.75449,0.75554,0.84972,0.52479,0.93317,0.71028,0.76222,0.66919,0.94376,0.64697,8.4
pool_hu_harm_llama70b_evaldescshape_650.jsonl,none+ga4,170,5,85,85,170,0.80071,0.77865,0.91493,0.59194,0.95444,0.74151,0.81066,0.6624,0.966,0.67555,7.8
pool_hu_harm_llama70b_evaldescshape_650.jsonl,none+ga4,170,6,85,85,170,0.74864,0.74882,0.77316,0.55372,0.94821,0.71947,0.70134,0.66462,0.95932,0.66998,8.4
pool_hu_harm_llama70b_evaldescshape_650.jsonl,none+ga4,170,7,85,85,170,0.76093,0.75684,0.8724,0.51446,0.95255,0.70432,0.75822,0.67354,0.958,0.6376,8.8
pool_hu_harm_llama70b_full-ai_dilemmas_650.jsonl,none+ga4,170,0,85,85,170,0.8521,0.85756,0.98299,0.55475,0.93863,0.93205,0.94637,0.62943,0.947,0.90743,4.3
pool_hu_harm_llama70b_full-ai_dilemmas_650.jsonl,none+ga4,170,1,85,85,170,0.83872,0.85642,0.98488,0.4845,0.95344,0.93205,0.93663,0.64669,0.95219,0.89015,5.7
pool_hu_harm_llama70b_full-ai_dilemmas_650.jsonl,none+ga4,170,2,85,85,170,0.81709,0.84214,1.0,0.42872,0.93284,0.9068,0.9442,0.62553,0.93964,0.85917,4.4
pool_hu_harm_llama70b_full-ai_dilemmas_650.jsonl,none+ga4,170,3,85,85,170,0.86449,0.85918,0.98488,0.59504,0.94965,0.92837,0.94734,0.66262,0.93951,0.88723,4.2
pool_hu_harm_llama70b_full-ai_dilemmas_650.jsonl,none+ga4,170,4,85,85,170,0.84651,0.86925,0.98677,0.50413,0.96814,0.927,0.95869,0.65493,0.96021,0.90317,4.2
pool_hu_harm_llama70b_full-ai_dilemmas_650.jsonl,none+ga4,170,5,85,85,170,0.82763,0.85681,0.98866,0.45145,0.93194,0.93848,0.93501,0.63255,0.94386,0.91582,4.2
pool_hu_harm_llama70b_full-ai_dilemmas_650.jsonl,none+ga4,170,6,85,85,170,0.83912,0.85033,0.99055,0.51653,0.94397,0.90542,0.93501,0.63399,0.93976,0.89254,4.7
pool_hu_harm_llama70b_full-ai_dilemmas_650.jsonl,none+ga4,170,7,85,85,170,0.83676,0.84304,0.98677,0.49483,0.94899,0.91644,0.9375,0.62609,0.94371,0.86485,4.4
pool_hu_harm_llama70b_full-ant_hh_650.jsonl,none+ga4,170,0,85,85,170,0.71781,0.68259,0.62287,0.62707,0.92938,0.69192,0.57007,0.62041,0.92857,0.61131,8.7
pool_hu_harm_llama70b_full-ant_hh_650.jsonl,none+ga4,170,1,85,85,170,0.67676,0.67092,0.61626,0.57335,0.91735,0.60009,0.57191,0.62442,0.91312,0.57424,3.3
pool_hu_harm_llama70b_full-ant_hh_650.jsonl,none+ga4,170,2,85,85,170,0.73423,0.71166,0.71172,0.56095,0.93696,0.72727,0.64025,0.61996,0.93076,0.65566,8.6
pool_hu_harm_llama70b_full-ant_hh_650.jsonl,none+ga4,170,3,85,85,170,0.70907,0.70975,0.69187,0.55269,0.93239,0.65932,0.64511,0.62163,0.94339,0.62885,8.4
pool_hu_harm_llama70b_full-ant_hh_650.jsonl,none+ga4,170,4,85,85,170,0.67719,0.67212,0.63989,0.54752,0.94375,0.57759,0.58705,0.6301,0.93629,0.53504,5.6
pool_hu_harm_llama70b_full-ant_hh_650.jsonl,none+ga4,170,5,85,85,170,0.72107,0.68599,0.6569,0.59711,0.93607,0.69421,0.60002,0.61272,0.93534,0.5959,8.3
pool_hu_harm_llama70b_full-ant_hh_650.jsonl,none+ga4,170,6,85,85,170,0.69375,0.68125,0.64272,0.57851,0.93852,0.61524,0.58077,0.61974,0.92965,0.59486,6.9
pool_hu_harm_llama70b_full-ant_hh_650.jsonl,none+ga4,170,7,85,85,170,0.73095,0.70647,0.72117,0.56405,0.94988,0.68871,0.63311,0.63065,0.93682,0.62531,8.2
pool_hu_harm_llama70b_full-balanced_refusal_650.jsonl,none+ga4,170,0,85,85,170,0.62245,0.65697,0.62382,0.43492,0.96503,0.46602,0.58715,0.64235,0.96961,0.42878,7.4
pool_hu_harm_llama70b_full-balanced_refusal_650.jsonl,none+ga4,170,1,85,85,170,0.60361,0.66807,0.64745,0.375,0.96636,0.42562,0.60867,0.65783,0.97554,0.43024,7.7
pool_hu_harm_llama70b_full-balanced_refusal_650.jsonl,none+ga4,170,2,85,85,170,0.67211,0.68668,0.71267,0.45661,0.96959,0.54959,0.63927,0.62698,0.97828,0.50219,6.9
pool_hu_harm_llama70b_full-balanced_refusal_650.jsonl,none+ga4,170,3,85,85,170,0.63554,0.65426,0.64461,0.46281,0.96826,0.46648,0.59526,0.65237,0.9754,0.394,7.3
pool_hu_harm_llama70b_full-balanced_refusal_650.jsonl,none+ga4,170,4,85,85,170,0.67226,0.67358,0.75425,0.43802,0.97015,0.52663,0.63495,0.64168,0.97815,0.43956,7.3
pool_hu_harm_llama70b_full-balanced_refusal_650.jsonl,none+ga4,170,5,85,85,170,0.60581,0.63405,0.59546,0.42872,0.96335,0.43572,0.56337,0.63678,0.97044,0.36563,8.6
pool_hu_harm_llama70b_full-balanced_refusal_650.jsonl,none+ga4,170,6,85,85,170,0.63102,0.65944,0.65217,0.44938,0.96937,0.45317,0.59321,0.66997,0.97565,0.39895,8.4
pool_hu_harm_llama70b_full-balanced_refusal_650.jsonl,none+ga4,170,7,85,85,170,0.65178,0.67267,0.7051,0.45764,0.95723,0.48714,0.61505,0.65282,0.96999,0.45283,5.1
pool_hu_harm_llama70b_full-daily_dilemmas_650.jsonl,none+ga4,170,0,85,85,170,0.84819,0.84228,0.97732,0.54236,0.94197,0.93113,0.93988,0.58176,0.92536,0.92212,7.4
pool_hu_harm_llama70b_full-daily_dilemmas_650.jsonl,none+ga4,170,1,85,85,170,0.85375,0.83722,0.9811,0.58988,0.92025,0.92378,0.94183,0.57841,0.90741,0.92123,7.0
pool_hu_harm_llama70b_full-daily_dilemmas_650.jsonl,none+ga4,170,2,85,85,170,0.85293,0.84463,0.97164,0.56818,0.94353,0.92837,0.93577,0.59334,0.9241,0.92529,5.6
pool_hu_harm_llama70b_full-daily_dilemmas_650.jsonl,none+ga4,170,3,85,85,170,0.85307,0.83791,0.96125,0.58678,0.93863,0.92562,0.92344,0.5822,0.92695,0.91904,10.0
pool_hu_harm_llama70b_full-daily_dilemmas_650.jsonl,none+ga4,170,4,85,85,170,0.85241,0.85054,0.98299,0.58781,0.93985,0.89899,0.9455,0.60136,0.93116,0.92415,4.9
pool_hu_harm_llama70b_full-daily_dilemmas_650.jsonl,none+ga4,170,5,85,85,170,0.82084,0.84329,0.9603,0.45661,0.94175,0.9247,0.93631,0.56861,0.9451,0.92316,6.4
pool_hu_harm_llama70b_full-daily_dilemmas_650.jsonl,none+ga4,170,6,85,85,170,0.85029,0.83491,0.96975,0.57335,0.93105,0.927,0.94226,0.56494,0.92231,0.91014,7.4
pool_hu_harm_llama70b_full-daily_dilemmas_650.jsonl,none+ga4,170,7,85,85,170,0.83121,0.84997,0.96408,0.47004,0.96235,0.92837,0.92215,0.61183,0.9439,0.92201,4.8
pool_hu_harm_llama70b_general_650.jsonl,none+ga4,170,0,85,85,170,0.70992,0.72962,0.69376,0.55269,0.93529,0.65794,0.70285,0.66429,0.9391,0.61224,4.1
pool_hu_harm_llama70b_general_650.jsonl,none+ga4,170,1,85,85,170,0.69957,0.69828,0.6087,0.64979,0.90388,0.6359,0.62868,0.66641,0.91769,0.58033,3.9
pool_hu_harm_llama70b_general_650.jsonl,none+ga4,170,2,85,85,170,0.73579,0.74138,0.7344,0.56405,0.94821,0.69651,0.74524,0.64914,0.9466,0.62453,3.9
pool_hu_harm_llama70b_general_650.jsonl,none+ga4,170,3,85,85,170,0.73583,0.73223,0.72023,0.60021,0.94108,0.68182,0.71561,0.66496,0.93906,0.60928,6.7
pool_hu_harm_llama70b_general_650.jsonl,none+ga4,170,4,85,85,170,0.69091,0.70116,0.65501,0.55785,0.91992,0.63085,0.65149,0.65003,0.92527,0.57783,7.7
pool_hu_harm_llama70b_general_650.jsonl,none+ga4,170,5,85,85,170,0.71943,0.72286,0.70321,0.57231,0.94654,0.65565,0.6981,0.64925,0.94988,0.59423,5.6
pool_hu_harm_llama70b_general_650.jsonl,none+ga4,170,6,85,85,170,0.73812,0.73932,0.70983,0.57748,0.94754,0.71763,0.70588,0.6526,0.95042,0.64838,8.3
pool_hu_harm_llama70b_general_650.jsonl,none+ga4,170,7,85,85,170,0.71744,0.71499,0.67202,0.64256,0.92938,0.6258,0.67333,0.66006,0.93074,0.59585,4.3
pool_hu_harm_llama70b_minimal-ai_dilemmas_650.jsonl,none+ga4,170,0,85,85,170,0.66692,0.66226,0.56333,0.61467,0.87124,0.61846,0.55839,0.67665,0.90209,0.51192,7.2
pool_hu_harm_llama70b_minimal-ai_dilemmas_650.jsonl,none+ga4,170,1,85,85,170,0.63954,0.65574,0.5482,0.57851,0.86166,0.56979,0.54012,0.68222,0.89321,0.50739,4.0
pool_hu_harm_llama70b_minimal-ai_dilemmas_650.jsonl,none+ga4,170,2,85,85,170,0.69234,0.69633,0.62193,0.6374,0.89296,0.61708,0.60748,0.71196,0.9136,0.55227,8.5
pool_hu_harm_llama70b_minimal-ai_dilemmas_650.jsonl,none+ga4,170,3,85,85,170,0.63083,0.65367,0.5586,0.56508,0.85097,0.54867,0.54671,0.69381,0.8801,0.49406,4.1
pool_hu_harm_llama70b_minimal-ai_dilemmas_650.jsonl,none+ga4,170,4,85,85,170,0.66523,0.66053,0.58696,0.61777,0.8258,0.63039,0.56445,0.70606,0.84401,0.52759,4.2
pool_hu_harm_llama70b_minimal-ai_dilemmas_650.jsonl,none+ga4,170,5,85,85,170,0.63272,0.64294,0.52457,0.61157,0.82401,0.57071,0.53125,0.67632,0.86235,0.50182,4.0
pool_hu_harm_llama70b_minimal-ai_dilemmas_650.jsonl,none+ga4,170,6,85,85,170,0.67877,0.68113,0.59641,0.61054,0.86077,0.64738,0.5785,0.69681,0.89837,0.55081,6.6
pool_hu_harm_llama70b_minimal-ai_dilemmas_650.jsonl,none+ga4,170,7,85,85,170,0.63978,0.65047,0.54348,0.56302,0.87458,0.57805,0.53374,0.66184,0.90819,0.49813,4.3
pool_hu_harm_llama70b_minimal-ant_hh_650.jsonl,none+ga4,170,0,85,85,170,0.83366,0.80434,0.97826,0.55579,0.97505,0.82553,0.88895,0.59145,0.97079,0.76619,8.9
pool_hu_harm_llama70b_minimal-ant_hh_650.jsonl,none+ga4,170,1,85,85,170,0.80323,0.77894,0.95463,0.54132,0.97271,0.74426,0.85554,0.57997,0.9693,0.71095,7.8
pool_hu_harm_llama70b_minimal-ant_hh_650.jsonl,none+ga4,170,2,85,85,170,0.81802,0.78817,0.95369,0.59504,0.97082,0.75253,0.86494,0.5988,0.95981,0.72912,5.5
pool_hu_harm_llama70b_minimal-ant_hh_650.jsonl,none+ga4,170,3,85,85,170,0.80247,0.77613,0.94045,0.56405,0.96937,0.736,0.83651,0.58521,0.9654,0.71741,9.0
pool_hu_harm_llama70b_minimal-ant_hh_650.jsonl,none+ga4,170,4,85,85,170,0.83346,0.80907,0.97164,0.56921,0.97572,0.81726,0.88322,0.60693,0.971,0.77515,8.4
pool_hu_harm_llama70b_minimal-ant_hh_650.jsonl,none+ga4,170,5,85,85,170,0.80238,0.7759,0.9518,0.54649,0.96837,0.74288,0.84526,0.58198,0.96526,0.71111,5.3
pool_hu_harm_llama70b_minimal-ant_hh_650.jsonl,none+ga4,170,6,85,85,170,0.80536,0.7869,0.93667,0.56095,0.96993,0.7539,0.85456,0.60392,0.96755,0.72157,6.3
pool_hu_harm_llama70b_minimal-ant_hh_650.jsonl,none+ga4,170,7,85,85,170,0.7871,0.77446,0.91871,0.53719,0.96937,0.72314,0.80666,0.61261,0.96319,0.71538,7.7
pool_hu_harm_llama70b_minimal-balanced_refusal_650.jsonl,none+ga4,170,0,85,85,170,0.82114,0.7894,0.97732,0.55372,0.97483,0.7787,0.85467,0.58432,0.97085,0.74776,9.2
pool_hu_harm_llama70b_minimal-balanced_refusal_650.jsonl,none+ga4,170,1,85,85,170,0.83494,0.81256,0.97921,0.53202,0.97639,0.85216,0.88538,0.60292,0.97489,0.78707,8.8
pool_hu_harm_llama70b_minimal-balanced_refusal_650.jsonl,none+ga4,170,2,85,85,170,0.80737,0.78298,0.91115,0.56612,0.97583,0.7764,0.82375,0.61651,0.97135,0.72032,8.8
pool_hu_harm_llama70b_minimal-balanced_refusal_650.jsonl,none+ga4,170,3,85,85,170,0.80031,0.7724,0.94802,0.54752,0.97382,0.73186,0.83337,0.58955,0.97025,0.69643,6.0
pool_hu_harm_llama70b_minimal-balanced_refusal_650.jsonl,none+ga4,170,4,85,85,170,0.80228,0.77671,0.96786,0.55579,0.97427,0.7112,0.82331,0.58744,0.96961,0.72647,9.6
pool_hu_harm_llama70b_minimal-balanced_refusal_650.jsonl,none+ga4,170,5,85,85,170,0.8302,0.8003,0.95558,0.59091,0.97494,0.79936,0.85651,0.63344,0.974,0.73724,4.7
pool_hu_harm_llama70b_minimal-balanced_refusal_650.jsonl,none+ga4,170,6,85,85,170,0.83081,0.80522,0.95558,0.57955,0.97772,0.81038,0.85002,0.62163,0.9711,0.77811,6.0
pool_hu_harm_llama70b_minimal-balanced_refusal_650.jsonl,none+ga4,170,7,85,85,170,0.8121,0.79005,0.92817,0.59194,0.97394,0.75436,0.82342,0.63901,0.96886,0.72892,7.0
pool_hu_harm_llama70b_minimal-daily_dilemmas_650.jsonl,none+ga4,170,0,85,85,170,0.83057,0.84734,0.96597,0.52996,0.96592,0.86042,0.93945,0.67788,0.97728,0.79477,8.5
pool_hu_harm_llama70b_minimal-daily_dilemmas_650.jsonl,none+ga4,170,1,85,85,170,0.85943,0.8835,0.97826,0.53719,0.97828,0.94399,0.95999,0.68679,0.98591,0.90129,8.8
pool_hu_harm_llama70b_minimal-daily_dilemmas_650.jsonl,none+ga4,170,2,85,85,170,0.83481,0.85058,0.97164,0.55579,0.96469,0.84711,0.94561,0.69002,0.97191,0.79477,8.3
pool_hu_harm_llama70b_minimal-daily_dilemmas_650.jsonl,none+ga4,170,3,85,85,170,0.82874,0.83947,0.95085,0.50413,0.96926,0.89073,0.91901,0.65984,0.96306,0.81596,7.5
pool_hu_harm_llama70b_minimal-daily_dilemmas_650.jsonl,none+ga4,170,4,85,85,170,0.85766,0.85199,0.96975,0.58058,0.96569,0.9146,0.92593,0.67654,0.97621,0.82929,7.9
pool_hu_harm_llama70b_minimal-daily_dilemmas_650.jsonl,none+ga4,170,5,85,85,170,0.86481,0.87561,0.98015,0.57128,0.97394,0.93388,0.96334,0.67498,0.97556,0.88854,7.1
pool_hu_harm_llama70b_minimal-daily_dilemmas_650.jsonl,none+ga4,170,6,85,85,170,0.79569,0.81463,0.95463,0.49483,0.95277,0.78053,0.93317,0.6654,0.96881,0.69112,7.3
pool_hu_harm_llama70b_minimal-daily_dilemmas_650.jsonl,none+ga4,170,7,85,85,170,0.85114,0.86468,0.98866,0.53512,0.96157,0.91919,0.94085,0.6928,0.96361,0.86146,4.1
pool_hu_harm_nemotron_evaldescshape_650.jsonl,none+ga4,170,0,85,85,170,0.73966,0.74031,0.70983,0.53099,0.93729,0.78053,0.6675,0.67365,0.95622,0.66389,6.4
pool_hu_harm_nemotron_evaldescshape_650.jsonl,none+ga4,170,1,85,85,170,0.78037,0.77691,0.79206,0.54236,0.94364,0.84343,0.75119,0.66518,0.9498,0.74146,7.7
pool_hu_harm_nemotron_evaldescshape_650.jsonl,none+ga4,170,2,85,85,170,0.85295,0.84068,0.89509,0.62087,0.94086,0.955,0.8923,0.65616,0.94198,0.87229,5.2
pool_hu_harm_nemotron_evaldescshape_650.jsonl,none+ga4,170,3,85,85,170,0.79933,0.81421,0.8828,0.4969,0.92092,0.89669,0.86138,0.66774,0.92384,0.80388,5.7
pool_hu_harm_nemotron_evaldescshape_650.jsonl,none+ga4,170,4,85,85,170,0.82086,0.82335,0.91588,0.52169,0.95467,0.89118,0.8471,0.67376,0.96632,0.80623,9.0
pool_hu_harm_nemotron_evaldescshape_650.jsonl,none+ga4,170,5,85,85,170,0.71823,0.74738,0.73062,0.44525,0.93763,0.75941,0.69853,0.67509,0.94733,0.66858,4.1
pool_hu_harm_nemotron_evaldescshape_650.jsonl,none+ga4,170,6,85,85,170,0.75012,0.76274,0.74386,0.52376,0.9413,0.79155,0.7341,0.68846,0.95532,0.67305,9.5
pool_hu_harm_nemotron_evaldescshape_650.jsonl,none+ga4,170,7,85,85,170,0.70723,0.74824,0.71456,0.45558,0.92782,0.73095,0.73486,0.67443,0.9477,0.63599,9.9
pool_hu_harm_nemotron_general_650.jsonl,none+ga4,170,0,85,85,170,0.74583,0.74139,0.84026,0.50413,0.95389,0.68503,0.7407,0.68501,0.96431,0.57554,9.9
pool_hu_harm_nemotron_general_650.jsonl,none+ga4,170,1,85,85,170,0.72598,0.7254,0.77505,0.52479,0.95901,0.64509,0.69496,0.67755,0.96678,0.56232,7.6
pool_hu_harm_nemotron_general_650.jsonl,none+ga4,170,2,85,85,170,0.76241,0.75692,0.87524,0.54132,0.95355,0.67952,0.77379,0.68289,0.96585,0.60516,8.1
pool_hu_harm_nemotron_general_650.jsonl,none+ga4,170,3,85,85,170,0.73449,0.72824,0.78072,0.53306,0.95155,0.67264,0.70242,0.67253,0.96695,0.57106,7.6
pool_hu_harm_nemotron_general_650.jsonl,none+ga4,170,4,85,85,170,0.71706,0.73014,0.72401,0.49897,0.95701,0.68825,0.67928,0.66607,0.9689,0.60631,8.0
pool_hu_harm_nemotron_general_650.jsonl,none+ga4,170,5,85,85,170,0.73681,0.74308,0.84783,0.49897,0.95121,0.64922,0.77141,0.68256,0.96237,0.55597,9.4
pool_hu_harm_nemotron_general_650.jsonl,none+ga4,170,6,85,85,170,0.74789,0.74812,0.83365,0.52273,0.93685,0.69835,0.76092,0.68423,0.95095,0.59637,8.4
pool_hu_harm_nemotron_general_650.jsonl,none+ga4,170,7,85,85,170,0.73466,0.72538,0.78733,0.52686,0.94631,0.67815,0.7101,0.683,0.96165,0.54675,8.4
pool_hu_harm_deepseekv4pro_evaldescshape_650.jsonl,none+ga4,110,0,55,55,110,0.83387,0.82248,0.85728,0.6095,0.96146,0.90725,0.83986,0.66184,0.94835,0.83986,5.4
pool_hu_harm_deepseekv4pro_evaldescshape_650.jsonl,none+ga4,110,1,55,55,110,0.83819,0.82388,0.86578,0.61467,0.95311,0.91919,0.87089,0.60994,0.96285,0.85183,7.3
pool_hu_harm_deepseekv4pro_evaldescshape_650.jsonl,none+ga4,110,2,55,55,110,0.80129,0.76649,0.68904,0.69525,0.93384,0.88705,0.68782,0.65337,0.93524,0.78951,7.5
pool_hu_harm_deepseekv4pro_evaldescshape_650.jsonl,none+ga4,110,3,55,55,110,0.86489,0.82452,0.89036,0.63223,0.97828,0.95868,0.86484,0.61317,0.95405,0.86605,7.1
pool_hu_harm_deepseekv4pro_evaldescshape_650.jsonl,none+ga4,110,4,55,55,110,0.78161,0.75626,0.69943,0.6157,0.93573,0.87557,0.6941,0.6282,0.94979,0.75297,7.4
pool_hu_harm_deepseekv4pro_evaldescshape_650.jsonl,none+ga4,110,5,55,55,110,0.68515,0.68034,0.61437,0.62603,0.90009,0.60009,0.60954,0.63043,0.92502,0.55638,3.9
pool_hu_harm_deepseekv4pro_evaldescshape_650.jsonl,none+ga4,110,6,55,55,110,0.61857,0.64518,0.55293,0.5124,0.88049,0.52847,0.5505,0.59122,0.90584,0.53316,4.1
pool_hu_harm_deepseekv4pro_evaldescshape_650.jsonl,none+ga4,110,7,55,55,110,0.83463,0.81114,0.84594,0.61674,0.96491,0.91093,0.8178,0.62352,0.94719,0.85605,4.2
pool_hu_harm_deepseekv4pro_general_650.jsonl,none+ga4,110,0,55,55,110,0.7739,0.78044,0.9225,0.51963,0.94319,0.71028,0.85305,0.66407,0.94491,0.65973,7.3
pool_hu_harm_deepseekv4pro_general_650.jsonl,none+ga4,110,1,55,55,110,0.7768,0.78672,0.93384,0.47831,0.94988,0.74518,0.8591,0.61417,0.95767,0.71595,4.0
pool_hu_harm_deepseekv4pro_general_650.jsonl,none+ga4,110,2,55,55,110,0.7347,0.7341,0.89887,0.42045,0.93996,0.67952,0.78785,0.61395,0.94569,0.58892,3.9
pool_hu_harm_deepseekv4pro_general_650.jsonl,none+ga4,110,3,55,55,110,0.74316,0.75646,0.92344,0.4876,0.9188,0.64279,0.87165,0.66919,0.91051,0.5745,6.7
pool_hu_harm_deepseekv4pro_general_650.jsonl,none+ga4,110,4,55,55,110,0.75716,0.75431,0.95369,0.51653,0.91791,0.6405,0.85737,0.63411,0.9098,0.61594,3.4
pool_hu_harm_deepseekv4pro_general_650.jsonl,none+ga4,110,5,55,55,110,0.71719,0.73262,0.88563,0.45661,0.90577,0.62075,0.82591,0.6419,0.90443,0.55826,3.7
pool_hu_harm_deepseekv4pro_general_650.jsonl,none+ga4,110,6,55,55,110,0.76788,0.76571,0.9603,0.5062,0.92827,0.67677,0.88765,0.61517,0.92745,0.63255,7.0
pool_hu_harm_deepseekv4pro_general_650.jsonl,none+ga4,110,7,55,55,110,0.74923,0.74356,0.86389,0.47521,0.94386,0.71396,0.78558,0.638,0.93801,0.61266,4.6
pool_hu_harm_gptoss_evaldescshape_650.jsonl,none+ga4,110,0,55,55,110,0.77144,0.76745,0.81947,0.62707,0.95099,0.68825,0.76644,0.71252,0.94316,0.6477,7.4
pool_hu_harm_gptoss_evaldescshape_650.jsonl,none+ga4,110,1,55,55,110,0.82074,0.81433,0.87429,0.63533,0.9579,0.81543,0.84548,0.70483,0.96152,0.74547,7.7
pool_hu_harm_gptoss_evaldescshape_650.jsonl,none+ga4,110,2,55,55,110,0.78319,0.77082,0.8242,0.65289,0.95823,0.69743,0.8045,0.69024,0.94655,0.64197,7.6
pool_hu_harm_gptoss_evaldescshape_650.jsonl,none+ga4,110,3,55,55,110,0.7151,0.71663,0.67391,0.64669,0.92961,0.61019,0.64738,0.71575,0.93041,0.57299,7.7
pool_hu_harm_gptoss_evaldescshape_650.jsonl,none+ga4,110,4,55,55,110,0.72999,0.74643,0.74669,0.6188,0.94197,0.61249,0.72848,0.73023,0.93224,0.59475,7.8
pool_hu_harm_gptoss_evaldescshape_650.jsonl,none+ga4,110,5,55,55,110,0.74288,0.7279,0.74669,0.64463,0.94843,0.63177,0.7194,0.68768,0.91864,0.5859,8.0
pool_hu_harm_gptoss_evaldescshape_650.jsonl,none+ga4,110,6,55,55,110,0.77227,0.76746,0.81758,0.64256,0.96135,0.66758,0.80428,0.68512,0.9465,0.63395,7.8
pool_hu_harm_gptoss_evaldescshape_650.jsonl,none+ga4,110,7,55,55,110,0.78073,0.75431,0.81002,0.67045,0.93952,0.70294,0.73108,0.6957,0.93447,0.65598,8.0
pool_hu_harm_gptoss_general_650.jsonl,none+ga4,110,0,55,55,110,0.81424,0.80027,0.93478,0.53512,0.95188,0.83517,0.84883,0.6761,0.95598,0.72017,4.4
pool_hu_harm_gptoss_general_650.jsonl,none+ga4,110,1,55,55,110,0.81271,0.80216,0.93384,0.55579,0.95634,0.80487,0.86743,0.66808,0.9566,0.71652,4.3
pool_hu_harm_gptoss_general_650.jsonl,none+ga4,110,2,55,55,110,0.81426,0.80729,0.9707,0.54649,0.94876,0.79109,0.91306,0.67342,0.93411,0.70856,4.2
pool_hu_harm_gptoss_general_650.jsonl,none+ga4,110,3,55,55,110,0.79693,0.78038,0.92439,0.57748,0.96224,0.7236,0.86138,0.66206,0.9507,0.64739,4.4
pool_hu_harm_gptoss_general_650.jsonl,none+ga4,110,4,55,55,110,0.79527,0.79664,0.94802,0.55992,0.95645,0.71671,0.89922,0.67331,0.95154,0.66248,4.0
pool_hu_harm_gptoss_general_650.jsonl,none+ga4,110,5,55,55,110,0.77841,0.76826,0.92722,0.51653,0.96558,0.70432,0.84061,0.65705,0.96749,0.60787,4.6
pool_hu_harm_gptoss_general_650.jsonl,none+ga4,110,6,55,55,110,0.83152,0.81359,0.9603,0.59607,0.93406,0.83563,0.89338,0.68256,0.93059,0.74781,4.1
pool_hu_harm_gptoss_general_650.jsonl,none+ga4,110,7,55,55,110,0.82548,0.80827,0.9603,0.60331,0.93484,0.80349,0.88365,0.68802,0.92474,0.73667,3.9
pool_hu_harm_llama70b_evaldescshape_650.jsonl,none+ga4,110,0,55,55,110,0.72137,0.7392,0.72212,0.56715,0.95066,0.64555,0.7141,0.69392,0.96094,0.58783,6.9
pool_hu_harm_llama70b_evaldescshape_650.jsonl,none+ga4,110,1,55,55,110,0.71547,0.72917,0.73629,0.52479,0.93963,0.66116,0.68069,0.67643,0.95754,0.60204,7.2
pool_hu_harm_llama70b_evaldescshape_650.jsonl,none+ga4,110,2,55,55,110,0.75879,0.75267,0.81758,0.54132,0.94531,0.73095,0.70469,0.64302,0.95776,0.70523,3.6
pool_hu_harm_llama70b_evaldescshape_650.jsonl,none+ga4,110,3,55,55,110,0.76991,0.7523,0.87807,0.52789,0.95055,0.72314,0.72859,0.64324,0.9596,0.67779,5.8
pool_hu_harm_llama70b_evaldescshape_650.jsonl,none+ga4,110,4,55,55,110,0.74912,0.75366,0.82987,0.52273,0.95333,0.69054,0.75022,0.67287,0.96816,0.62339,7.7
pool_hu_harm_llama70b_evaldescshape_650.jsonl,none+ga4,110,5,55,55,110,0.75048,0.75987,0.7155,0.60537,0.9648,0.71625,0.72383,0.67031,0.9686,0.67675,7.4
pool_hu_harm_llama70b_evaldescshape_650.jsonl,none+ga4,110,6,55,55,110,0.72665,0.73294,0.82042,0.51343,0.92949,0.64325,0.74221,0.64736,0.93963,0.60256,3.7
pool_hu_harm_llama70b_evaldescshape_650.jsonl,none+ga4,110,7,55,55,110,0.75103,0.76358,0.85539,0.5093,0.94475,0.69467,0.77368,0.67131,0.95892,0.65041,7.1
pool_hu_harm_llama70b_full-ai_dilemmas_650.jsonl,none+ga4,110,0,55,55,110,0.80724,0.82375,0.99244,0.43182,0.93328,0.87144,0.93534,0.57262,0.94042,0.84663,3.8
pool_hu_harm_llama70b_full-ai_dilemmas_650.jsonl,none+ga4,110,1,55,55,110,0.83578,0.86058,0.97826,0.48554,0.9491,0.93021,0.94139,0.66518,0.9467,0.88906,4.6
pool_hu_harm_llama70b_full-ai_dilemmas_650.jsonl,none+ga4,110,2,55,55,110,0.82567,0.83521,0.98866,0.46384,0.94888,0.90129,0.93263,0.60425,0.95908,0.84486,5.0
pool_hu_harm_llama70b_full-ai_dilemmas_650.jsonl,none+ga4,110,3,55,55,110,0.83086,0.84898,0.99433,0.44215,0.96135,0.92562,0.94258,0.65961,0.9494,0.84434,4.2
pool_hu_harm_llama70b_full-ai_dilemmas_650.jsonl,none+ga4,110,4,55,55,110,0.85829,0.85337,0.99433,0.58781,0.93139,0.91965,0.94831,0.64981,0.91791,0.89744,4.1
pool_hu_harm_llama70b_full-ai_dilemmas_650.jsonl,none+ga4,110,5,55,55,110,0.79149,0.84726,0.96975,0.38843,0.9276,0.88017,0.93588,0.64591,0.94632,0.86094,5.0
pool_hu_harm_llama70b_full-ai_dilemmas_650.jsonl,none+ga4,110,6,55,55,110,0.85388,0.85298,0.99622,0.57438,0.93584,0.90909,0.94907,0.64547,0.93635,0.88104,4.2
pool_hu_harm_llama70b_full-ai_dilemmas_650.jsonl,none+ga4,110,7,55,55,110,0.82553,0.8582,0.97353,0.44628,0.93785,0.94444,0.95145,0.64691,0.9487,0.88572,5.4
pool_hu_harm_llama70b_full-ant_hh_650.jsonl,none+ga4,110,0,55,55,110,0.70075,0.68846,0.63327,0.61157,0.91535,0.64279,0.59872,0.62007,0.92817,0.60688,7.0
pool_hu_harm_llama70b_full-ant_hh_650.jsonl,none+ga4,110,1,55,55,110,0.67534,0.66069,0.60302,0.6064,0.87391,0.618,0.55125,0.63901,0.88034,0.57216,2.9
pool_hu_harm_llama70b_full-ant_hh_650.jsonl,none+ga4,110,2,55,55,110,0.71682,0.68679,0.68809,0.54855,0.90978,0.72084,0.60413,0.6037,0.91804,0.6213,6.8
pool_hu_harm_llama70b_full-ant_hh_650.jsonl,none+ga4,110,3,55,55,110,0.66995,0.66748,0.60964,0.57231,0.90555,0.59229,0.56228,0.61072,0.9068,0.59012,2.9
pool_hu_harm_llama70b_full-ant_hh_650.jsonl,none+ga4,110,4,55,55,110,0.66671,0.66331,0.59735,0.55269,0.89742,0.61938,0.55482,0.61528,0.90006,0.58309,2.9
pool_hu_harm_llama70b_full-ant_hh_650.jsonl,none+ga4,110,5,55,55,110,0.70734,0.70395,0.67013,0.51446,0.93952,0.70523,0.64728,0.59378,0.94169,0.63307,6.9
pool_hu_harm_llama70b_full-ant_hh_650.jsonl,none+ga4,110,6,55,55,110,0.67792,0.66925,0.5983,0.56612,0.91045,0.63682,0.56142,0.59568,0.9176,0.6023,2.8
pool_hu_harm_llama70b_full-ant_hh_650.jsonl,none+ga4,110,7,55,55,110,0.66357,0.65558,0.59924,0.59607,0.89652,0.56244,0.5559,0.60481,0.88236,0.57924,3.3
pool_hu_harm_llama70b_full-balanced_refusal_650.jsonl,none+ga4,110,0,55,55,110,0.66142,0.66971,0.73629,0.40393,0.97193,0.53352,0.6396,0.65092,0.97988,0.40842,7.0
pool_hu_harm_llama70b_full-balanced_refusal_650.jsonl,none+ga4,110,1,55,55,110,0.57887,0.63442,0.55766,0.38946,0.95745,0.41093,0.5466,0.63611,0.97022,0.38474,6.8
pool_hu_harm_llama70b_full-balanced_refusal_650.jsonl,none+ga4,110,2,55,55,110,0.61621,0.63849,0.62571,0.42459,0.96413,0.45041,0.57558,0.62798,0.97003,0.38036,4.7
pool_hu_harm_llama70b_full-balanced_refusal_650.jsonl,none+ga4,110,3,55,55,110,0.61185,0.65001,0.60019,0.46384,0.96647,0.4169,0.56304,0.66362,0.9712,0.40218,6.5
pool_hu_harm_llama70b_full-balanced_refusal_650.jsonl,none+ga4,110,4,55,55,110,0.65794,0.66936,0.65974,0.48244,0.96569,0.52388,0.5958,0.67387,0.9756,0.43216,5.8
pool_hu_harm_llama70b_full-balanced_refusal_650.jsonl,none+ga4,110,5,55,55,110,0.6169,0.65743,0.57656,0.4876,0.96681,0.43664,0.56834,0.67487,0.97418,0.41233,6.6
pool_hu_harm_llama70b_full-balanced_refusal_650.jsonl,none+ga4,110,6,55,55,110,0.67499,0.67276,0.7344,0.47727,0.97082,0.51745,0.64911,0.62074,0.97705,0.44414,4.8
pool_hu_harm_llama70b_full-balanced_refusal_650.jsonl,none+ga4,110,7,55,55,110,0.60392,0.6371,0.62949,0.42149,0.96157,0.40312,0.5758,0.64948,0.97445,0.34866,6.7
pool_hu_harm_llama70b_full-daily_dilemmas_650.jsonl,none+ga4,110,0,55,55,110,0.8356,0.85149,0.96408,0.51136,0.94041,0.92654,0.92561,0.61027,0.94015,0.92993,7.5
pool_hu_harm_llama70b_full-daily_dilemmas_650.jsonl,none+ga4,110,1,55,55,110,0.83978,0.84389,0.96503,0.50413,0.96525,0.9247,0.92398,0.58343,0.9429,0.92524,7.5
pool_hu_harm_llama70b_full-daily_dilemmas_650.jsonl,none+ga4,110,2,55,55,110,0.78838,0.80144,0.95936,0.41012,0.97594,0.80808,0.89263,0.57073,0.98,0.76239,7.6
pool_hu_harm_llama70b_full-daily_dilemmas_650.jsonl,none+ga4,110,3,55,55,110,0.84513,0.85328,0.99244,0.53202,0.94331,0.91276,0.95221,0.6174,0.93401,0.90952,5.9
pool_hu_harm_llama70b_full-daily_dilemmas_650.jsonl,none+ga4,110,4,55,55,110,0.83043,0.83664,0.97732,0.46074,0.95712,0.92654,0.92734,0.55402,0.94584,0.91936,5.5
pool_hu_harm_llama70b_full-daily_dilemmas_650.jsonl,none+ga4,110,5,55,55,110,0.8564,0.84176,0.96786,0.56095,0.93996,0.95684,0.92182,0.58799,0.92654,0.93071,6.1
pool_hu_harm_llama70b_full-daily_dilemmas_650.jsonl,none+ga4,110,6,55,55,110,0.83214,0.8459,0.96503,0.48967,0.93952,0.93434,0.92636,0.59501,0.9384,0.92383,7.4
pool_hu_harm_llama70b_full-daily_dilemmas_650.jsonl,none+ga4,110,7,55,55,110,0.83556,0.84954,0.96408,0.49277,0.95656,0.92883,0.94237,0.59779,0.94402,0.91399,7.5
pool_hu_harm_llama70b_general_650.jsonl,none+ga4,110,0,55,55,110,0.70797,0.70253,0.65501,0.625,0.91368,0.6382,0.64619,0.65449,0.92373,0.58569,4.4
pool_hu_harm_llama70b_general_650.jsonl,none+ga4,110,1,55,55,110,0.72443,0.71221,0.65217,0.68182,0.89385,0.66988,0.65084,0.68957,0.90726,0.60116,4.4
pool_hu_harm_llama70b_general_650.jsonl,none+ga4,110,2,55,55,110,0.72177,0.71125,0.67391,0.59711,0.9393,0.67677,0.65939,0.65204,0.94061,0.59298,7.0
pool_hu_harm_llama70b_general_650.jsonl,none+ga4,110,3,55,55,110,0.6772,0.691,0.62949,0.57128,0.91022,0.5978,0.63235,0.66752,0.9209,0.54321,4.2
pool_hu_harm_llama70b_general_650.jsonl,none+ga4,110,4,55,55,110,0.74257,0.7383,0.7344,0.58058,0.93584,0.71947,0.7407,0.65661,0.92935,0.62656,6.2
pool_hu_harm_llama70b_general_650.jsonl,none+ga4,110,5,55,55,110,0.70947,0.70618,0.64461,0.6281,0.92237,0.64279,0.6529,0.65583,0.92905,0.58694,4.1
pool_hu_harm_llama70b_general_650.jsonl,none+ga4,110,6,55,55,110,0.70182,0.70301,0.64839,0.58471,0.93506,0.63912,0.64922,0.6458,0.93399,0.58304,7.3
pool_hu_harm_llama70b_general_650.jsonl,none+ga4,110,7,55,55,110,0.68582,0.69583,0.63705,0.6157,0.90833,0.58219,0.64295,0.66919,0.92105,0.55014,5.6
pool_hu_harm_llama70b_minimal-ai_dilemmas_650.jsonl,none+ga4,110,0,55,55,110,0.65415,0.66141,0.57183,0.63223,0.82669,0.58586,0.55147,0.69403,0.87228,0.52785,4.6
pool_hu_harm_llama70b_minimal-ai_dilemmas_650.jsonl,none+ga4,110,1,55,55,110,0.61912,0.64965,0.52174,0.56818,0.81354,0.573,0.52887,0.70049,0.85361,0.51562,3.4
pool_hu_harm_llama70b_minimal-ai_dilemmas_650.jsonl,none+ga4,110,2,55,55,110,0.64821,0.65039,0.53686,0.59504,0.89162,0.56933,0.5399,0.66117,0.91076,0.48974,7.7
pool_hu_harm_llama70b_minimal-ai_dilemmas_650.jsonl,none+ga4,110,3,55,55,110,0.65276,0.64802,0.54442,0.63843,0.87859,0.54959,0.52444,0.66373,0.90021,0.5037,4.9
pool_hu_harm_llama70b_minimal-ai_dilemmas_650.jsonl,none+ga4,110,4,55,55,110,0.65875,0.66371,0.60019,0.56921,0.84807,0.61754,0.57245,0.67209,0.87304,0.53728,4.3
pool_hu_harm_llama70b_minimal-ai_dilemmas_650.jsonl,none+ga4,110,5,55,55,110,0.63101,0.63978,0.52174,0.59194,0.86489,0.54545,0.53168,0.68267,0.88726,0.45752,4.1
pool_hu_harm_llama70b_minimal-ai_dilemmas_650.jsonl,none+ga4,110,6,55,55,110,0.63982,0.65122,0.52268,0.6064,0.87648,0.55372,0.53276,0.67955,0.89685,0.49573,3.9
pool_hu_harm_llama70b_minimal-ai_dilemmas_650.jsonl,none+ga4,110,7,55,55,110,0.66032,0.6626,0.55388,0.6374,0.84028,0.60973,0.55071,0.70584,0.87174,0.52213,7.4
pool_hu_harm_llama70b_minimal-ant_hh_650.jsonl,none+ga4,110,0,55,55,110,0.78176,0.77066,0.93951,0.51343,0.96703,0.70707,0.83575,0.57329,0.96414,0.70944,6.0
pool_hu_harm_llama70b_minimal-ant_hh_650.jsonl,none+ga4,110,1,55,55,110,0.76995,0.75254,0.9414,0.52479,0.97494,0.63866,0.82861,0.58577,0.97155,0.62422,5.6
pool_hu_harm_llama70b_minimal-ant_hh_650.jsonl,none+ga4,110,2,55,55,110,0.79966,0.77002,0.91115,0.58161,0.97126,0.73462,0.82472,0.59111,0.96276,0.70148,7.6
pool_hu_harm_llama70b_minimal-ant_hh_650.jsonl,none+ga4,110,3,55,55,110,0.77147,0.76327,0.93856,0.50103,0.96859,0.67769,0.83131,0.58254,0.96505,0.6742,7.6
pool_hu_harm_llama70b_minimal-ant_hh_650.jsonl,none+ga4,110,4,55,55,110,0.81209,0.79105,0.95274,0.57128,0.97182,0.75253,0.86332,0.61283,0.96209,0.72595,7.3
pool_hu_harm_llama70b_minimal-ant_hh_650.jsonl,none+ga4,110,5,55,55,110,0.76388,0.7621,0.8913,0.47727,0.95277,0.73416,0.81239,0.54656,0.9556,0.73386,7.0
pool_hu_harm_llama70b_minimal-ant_hh_650.jsonl,none+ga4,110,6,55,55,110,0.78354,0.76151,0.9414,0.52996,0.96814,0.69467,0.84159,0.55513,0.96363,0.6857,7.0
pool_hu_harm_llama70b_minimal-ant_hh_650.jsonl,none+ga4,110,7,55,55,110,0.75962,0.75268,0.87524,0.56715,0.96937,0.62672,0.79628,0.57942,0.96519,0.66983,7.0
pool_hu_harm_llama70b_minimal-balanced_refusal_650.jsonl,none+ga4,110,0,55,55,110,0.74719,0.73715,0.8242,0.55579,0.96781,0.64096,0.72718,0.58142,0.96672,0.67326,4.5
pool_hu_harm_llama70b_minimal-balanced_refusal_650.jsonl,none+ga4,110,1,55,55,110,0.78983,0.76683,0.92817,0.55888,0.97071,0.70156,0.83651,0.57697,0.96863,0.68524,6.4
pool_hu_harm_llama70b_minimal-balanced_refusal_650.jsonl,none+ga4,110,2,55,55,110,0.80065,0.77315,0.9414,0.54339,0.97171,0.7461,0.82169,0.58398,0.97005,0.71689,6.7
pool_hu_harm_llama70b_minimal-balanced_refusal_650.jsonl,none+ga4,110,3,55,55,110,0.79995,0.77027,0.93856,0.52893,0.97472,0.75758,0.83186,0.58042,0.97325,0.69554,5.4
pool_hu_harm_llama70b_minimal-balanced_refusal_650.jsonl,none+ga4,110,4,55,55,110,0.80983,0.7793,0.97637,0.53616,0.97795,0.74885,0.83478,0.60036,0.97295,0.70913,6.7
pool_hu_harm_llama70b_minimal-balanced_refusal_650.jsonl,none+ga4,110,5,55,55,110,0.81006,0.79467,0.92817,0.57025,0.97505,0.76676,0.85164,0.60503,0.97249,0.74953,6.2
pool_hu_harm_llama70b_minimal-balanced_refusal_650.jsonl,none+ga4,110,6,55,55,110,0.81217,0.77771,0.94612,0.56508,0.97394,0.76354,0.83791,0.589,0.97057,0.71335,4.4
pool_hu_harm_llama70b_minimal-balanced_refusal_650.jsonl,none+ga4,110,7,55,55,110,0.78525,0.7651,0.95274,0.52686,0.97271,0.68871,0.81726,0.57908,0.97064,0.69341,6.2
pool_hu_harm_llama70b_minimal-daily_dilemmas_650.jsonl,none+ga4,110,0,55,55,110,0.78965,0.80958,0.91777,0.49897,0.95121,0.79063,0.89771,0.66329,0.96236,0.71496,4.6
pool_hu_harm_llama70b_minimal-daily_dilemmas_650.jsonl,none+ga4,110,1,55,55,110,0.74873,0.74784,0.91588,0.46798,0.92192,0.68916,0.8218,0.64213,0.94988,0.57757,4.3
pool_hu_harm_llama70b_minimal-daily_dilemmas_650.jsonl,none+ga4,110,2,55,55,110,0.75735,0.76567,0.91966,0.49793,0.92493,0.68687,0.83359,0.67175,0.94686,0.61047,7.0
pool_hu_harm_llama70b_minimal-daily_dilemmas_650.jsonl,none+ga4,110,3,55,55,110,0.81947,0.84228,0.97732,0.48347,0.96402,0.85308,0.94193,0.66529,0.96836,0.79352,4.7
pool_hu_harm_llama70b_minimal-daily_dilemmas_650.jsonl,none+ga4,110,4,55,55,110,0.82179,0.82099,0.96597,0.53512,0.94999,0.83609,0.90701,0.66006,0.96391,0.75297,7.1
pool_hu_harm_llama70b_minimal-daily_dilemmas_650.jsonl,none+ga4,110,5,55,55,110,0.77542,0.80152,0.91115,0.45868,0.95133,0.78053,0.86667,0.65939,0.97683,0.7032,5.7
pool_hu_harm_llama70b_minimal-daily_dilemmas_650.jsonl,none+ga4,110,6,55,55,110,0.83495,0.84547,0.94329,0.55785,0.96079,0.87787,0.90257,0.69214,0.97659,0.8106,7.2
pool_hu_harm_llama70b_minimal-daily_dilemmas_650.jsonl,none+ga4,110,7,55,55,110,0.82093,0.84225,0.9603,0.5,0.95979,0.86364,0.93837,0.67755,0.96116,0.79191,7.2
pool_hu_harm_nemotron_evaldescshape_650.jsonl,none+ga4,110,0,55,55,110,0.68366,0.71034,0.64178,0.45145,0.93662,0.70478,0.64403,0.6546,0.95629,0.58642,4.7
pool_hu_harm_nemotron_evaldescshape_650.jsonl,none+ga4,110,1,55,55,110,0.66931,0.68937,0.61626,0.46488,0.92025,0.67585,0.61278,0.65115,0.94846,0.54509,3.6
pool_hu_harm_nemotron_evaldescshape_650.jsonl,none+ga4,110,2,55,55,110,0.699,0.72744,0.65879,0.49483,0.92337,0.71901,0.65236,0.68657,0.95093,0.6199,6.6
pool_hu_harm_nemotron_evaldescshape_650.jsonl,none+ga4,110,3,55,55,110,0.7038,0.7254,0.73913,0.47314,0.92526,0.67769,0.70156,0.6849,0.95016,0.56497,6.4
pool_hu_harm_nemotron_evaldescshape_650.jsonl,none+ga4,110,4,55,55,110,0.78039,0.78942,0.89887,0.46178,0.95467,0.80624,0.85251,0.63656,0.96977,0.69882,7.1
pool_hu_harm_nemotron_evaldescshape_650.jsonl,none+ga4,110,5,55,55,110,0.70818,0.71384,0.74575,0.4969,0.93763,0.65243,0.70145,0.65894,0.95474,0.54024,3.5
pool_hu_harm_nemotron_evaldescshape_650.jsonl,none+ga4,110,6,55,55,110,0.72462,0.74234,0.72306,0.50103,0.93885,0.73554,0.69961,0.68712,0.9585,0.62411,6.8
pool_hu_harm_nemotron_evaldescshape_650.jsonl,none+ga4,110,7,55,55,110,0.72214,0.75241,0.81191,0.41426,0.94754,0.71488,0.73951,0.69759,0.96571,0.60683,3.9
pool_hu_harm_nemotron_general_650.jsonl,none+ga4,110,0,55,55,110,0.75266,0.75372,0.79773,0.50826,0.95211,0.75253,0.76319,0.67276,0.96311,0.61584,6.9
pool_hu_harm_nemotron_general_650.jsonl,none+ga4,110,1,55,55,110,0.70361,0.69577,0.69849,0.48864,0.96614,0.66116,0.61581,0.64792,0.96849,0.55086,5.8
pool_hu_harm_nemotron_general_650.jsonl,none+ga4,110,2,55,55,110,0.78129,0.77811,0.83648,0.53616,0.97015,0.78237,0.78233,0.66852,0.971,0.6906,4.3
pool_hu_harm_nemotron_general_650.jsonl,none+ga4,110,3,55,55,110,0.72295,0.72923,0.76087,0.53409,0.95266,0.64417,0.70902,0.68189,0.96501,0.56102,6.1
pool_hu_harm_nemotron_general_650.jsonl,none+ga4,110,4,55,55,110,0.72894,0.73128,0.79206,0.4876,0.95656,0.67952,0.72416,0.67643,0.9644,0.56013,7.4
pool_hu_harm_nemotron_general_650.jsonl,none+ga4,110,5,55,55,110,0.7109,0.71187,0.71928,0.53099,0.95467,0.63866,0.65074,0.66919,0.96252,0.56502,4.7
pool_hu_harm_nemotron_general_650.jsonl,none+ga4,110,6,55,55,110,0.71923,0.72138,0.77977,0.51446,0.94219,0.6405,0.70837,0.65371,0.95759,0.56586,7.4
pool_hu_harm_nemotron_general_650.jsonl,none+ga4,110,7,55,55,110,0.66923,0.69069,0.69093,0.44421,0.94308,0.59871,0.64436,0.65627,0.95891,0.50323,5.2
pool_hu_harm_deepseekv4pro_evaldescshape_650.jsonl,none+ga5,80,0,40,40,80,0.83794,0.82075,0.91493,0.60021,0.95188,0.88476,0.8497,0.64023,0.96322,0.82986,7.6
pool_hu_harm_deepseekv4pro_evaldescshape_650.jsonl,none+ga5,80,1,40,40,80,0.8143,0.79905,0.78166,0.57955,0.97082,0.92516,0.7939,0.61606,0.97081,0.81544,5.9
pool_hu_harm_deepseekv4pro_evaldescshape_650.jsonl,none+ga5,80,2,40,40,80,0.74168,0.71231,0.68242,0.60227,0.94787,0.73416,0.67236,0.58666,0.95622,0.63401,3.6
pool_hu_harm_deepseekv4pro_evaldescshape_650.jsonl,none+ga5,80,3,40,40,80,0.7298,0.71365,0.65784,0.54855,0.92125,0.79155,0.63808,0.61161,0.95216,0.65275,6.4
pool_hu_harm_deepseekv4pro_evaldescshape_650.jsonl,none+ga5,80,4,40,40,80,0.82752,0.78469,0.84972,0.62603,0.9638,0.87052,0.78071,0.61963,0.97202,0.7664,6.2
pool_hu_harm_deepseekv4pro_evaldescshape_650.jsonl,none+ga5,80,5,40,40,80,0.69979,0.69207,0.65406,0.60124,0.90933,0.63453,0.6489,0.62564,0.93269,0.56107,4.0
pool_hu_harm_deepseekv4pro_evaldescshape_650.jsonl,none+ga5,80,6,40,40,80,0.71594,0.71462,0.62665,0.57335,0.91813,0.74564,0.63289,0.62263,0.94626,0.65671,3.9
pool_hu_harm_deepseekv4pro_evaldescshape_650.jsonl,none+ga5,80,7,40,40,80,0.73936,0.73023,0.67202,0.56921,0.94531,0.77089,0.66587,0.60058,0.9486,0.70585,3.9
pool_hu_harm_deepseekv4pro_general_650.jsonl,none+ga5,80,0,40,40,80,0.7532,0.76193,0.93289,0.43595,0.93183,0.71212,0.82396,0.62698,0.94091,0.65587,6.4
pool_hu_harm_deepseekv4pro_general_650.jsonl,none+ga5,80,1,40,40,80,0.78127,0.76543,0.94802,0.56508,0.90811,0.70386,0.87987,0.6487,0.89248,0.64067,6.4
pool_hu_harm_deepseekv4pro_general_650.jsonl,none+ga5,80,2,40,40,80,0.7682,0.75099,0.94518,0.52789,0.91468,0.68503,0.85662,0.61807,0.90692,0.62234,3.6
pool_hu_harm_deepseekv4pro_general_650.jsonl,none+ga5,80,3,40,40,80,0.76878,0.7766,0.93006,0.4969,0.92181,0.72635,0.88289,0.62809,0.91451,0.68091,5.7
pool_hu_harm_deepseekv4pro_general_650.jsonl,none+ga5,80,4,40,40,80,0.75842,0.75996,0.9017,0.51136,0.95211,0.6685,0.83899,0.64502,0.95395,0.60188,4.5
pool_hu_harm_deepseekv4pro_general_650.jsonl,none+ga5,80,5,40,40,80,0.71818,0.72031,0.8431,0.49587,0.94286,0.59091,0.75151,0.62464,0.95561,0.54946,3.6
pool_hu_harm_deepseekv4pro_general_650.jsonl,none+ga5,80,6,40,40,80,0.76925,0.77115,0.88185,0.53616,0.94319,0.71579,0.82948,0.67621,0.941,0.63791,3.4
pool_hu_harm_deepseekv4pro_general_650.jsonl,none+ga5,80,7,40,40,80,0.72933,0.71445,0.89509,0.5124,0.90699,0.60285,0.79423,0.60682,0.91249,0.54425,3.5
pool_hu_harm_gptoss_evaldescshape_650.jsonl,none+ga5,80,0,40,40,80,0.66183,0.69342,0.65595,0.53926,0.93696,0.51515,0.63203,0.67242,0.94289,0.52634,6.3
pool_hu_harm_gptoss_evaldescshape_650.jsonl,none+ga5,80,1,40,40,80,0.71105,0.69615,0.7051,0.65496,0.92214,0.56198,0.65095,0.6624,0.9233,0.54795,7.1
pool_hu_harm_gptoss_evaldescshape_650.jsonl,none+ga5,80,2,40,40,80,0.71229,0.70908,0.68998,0.6343,0.92526,0.59963,0.66382,0.70517,0.9047,0.56263,3.7
pool_hu_harm_gptoss_evaldescshape_650.jsonl,none+ga5,80,3,40,40,80,0.7213,0.69657,0.7259,0.65909,0.93228,0.56795,0.66728,0.68891,0.92655,0.50354,6.3
pool_hu_harm_gptoss_evaldescshape_650.jsonl,none+ga5,80,4,40,40,80,0.74505,0.74662,0.74291,0.64463,0.91223,0.68044,0.70004,0.72232,0.9049,0.6592,6.6
pool_hu_harm_gptoss_evaldescshape_650.jsonl,none+ga5,80,5,40,40,80,0.75113,0.76386,0.78261,0.54236,0.91279,0.76676,0.79098,0.69069,0.90619,0.66759,5.5
pool_hu_harm_gptoss_evaldescshape_650.jsonl,none+ga5,80,6,40,40,80,0.67855,0.67739,0.59546,0.62397,0.91947,0.5753,0.58272,0.67944,0.92394,0.52348,5.2
pool_hu_harm_gptoss_evaldescshape_650.jsonl,none+ga5,80,7,40,40,80,0.727,0.71778,0.71078,0.65496,0.91691,0.62534,0.70145,0.68634,0.8808,0.60251,6.7
pool_hu_harm_gptoss_general_650.jsonl,none+ga5,80,0,40,40,80,0.76993,0.77086,0.89319,0.56405,0.9168,0.70569,0.8325,0.66284,0.92426,0.66384,3.3
pool_hu_harm_gptoss_general_650.jsonl,none+ga5,80,1,40,40,80,0.83099,0.81981,0.95936,0.59711,0.93462,0.83287,0.9003,0.68189,0.9309,0.76614,3.6
pool_hu_harm_gptoss_general_650.jsonl,none+ga5,80,2,40,40,80,0.81148,0.80177,0.91399,0.57128,0.95901,0.80165,0.85424,0.65605,0.9586,0.73818,6.8
pool_hu_harm_gptoss_general_650.jsonl,none+ga5,80,3,40,40,80,0.79907,0.79417,0.89981,0.54752,0.97026,0.7787,0.85251,0.66886,0.97516,0.68013,4.2
pool_hu_harm_gptoss_general_650.jsonl,none+ga5,80,4,40,40,80,0.78594,0.78369,0.9414,0.56818,0.94687,0.68733,0.89057,0.66897,0.93321,0.64202,3.5
pool_hu_harm_gptoss_general_650.jsonl,none+ga5,80,5,40,40,80,0.79876,0.79504,0.92344,0.53099,0.9697,0.77089,0.85402,0.66663,0.97155,0.68794,3.6
pool_hu_harm_gptoss_general_650.jsonl,none+ga5,80,6,40,40,80,0.79627,0.78947,0.91304,0.54132,0.9589,0.77181,0.84321,0.65594,0.96094,0.69778,3.3
pool_hu_harm_gptoss_general_650.jsonl,none+ga5,80,7,40,40,80,0.78938,0.789,0.92155,0.57128,0.94386,0.72084,0.86159,0.7016,0.93063,0.66217,3.0
pool_hu_harm_llama70b_evaldescshape_650.jsonl,none+ga5,80,0,40,40,80,0.69703,0.72269,0.76371,0.44525,0.94509,0.63407,0.68523,0.66518,0.95944,0.5809,6.2
pool_hu_harm_llama70b_evaldescshape_650.jsonl,none+ga5,80,1,40,40,80,0.71696,0.7359,0.74858,0.51756,0.95433,0.64738,0.69096,0.67988,0.97137,0.60136,6.0
pool_hu_harm_llama70b_evaldescshape_650.jsonl,none+ga5,80,2,40,40,80,0.71476,0.72076,0.78166,0.48347,0.95066,0.64325,0.6835,0.64992,0.96139,0.58824,6.0
pool_hu_harm_llama70b_evaldescshape_650.jsonl,none+ga5,80,3,40,40,80,0.75285,0.74047,0.75992,0.60227,0.9403,0.70891,0.71334,0.65794,0.94779,0.64281,6.5
pool_hu_harm_llama70b_evaldescshape_650.jsonl,none+ga5,80,4,40,40,80,0.67653,0.71317,0.70132,0.47521,0.94876,0.58081,0.65993,0.70784,0.96701,0.51791,3.3
pool_hu_harm_llama70b_evaldescshape_650.jsonl,none+ga5,80,5,40,40,80,0.69693,0.7083,0.70888,0.5031,0.95589,0.61983,0.67388,0.66373,0.96246,0.53311,6.3
pool_hu_harm_llama70b_evaldescshape_650.jsonl,none+ga5,80,6,40,40,80,0.68585,0.69091,0.74008,0.48347,0.93996,0.57989,0.63938,0.66752,0.94841,0.50833,3.2
pool_hu_harm_llama70b_evaldescshape_650.jsonl,none+ga5,80,7,40,40,80,0.71091,0.7207,0.71172,0.50826,0.95422,0.66942,0.6556,0.66217,0.96755,0.59746,6.3
pool_hu_harm_llama70b_full-ai_dilemmas_650.jsonl,none+ga5,80,0,40,40,80,0.82331,0.85805,0.99244,0.44318,0.93016,0.92746,0.95015,0.64892,0.93466,0.89848,3.6
pool_hu_harm_llama70b_full-ai_dilemmas_650.jsonl,none+ga5,80,1,40,40,80,0.80935,0.84675,0.98677,0.40083,0.95355,0.89624,0.93718,0.64101,0.94819,0.86063,3.9
pool_hu_harm_llama70b_full-ai_dilemmas_650.jsonl,none+ga5,80,2,40,40,80,0.84925,0.83936,0.99811,0.57128,0.90198,0.92562,0.93036,0.63366,0.91549,0.87792,3.9
pool_hu_harm_llama70b_full-ai_dilemmas_650.jsonl,none+ga5,80,3,40,40,80,0.85984,0.85355,0.98488,0.61674,0.91123,0.92654,0.95004,0.67431,0.90707,0.88276,4.0
pool_hu_harm_llama70b_full-ai_dilemmas_650.jsonl,none+ga5,80,4,40,40,80,0.83208,0.83652,0.99811,0.50517,0.92972,0.89532,0.93685,0.62954,0.933,0.84668,4.0
pool_hu_harm_llama70b_full-ai_dilemmas_650.jsonl,none+ga5,80,5,40,40,80,0.82219,0.80821,1.0,0.47314,0.92537,0.89027,0.9176,0.6194,0.90187,0.79394,3.6
pool_hu_harm_llama70b_full-ai_dilemmas_650.jsonl,none+ga5,80,6,40,40,80,0.84312,0.83054,0.9811,0.55165,0.94487,0.89486,0.94258,0.58755,0.92748,0.86454,4.2
pool_hu_harm_llama70b_full-ai_dilemmas_650.jsonl,none+ga5,80,7,40,40,80,0.81197,0.84366,1.0,0.40289,0.91201,0.93297,0.94128,0.62018,0.92778,0.88541,3.9
pool_hu_harm_llama70b_full-ant_hh_650.jsonl,none+ga5,80,0,40,40,80,0.62602,0.62731,0.55955,0.55579,0.82357,0.5652,0.52898,0.60091,0.82433,0.55503,2.8
pool_hu_harm_llama70b_full-ant_hh_650.jsonl,none+ga5,80,1,40,40,80,0.6983,0.66359,0.61153,0.59711,0.91513,0.66942,0.56877,0.59668,0.9107,0.5782,5.6
pool_hu_harm_llama70b_full-ant_hh_650.jsonl,none+ga5,80,2,40,40,80,0.65826,0.64194,0.56711,0.6281,0.8483,0.58953,0.53525,0.60503,0.8551,0.57237,2.6
pool_hu_harm_llama70b_full-ant_hh_650.jsonl,none+ga5,80,3,40,40,80,0.69493,0.6774,0.63705,0.55579,0.93629,0.6506,0.5864,0.6037,0.92194,0.59756,4.9
pool_hu_harm_llama70b_full-ant_hh_650.jsonl,none+ga5,80,4,40,40,80,0.68925,0.68622,0.62665,0.56612,0.91869,0.64555,0.58651,0.60815,0.93812,0.61209,6.6
pool_hu_harm_llama70b_full-ant_hh_650.jsonl,none+ga5,80,5,40,40,80,0.66606,0.66212,0.60019,0.55785,0.91669,0.58953,0.56218,0.59011,0.92739,0.56883,6.4
pool_hu_harm_llama70b_full-ant_hh_650.jsonl,none+ga5,80,6,40,40,80,0.68579,0.67734,0.66257,0.53099,0.92793,0.62167,0.58229,0.59011,0.94221,0.59475,5.7
pool_hu_harm_llama70b_full-ant_hh_650.jsonl,none+ga5,80,7,40,40,80,0.65268,0.63776,0.55955,0.60537,0.88472,0.56107,0.53168,0.59145,0.87274,0.55519,2.7
pool_hu_harm_llama70b_full-balanced_refusal_650.jsonl,none+ga5,80,0,40,40,80,0.60253,0.64315,0.65595,0.3781,0.96926,0.4068,0.58488,0.63255,0.97585,0.37932,5.9
pool_hu_harm_llama70b_full-balanced_refusal_650.jsonl,none+ga5,80,1,40,40,80,0.6022,0.62017,0.62854,0.39256,0.96436,0.42332,0.56434,0.60336,0.97411,0.33887,5.9
pool_hu_harm_llama70b_full-balanced_refusal_650.jsonl,none+ga5,80,2,40,40,80,0.58528,0.62039,0.60586,0.38533,0.96012,0.38981,0.56337,0.62319,0.96884,0.32617,5.3
pool_hu_harm_llama70b_full-balanced_refusal_650.jsonl,none+ga5,80,3,40,40,80,0.61157,0.6395,0.63894,0.34504,0.9609,0.50138,0.57115,0.61829,0.96941,0.39916,6.0
pool_hu_harm_llama70b_full-balanced_refusal_650.jsonl,none+ga5,80,4,40,40,80,0.62915,0.65134,0.58223,0.47107,0.96191,0.50138,0.55244,0.63934,0.9651,0.44846,5.9
pool_hu_harm_llama70b_full-balanced_refusal_650.jsonl,none+ga5,80,5,40,40,80,0.62823,0.65849,0.63516,0.45351,0.96235,0.46189,0.57439,0.65995,0.97096,0.42868,6.2
pool_hu_harm_llama70b_full-balanced_refusal_650.jsonl,none+ga5,80,6,40,40,80,0.61715,0.65463,0.63233,0.41322,0.96436,0.45868,0.57029,0.63333,0.97159,0.4433,4.8
pool_hu_harm_llama70b_full-balanced_refusal_650.jsonl,none+ga5,80,7,40,40,80,0.65878,0.68119,0.68715,0.40599,0.95935,0.58264,0.59926,0.64513,0.97219,0.50817,4.9
pool_hu_harm_llama70b_full-daily_dilemmas_650.jsonl,none+ga5,80,0,40,40,80,0.85832,0.85495,0.9811,0.54959,0.96135,0.94123,0.94064,0.61049,0.93741,0.93128,6.2
pool_hu_harm_llama70b_full-daily_dilemmas_650.jsonl,none+ga5,80,1,40,40,80,0.83293,0.82408,0.94707,0.5155,0.94308,0.92608,0.89176,0.57162,0.9266,0.90634,6.3
pool_hu_harm_llama70b_full-daily_dilemmas_650.jsonl,none+ga5,80,2,40,40,80,0.84955,0.83643,0.96692,0.55165,0.96547,0.91414,0.93674,0.57229,0.94294,0.89374,6.1
pool_hu_harm_llama70b_full-daily_dilemmas_650.jsonl,none+ga5,80,3,40,40,80,0.8567,0.85115,0.99055,0.53306,0.98262,0.92057,0.93955,0.57496,0.97054,0.91956,6.1
pool_hu_harm_llama70b_full-daily_dilemmas_650.jsonl,none+ga5,80,4,40,40,80,0.86021,0.85611,0.95936,0.6219,0.93306,0.92654,0.94139,0.64346,0.91936,0.92024,6.1
pool_hu_harm_llama70b_full-daily_dilemmas_650.jsonl,none+ga5,80,5,40,40,80,0.83778,0.82322,0.94707,0.57231,0.9364,0.89532,0.92398,0.53932,0.90824,0.92133,5.2
pool_hu_harm_llama70b_full-daily_dilemmas_650.jsonl,none+ga5,80,6,40,40,80,0.81302,0.83394,0.90737,0.4876,0.95767,0.89945,0.9096,0.56516,0.94628,0.91472,6.7
pool_hu_harm_llama70b_full-daily_dilemmas_650.jsonl,none+ga5,80,7,40,40,80,0.82162,0.80508,0.90926,0.5155,0.9237,0.93802,0.8537,0.52662,0.92185,0.91816,6.9
pool_hu_harm_llama70b_general_650.jsonl,none+ga5,80,0,40,40,80,0.69406,0.69926,0.6569,0.55579,0.93362,0.62994,0.64414,0.63321,0.94876,0.57091,6.6
pool_hu_harm_llama70b_general_650.jsonl,none+ga5,80,1,40,40,80,0.70524,0.71898,0.69187,0.52376,0.94553,0.65978,0.69572,0.64591,0.95103,0.58325,6.4
pool_hu_harm_llama70b_general_650.jsonl,none+ga5,80,2,40,40,80,0.75332,0.74661,0.72495,0.60434,0.94063,0.74334,0.73713,0.66262,0.94904,0.63765,5.9
pool_hu_harm_llama70b_general_650.jsonl,none+ga5,80,3,40,40,80,0.7195,0.70957,0.66257,0.65599,0.90699,0.65243,0.65528,0.67855,0.91479,0.58965,6.3
pool_hu_harm_llama70b_general_650.jsonl,none+ga5,80,4,40,40,80,0.74403,0.75351,0.75047,0.55269,0.94431,0.72865,0.77228,0.65271,0.94646,0.6426,6.6
pool_hu_harm_llama70b_general_650.jsonl,none+ga5,80,5,40,40,80,0.72143,0.71571,0.68715,0.56095,0.93194,0.70569,0.67777,0.65126,0.9379,0.5959,5.5
pool_hu_harm_llama70b_general_650.jsonl,none+ga5,80,6,40,40,80,0.69442,0.6928,0.62287,0.61983,0.92615,0.60882,0.64803,0.65972,0.93357,0.52988,4.2
pool_hu_harm_llama70b_general_650.jsonl,none+ga5,80,7,40,40,80,0.68564,0.7021,0.64934,0.55992,0.9061,0.62718,0.65593,0.68122,0.92112,0.55014,4.0
pool_hu_harm_llama70b_minimal-ai_dilemmas_650.jsonl,none+ga5,80,0,40,40,80,0.66338,0.65825,0.54726,0.62397,0.89229,0.58999,0.54487,0.66908,0.91513,0.5039,6.6
pool_hu_harm_llama70b_minimal-ai_dilemmas_650.jsonl,none+ga5,80,1,40,40,80,0.62977,0.65695,0.53308,0.55475,0.84172,0.58953,0.54141,0.69804,0.88641,0.50193,6.5
pool_hu_harm_llama70b_minimal-ai_dilemmas_650.jsonl,none+ga5,80,2,40,40,80,0.65126,0.66757,0.57561,0.58471,0.90065,0.54408,0.5691,0.68111,0.92512,0.49495,6.0
pool_hu_harm_llama70b_minimal-ai_dilemmas_650.jsonl,none+ga5,80,3,40,40,80,0.64002,0.6473,0.55955,0.59814,0.80229,0.60009,0.54347,0.67777,0.84939,0.51859,4.3
pool_hu_harm_llama70b_minimal-ai_dilemmas_650.jsonl,none+ga5,80,4,40,40,80,0.63448,0.64822,0.52552,0.59401,0.87614,0.54224,0.53038,0.65505,0.9121,0.49537,3.9
pool_hu_harm_llama70b_minimal-ai_dilemmas_650.jsonl,none+ga5,80,5,40,40,80,0.61416,0.62506,0.50851,0.58058,0.82669,0.54086,0.50962,0.66195,0.85569,0.47298,2.8
pool_hu_harm_llama70b_minimal-ai_dilemmas_650.jsonl,none+ga5,80,6,40,40,80,0.62227,0.64575,0.52268,0.62913,0.81154,0.52571,0.51838,0.7055,0.84301,0.51609,3.4
pool_hu_harm_llama70b_minimal-ai_dilemmas_650.jsonl,none+ga5,80,7,40,40,80,0.65316,0.65305,0.56711,0.58368,0.88104,0.58081,0.55266,0.6517,0.89471,0.51312,3.7
pool_hu_harm_llama70b_minimal-ant_hh_650.jsonl,none+ga5,80,0,40,40,80,0.77612,0.7478,0.92628,0.57025,0.96792,0.64004,0.77249,0.60437,0.96171,0.65264,6.5
pool_hu_harm_llama70b_minimal-ant_hh_650.jsonl,none+ga5,80,1,40,40,80,0.81194,0.77867,0.9603,0.57025,0.97249,0.74472,0.85316,0.58365,0.96524,0.71262,6.3
pool_hu_harm_llama70b_minimal-ant_hh_650.jsonl,none+ga5,80,2,40,40,80,0.75204,0.72999,0.82231,0.57748,0.95088,0.65748,0.75378,0.57953,0.94937,0.63729,4.8
pool_hu_harm_llama70b_minimal-ant_hh_650.jsonl,none+ga5,80,3,40,40,80,0.77489,0.76775,0.92722,0.5155,0.96124,0.69559,0.83186,0.57318,0.95952,0.70642,6.6
pool_hu_harm_llama70b_minimal-ant_hh_650.jsonl,none+ga5,80,4,40,40,80,0.73245,0.73067,0.85822,0.52789,0.95689,0.58678,0.76979,0.56661,0.95883,0.62745,6.4
pool_hu_harm_llama70b_minimal-ant_hh_650.jsonl,none+ga5,80,5,40,40,80,0.79492,0.77215,0.9206,0.54752,0.97282,0.73875,0.83521,0.60459,0.96957,0.67925,5.5
pool_hu_harm_llama70b_minimal-ant_hh_650.jsonl,none+ga5,80,6,40,40,80,0.78909,0.77052,0.92344,0.55475,0.96146,0.71671,0.84559,0.55391,0.96089,0.72168,6.5
pool_hu_harm_llama70b_minimal-ant_hh_650.jsonl,none+ga5,80,7,40,40,80,0.73779,0.74015,0.77505,0.57541,0.9579,0.64279,0.70848,0.62519,0.95813,0.66878,6.6
pool_hu_harm_llama70b_minimal-balanced_refusal_650.jsonl,none+ga5,80,0,40,40,80,0.76201,0.7889,0.94896,0.46901,0.9726,0.65748,0.85186,0.59835,0.97196,0.73344,5.3
pool_hu_harm_llama70b_minimal-balanced_refusal_650.jsonl,none+ga5,80,1,40,40,80,0.7721,0.76882,0.95369,0.47107,0.97449,0.68916,0.80926,0.57908,0.96703,0.71991,6.4
pool_hu_harm_llama70b_minimal-balanced_refusal_650.jsonl,none+ga5,80,2,40,40,80,0.8209,0.78848,0.99433,0.55269,0.97717,0.75941,0.86321,0.56193,0.97342,0.75536,4.8
pool_hu_harm_llama70b_minimal-balanced_refusal_650.jsonl,none+ga5,80,3,40,40,80,0.75212,0.73777,0.89036,0.50413,0.96614,0.64784,0.76795,0.53776,0.97003,0.67534,6.0
pool_hu_harm_llama70b_minimal-balanced_refusal_650.jsonl,none+ga5,80,4,40,40,80,0.77295,0.76062,0.93951,0.4907,0.96692,0.69467,0.79866,0.55068,0.97187,0.72126,6.6
pool_hu_harm_llama70b_minimal-balanced_refusal_650.jsonl,none+ga5,80,5,40,40,80,0.80127,0.78885,0.9518,0.49897,0.97149,0.78283,0.85013,0.57752,0.96795,0.75979,6.0
pool_hu_harm_llama70b_minimal-balanced_refusal_650.jsonl,none+ga5,80,6,40,40,80,0.80253,0.78499,0.94896,0.53616,0.97661,0.74839,0.83791,0.60927,0.97261,0.72017,5.1
pool_hu_harm_llama70b_minimal-balanced_refusal_650.jsonl,none+ga5,80,7,40,40,80,0.7898,0.77361,0.94045,0.5186,0.97104,0.72911,0.80115,0.59078,0.96435,0.73818,6.0
pool_hu_harm_llama70b_minimal-daily_dilemmas_650.jsonl,none+ga5,80,0,40,40,80,0.78808,0.80219,0.89414,0.50826,0.95333,0.7966,0.86819,0.68044,0.97265,0.68747,6.1
pool_hu_harm_llama70b_minimal-daily_dilemmas_650.jsonl,none+ga5,80,1,40,40,80,0.79106,0.80944,0.92628,0.5031,0.95021,0.78466,0.88603,0.67153,0.9647,0.71548,3.9
pool_hu_harm_llama70b_minimal-daily_dilemmas_650.jsonl,none+ga5,80,2,40,40,80,0.79156,0.80495,0.93384,0.51343,0.94487,0.7741,0.90993,0.66117,0.96441,0.6843,3.9
pool_hu_harm_llama70b_minimal-daily_dilemmas_650.jsonl,none+ga5,80,3,40,40,80,0.80245,0.81335,0.87524,0.55579,0.95233,0.82645,0.85327,0.68913,0.96673,0.74427,6.1
pool_hu_harm_llama70b_minimal-daily_dilemmas_650.jsonl,none+ga5,80,4,40,40,80,0.78518,0.7682,0.89603,0.5093,0.95211,0.78329,0.79617,0.65894,0.96224,0.65546,3.8
pool_hu_harm_llama70b_minimal-daily_dilemmas_650.jsonl,none+ga5,80,5,40,40,80,0.68392,0.70186,0.77221,0.47521,0.90287,0.5854,0.71756,0.64246,0.93515,0.51229,3.3
pool_hu_harm_llama70b_minimal-daily_dilemmas_650.jsonl,none+ga5,80,6,40,40,80,0.83476,0.83605,0.95936,0.55062,0.96313,0.86593,0.92344,0.66028,0.9824,0.77806,4.7
pool_hu_harm_llama70b_minimal-daily_dilemmas_650.jsonl,none+ga5,80,7,40,40,80,0.71672,0.74062,0.8431,0.45661,0.93217,0.63499,0.78763,0.66429,0.96124,0.5493,5.3
pool_hu_harm_nemotron_evaldescshape_650.jsonl,none+ga5,80,0,40,40,80,0.73,0.72267,0.74386,0.51756,0.93451,0.72406,0.67993,0.63633,0.94914,0.62526,6.3
pool_hu_harm_nemotron_evaldescshape_650.jsonl,none+ga5,80,1,40,40,80,0.7986,0.8023,0.85444,0.52789,0.92916,0.88292,0.8325,0.68289,0.93085,0.76296,3.5
pool_hu_harm_nemotron_evaldescshape_650.jsonl,none+ga5,80,2,40,40,80,0.69651,0.71694,0.72495,0.41219,0.92805,0.72084,0.69399,0.62297,0.9409,0.6099,3.8
pool_hu_harm_nemotron_evaldescshape_650.jsonl,none+ga5,80,3,40,40,80,0.75483,0.77314,0.75047,0.49793,0.94308,0.82782,0.7566,0.63834,0.9671,0.73053,5.9
pool_hu_harm_nemotron_evaldescshape_650.jsonl,none+ga5,80,4,40,40,80,0.73053,0.7392,0.74291,0.53719,0.91568,0.72635,0.72178,0.68178,0.92469,0.62854,3.4
pool_hu_harm_nemotron_evaldescshape_650.jsonl,none+ga5,80,5,40,40,80,0.69158,0.69004,0.64367,0.51963,0.92994,0.67309,0.61873,0.65092,0.93958,0.55092,3.9
pool_hu_harm_nemotron_evaldescshape_650.jsonl,none+ga5,80,6,40,40,80,0.73662,0.74856,0.78355,0.44112,0.92749,0.79431,0.74513,0.65471,0.9504,0.644,3.6
pool_hu_harm_nemotron_evaldescshape_650.jsonl,none+ga5,80,7,40,40,80,0.68763,0.68596,0.64839,0.51963,0.94063,0.64187,0.61505,0.6712,0.9452,0.51239,3.9
pool_hu_harm_nemotron_general_650.jsonl,none+ga5,80,0,40,40,80,0.64522,0.67019,0.6758,0.44525,0.9511,0.50872,0.60067,0.65794,0.96545,0.45668,6.0
pool_hu_harm_nemotron_general_650.jsonl,none+ga5,80,1,40,40,80,0.69026,0.70662,0.72117,0.5062,0.9354,0.59826,0.68134,0.67599,0.95754,0.51161,6.0
pool_hu_harm_nemotron_general_650.jsonl,none+ga5,80,2,40,40,80,0.7104,0.71802,0.74669,0.42975,0.9599,0.70523,0.67031,0.6419,0.96891,0.59095,5.0
pool_hu_harm_nemotron_general_650.jsonl,none+ga5,80,3,40,40,80,0.7597,0.7649,0.77316,0.51446,0.95823,0.79293,0.72286,0.66329,0.96968,0.70377,5.2
pool_hu_harm_nemotron_general_650.jsonl,none+ga5,80,4,40,40,80,0.65814,0.69522,0.6758,0.45558,0.95433,0.54683,0.63095,0.67019,0.9598,0.51994,4.8
pool_hu_harm_nemotron_general_650.jsonl,none+ga5,80,5,40,40,80,0.66598,0.67958,0.65217,0.47727,0.94631,0.58815,0.60878,0.65816,0.95621,0.49516,5.1
pool_hu_harm_nemotron_general_650.jsonl,none+ga5,80,6,40,40,80,0.72245,0.72353,0.75709,0.45661,0.96904,0.70707,0.6875,0.64034,0.97418,0.5921,4.9
pool_hu_harm_nemotron_general_650.jsonl,none+ga5,80,7,40,40,80,0.67757,0.69387,0.72401,0.45764,0.95656,0.57208,0.65311,0.63979,0.96911,0.51348,5.4
pool_hu_harm_deepseekv4pro_evaldescshape_650.jsonl,none+ga2,30,0,15,15,30,0.57943,0.63444,0.53214,0.40909,0.87971,0.49679,0.5346,0.61205,0.90089,0.49021,4.3
pool_hu_harm_deepseekv4pro_evaldescshape_650.jsonl,none+ga2,30,1,15,15,30,0.72031,0.70739,0.73535,0.50413,0.95121,0.69054,0.64965,0.61239,0.96734,0.60017,4.8
pool_hu_harm_deepseekv4pro_evaldescshape_650.jsonl,none+ga2,30,2,15,15,30,0.64637,0.66037,0.56144,0.59814,0.8699,0.55601,0.5612,0.63566,0.87926,0.56534,4.2
pool_hu_harm_deepseekv4pro_evaldescshape_650.jsonl,none+ga2,30,3,15,15,30,0.68662,0.69174,0.68336,0.53822,0.93996,0.58494,0.69442,0.62564,0.94681,0.5001,2.8
pool_hu_harm_deepseekv4pro_evaldescshape_650.jsonl,none+ga2,30,4,15,15,30,0.79082,0.73311,0.72212,0.71281,0.91568,0.81267,0.65874,0.65861,0.89868,0.71642,5.3
pool_hu_harm_deepseekv4pro_evaldescshape_650.jsonl,none+ga2,30,5,15,15,30,0.66817,0.68442,0.61342,0.56405,0.92727,0.56795,0.58813,0.68367,0.90252,0.56336,4.5
pool_hu_harm_deepseekv4pro_evaldescshape_650.jsonl,none+ga2,30,6,15,15,30,0.6573,0.66126,0.58507,0.55579,0.9374,0.55096,0.56985,0.60648,0.93497,0.53374,4.4
pool_hu_harm_deepseekv4pro_evaldescshape_650.jsonl,none+ga2,30,7,15,15,30,0.61837,0.62735,0.53119,0.59504,0.87848,0.46878,0.5213,0.63321,0.88465,0.47022,3.1
pool_hu_harm_deepseekv4pro_general_650.jsonl,none+ga2,30,0,15,15,30,0.67223,0.68506,0.80907,0.41529,0.92827,0.53627,0.68869,0.62052,0.93841,0.49261,3.0
pool_hu_harm_deepseekv4pro_general_650.jsonl,none+ga2,30,1,15,15,30,0.80263,0.78958,0.92155,0.52686,0.96458,0.79752,0.83369,0.62119,0.9698,0.73365,5.0
pool_hu_harm_deepseekv4pro_general_650.jsonl,none+ga2,30,2,15,15,30,0.74082,0.72914,0.82136,0.46798,0.96503,0.70891,0.72383,0.59657,0.97841,0.61776,3.3
pool_hu_harm_deepseekv4pro_general_650.jsonl,none+ga2,30,3,15,15,30,0.78903,0.80044,0.9121,0.52686,0.92927,0.78788,0.86202,0.6487,0.94094,0.7501,3.0
pool_hu_harm_deepseekv4pro_general_650.jsonl,none+ga2,30,4,15,15,30,0.6737,0.68073,0.83459,0.41942,0.92014,0.52066,0.71042,0.60626,0.93466,0.47157,4.7
pool_hu_harm_deepseekv4pro_general_650.jsonl,none+ga2,30,5,15,15,30,0.76689,0.77322,0.9206,0.49793,0.90109,0.74793,0.85705,0.62787,0.91335,0.69461,3.0
pool_hu_harm_deepseekv4pro_general_650.jsonl,none+ga2,30,6,15,15,30,0.71523,0.74138,0.81474,0.47211,0.92716,0.64692,0.75616,0.68668,0.94429,0.5784,4.0
pool_hu_harm_deepseekv4pro_general_650.jsonl,none+ga2,30,7,15,15,30,0.65166,0.67049,0.72306,0.41219,0.92916,0.54224,0.6556,0.62096,0.93372,0.47168,4.7
pool_hu_harm_gptoss_evaldescshape_650.jsonl,none+ga2,30,0,15,15,30,0.64622,0.65606,0.58129,0.57438,0.90532,0.52388,0.56812,0.66752,0.91068,0.47793,5.4
pool_hu_harm_gptoss_evaldescshape_650.jsonl,none+ga2,30,1,15,15,30,0.62189,0.6284,0.53592,0.625,0.85052,0.47612,0.52357,0.67309,0.84782,0.46913,2.4
pool_hu_harm_gptoss_evaldescshape_650.jsonl,none+ga2,30,2,15,15,30,0.68603,0.64962,0.58696,0.73967,0.81878,0.59871,0.5705,0.71029,0.78004,0.53764,5.1
pool_hu_harm_gptoss_evaldescshape_650.jsonl,none+ga2,30,3,15,15,30,0.67905,0.70061,0.64934,0.5186,0.91557,0.63269,0.62511,0.64547,0.92188,0.61001,5.2
pool_hu_harm_gptoss_evaldescshape_650.jsonl,none+ga2,30,4,15,15,30,0.60065,0.62283,0.5189,0.59194,0.84273,0.44904,0.50854,0.64424,0.84877,0.48974,2.5
pool_hu_harm_gptoss_evaldescshape_650.jsonl,none+ga2,30,5,15,15,30,0.69822,0.67943,0.63894,0.68492,0.86066,0.60836,0.61256,0.70985,0.81028,0.58502,5.2
pool_hu_harm_gptoss_evaldescshape_650.jsonl,none+ga2,30,6,15,15,30,0.63364,0.65617,0.57656,0.61364,0.90588,0.43848,0.57558,0.72165,0.89035,0.43711,5.1
pool_hu_harm_gptoss_evaldescshape_650.jsonl,none+ga2,30,7,15,15,30,0.72904,0.7232,0.72023,0.6436,0.95545,0.59688,0.71269,0.65727,0.93479,0.58804,3.2
pool_hu_harm_gptoss_general_650.jsonl,none+ga2,30,0,15,15,30,0.78373,0.76684,0.89509,0.5155,0.96491,0.75941,0.81196,0.64881,0.9658,0.64077,3.0
pool_hu_harm_gptoss_general_650.jsonl,none+ga2,30,1,15,15,30,0.79929,0.77373,0.92533,0.56405,0.95478,0.75298,0.83694,0.67086,0.94604,0.64109,3.2
pool_hu_harm_gptoss_general_650.jsonl,none+ga2,30,2,15,15,30,0.77171,0.76955,0.87146,0.5,0.96102,0.75436,0.78839,0.67287,0.96892,0.64801,3.4
pool_hu_harm_gptoss_general_650.jsonl,none+ga2,30,3,15,15,30,0.74185,0.73513,0.82798,0.52376,0.93707,0.6786,0.76449,0.67966,0.92916,0.56721,3.4
pool_hu_harm_gptoss_general_650.jsonl,none+ga2,30,4,15,15,30,0.74599,0.7384,0.83176,0.58678,0.96302,0.60239,0.76849,0.67966,0.95455,0.55092,3.5
pool_hu_harm_gptoss_general_650.jsonl,none+ga2,30,5,15,15,30,0.78831,0.79936,0.86484,0.5155,0.97538,0.79752,0.81845,0.65449,0.97761,0.74688,3.9
pool_hu_harm_gptoss_general_650.jsonl,none+ga2,30,6,15,15,30,0.78825,0.78683,0.87146,0.53409,0.94854,0.7989,0.83618,0.63979,0.95414,0.7172,3.4
pool_hu_harm_gptoss_general_650.jsonl,none+ga2,30,7,15,15,30,0.78052,0.79101,0.91588,0.48967,0.97271,0.7438,0.84072,0.67821,0.97792,0.66717,3.4
pool_hu_harm_llama70b_evaldescshape_650.jsonl,none+ga2,30,0,15,15,30,0.59582,0.65387,0.5482,0.42149,0.90855,0.50505,0.53006,0.63912,0.93246,0.51385,3.5
pool_hu_harm_llama70b_evaldescshape_650.jsonl,none+ga2,30,1,15,15,30,0.64171,0.65814,0.6276,0.47004,0.90677,0.56244,0.56369,0.6448,0.926,0.49807,5.1
pool_hu_harm_llama70b_evaldescshape_650.jsonl,none+ga2,30,2,15,15,30,0.60928,0.64554,0.57561,0.42149,0.93406,0.50597,0.53839,0.64714,0.94542,0.45122,5.0
pool_hu_harm_llama70b_evaldescshape_650.jsonl,none+ga2,30,3,15,15,30,0.62361,0.66208,0.59641,0.45145,0.91078,0.53581,0.57667,0.60927,0.94393,0.51848,5.2
pool_hu_harm_llama70b_evaldescshape_650.jsonl,none+ga2,30,4,15,15,30,0.66056,0.66186,0.62098,0.55682,0.92036,0.54408,0.55147,0.62798,0.92043,0.54758,5.3
pool_hu_harm_llama70b_evaldescshape_650.jsonl,none+ga2,30,5,15,15,30,0.64394,0.67801,0.59924,0.4845,0.91256,0.57943,0.62197,0.64769,0.93715,0.50521,5.4
pool_hu_harm_llama70b_evaldescshape_650.jsonl,none+ga2,30,6,15,15,30,0.6092,0.64404,0.53497,0.5062,0.85843,0.53719,0.52465,0.68356,0.88379,0.48417,5.4
pool_hu_harm_llama70b_evaldescshape_650.jsonl,none+ga2,30,7,15,15,30,0.65555,0.70069,0.70888,0.37603,0.94409,0.5932,0.71086,0.62653,0.97025,0.49511,3.4
pool_hu_harm_llama70b_full-ai_dilemmas_650.jsonl,none+ga2,30,0,15,15,30,0.69538,0.70942,0.78544,0.3719,0.91435,0.70983,0.68026,0.62731,0.91535,0.61474,3.6
pool_hu_harm_llama70b_full-ai_dilemmas_650.jsonl,none+ga2,30,1,15,15,30,0.73782,0.78467,0.8828,0.31612,0.95946,0.79293,0.80796,0.58822,0.95866,0.78384,3.9
pool_hu_harm_llama70b_full-ai_dilemmas_650.jsonl,none+ga2,30,2,15,15,30,0.79414,0.80289,0.98299,0.43079,0.9276,0.83517,0.9042,0.57129,0.96256,0.77353,3.6
pool_hu_harm_llama70b_full-ai_dilemmas_650.jsonl,none+ga2,30,3,15,15,30,0.74502,0.79636,0.95274,0.38223,0.90867,0.73646,0.88419,0.62163,0.91947,0.76015,3.5
pool_hu_harm_llama70b_full-ai_dilemmas_650.jsonl,none+ga2,30,4,15,15,30,0.69623,0.69807,0.71739,0.39876,0.94197,0.72681,0.62316,0.5284,0.9405,0.70023,5.2
pool_hu_harm_llama70b_full-ai_dilemmas_650.jsonl,none+ga2,30,5,15,15,30,0.75896,0.81311,0.87051,0.42872,0.94186,0.79477,0.84721,0.66139,0.94812,0.79571,5.2
pool_hu_harm_llama70b_full-ai_dilemmas_650.jsonl,none+ga2,30,6,15,15,30,0.78297,0.80257,0.88847,0.5062,0.94475,0.79247,0.84115,0.66206,0.93971,0.76734,5.2
pool_hu_harm_llama70b_full-ai_dilemmas_650.jsonl,none+ga2,30,7,15,15,30,0.70474,0.75613,0.75803,0.45041,0.94108,0.66942,0.73832,0.63812,0.94298,0.70512,4.9
pool_hu_harm_llama70b_full-ant_hh_650.jsonl,none+ga2,30,0,15,15,30,0.65075,0.65471,0.60397,0.55682,0.92983,0.5124,0.55428,0.6037,0.92081,0.54004,5.0
pool_hu_harm_llama70b_full-ant_hh_650.jsonl,none+ga2,30,1,15,15,30,0.63908,0.64305,0.57467,0.51756,0.90165,0.56244,0.54185,0.5695,0.89869,0.56216,2.2
pool_hu_harm_llama70b_full-ant_hh_650.jsonl,none+ga2,30,2,15,15,30,0.61703,0.63828,0.54159,0.48967,0.88683,0.55005,0.52098,0.57886,0.90266,0.5506,2.2
pool_hu_harm_llama70b_full-ant_hh_650.jsonl,none+ga2,30,3,15,15,30,0.64727,0.65091,0.55388,0.59401,0.89207,0.54913,0.52584,0.61528,0.9027,0.55982,3.7
pool_hu_harm_llama70b_full-ant_hh_650.jsonl,none+ga2,30,4,15,15,30,0.64818,0.63629,0.5879,0.57335,0.89151,0.53994,0.52271,0.58955,0.88397,0.54894,2.3
pool_hu_harm_llama70b_full-ant_hh_650.jsonl,none+ga2,30,5,15,15,30,0.65507,0.65008,0.57561,0.56405,0.89385,0.58678,0.54736,0.59055,0.88785,0.57455,2.4
pool_hu_harm_llama70b_full-ant_hh_650.jsonl,none+ga2,30,6,15,15,30,0.63409,0.65058,0.569,0.47521,0.89619,0.59596,0.54715,0.57184,0.91176,0.57158,2.2
pool_hu_harm_llama70b_full-ant_hh_650.jsonl,none+ga2,30,7,15,15,30,0.62375,0.63885,0.54631,0.53512,0.91034,0.50321,0.52692,0.57329,0.91428,0.54092,2.2
pool_hu_harm_llama70b_full-balanced_refusal_650.jsonl,none+ga2,30,0,15,15,30,0.54428,0.59228,0.5983,0.30992,0.9452,0.32369,0.55785,0.58499,0.96401,0.26229,2.9
pool_hu_harm_llama70b_full-balanced_refusal_650.jsonl,none+ga2,30,1,15,15,30,0.59875,0.6348,0.63138,0.35744,0.95623,0.44995,0.57104,0.61038,0.96783,0.38994,4.2
pool_hu_harm_llama70b_full-balanced_refusal_650.jsonl,none+ga2,30,2,15,15,30,0.58157,0.61693,0.55198,0.41736,0.93317,0.42378,0.5253,0.60069,0.94062,0.40108,4.5
pool_hu_harm_llama70b_full-balanced_refusal_650.jsonl,none+ga2,30,3,15,15,30,0.58053,0.62729,0.5293,0.44421,0.93907,0.40955,0.51849,0.65081,0.94726,0.3926,3.1
pool_hu_harm_llama70b_full-balanced_refusal_650.jsonl,none+ga2,30,4,15,15,30,0.57621,0.65051,0.60775,0.38946,0.95823,0.3494,0.58932,0.66151,0.96551,0.38572,5.0
pool_hu_harm_llama70b_full-balanced_refusal_650.jsonl,none+ga2,30,5,15,15,30,0.54699,0.58399,0.59074,0.32128,0.9472,0.32874,0.53514,0.57986,0.96376,0.25718,4.1
pool_hu_harm_llama70b_full-balanced_refusal_650.jsonl,none+ga2,30,6,15,15,30,0.54681,0.60847,0.55955,0.34814,0.94531,0.33425,0.53493,0.62675,0.9646,0.30758,3.0
pool_hu_harm_llama70b_full-balanced_refusal_650.jsonl,none+ga2,30,7,15,15,30,0.52758,0.57434,0.54348,0.36983,0.94264,0.25436,0.51773,0.60927,0.95863,0.21173,3.3
pool_hu_harm_llama70b_full-daily_dilemmas_650.jsonl,none+ga2,30,0,15,15,30,0.75328,0.77377,0.86389,0.33574,0.87636,0.9371,0.82245,0.4922,0.88605,0.89437,5.3
pool_hu_harm_llama70b_full-daily_dilemmas_650.jsonl,none+ga2,30,1,15,15,30,0.87603,0.85769,0.97164,0.64566,0.96581,0.92103,0.93858,0.6292,0.94351,0.91946,5.4
pool_hu_harm_llama70b_full-daily_dilemmas_650.jsonl,none+ga2,30,2,15,15,30,0.80735,0.81615,0.89603,0.51033,0.94564,0.87741,0.85521,0.57273,0.93965,0.89702,5.0
pool_hu_harm_llama70b_full-daily_dilemmas_650.jsonl,none+ga2,30,3,15,15,30,0.82989,0.8488,0.95558,0.54236,0.89875,0.92287,0.92561,0.61172,0.9381,0.91977,5.2
pool_hu_harm_llama70b_full-daily_dilemmas_650.jsonl,none+ga2,30,4,15,15,30,0.77423,0.82295,0.89792,0.38326,0.91858,0.89715,0.85737,0.59312,0.9209,0.9204,5.3
pool_hu_harm_llama70b_full-daily_dilemmas_650.jsonl,none+ga2,30,5,15,15,30,0.81274,0.78405,0.79301,0.59711,0.93295,0.92792,0.72686,0.55681,0.92725,0.92529,4.8
pool_hu_harm_llama70b_full-daily_dilemmas_650.jsonl,none+ga2,30,6,15,15,30,0.82505,0.81427,0.95652,0.50723,0.96592,0.87052,0.89565,0.57418,0.95637,0.83085,2.7
pool_hu_harm_llama70b_full-daily_dilemmas_650.jsonl,none+ga2,30,7,15,15,30,0.82343,0.83346,0.94707,0.4876,0.97427,0.88476,0.91252,0.58086,0.97211,0.86834,2.7
pool_hu_harm_llama70b_general_650.jsonl,none+ga2,30,0,15,15,30,0.66098,0.6727,0.59357,0.59711,0.85821,0.59504,0.59602,0.68078,0.88194,0.53207,4.5
pool_hu_harm_llama70b_general_650.jsonl,none+ga2,30,1,15,15,30,0.67405,0.68798,0.63989,0.52583,0.92303,0.60744,0.63884,0.63555,0.94226,0.53525,3.2
pool_hu_harm_llama70b_general_650.jsonl,none+ga2,30,2,15,15,30,0.67432,0.67977,0.59924,0.60331,0.87581,0.61892,0.59407,0.6673,0.90939,0.54831,5.2
pool_hu_harm_llama70b_general_650.jsonl,none+ga2,30,3,15,15,30,0.70772,0.70191,0.64083,0.63843,0.91479,0.63682,0.63927,0.67019,0.92501,0.57315,4.2
pool_hu_harm_llama70b_general_650.jsonl,none+ga2,30,4,15,15,30,0.68048,0.69193,0.64272,0.56715,0.9207,0.59137,0.61235,0.6585,0.9369,0.55998,3.5
pool_hu_harm_llama70b_general_650.jsonl,none+ga2,30,5,15,15,30,0.66608,0.6806,0.60586,0.53409,0.91602,0.60836,0.59818,0.65204,0.9294,0.54279,3.1
pool_hu_harm_llama70b_general_650.jsonl,none+ga2,30,6,15,15,30,0.68568,0.66957,0.5775,0.67149,0.86378,0.62994,0.59386,0.65872,0.87354,0.55217,3.2
pool_hu_harm_llama70b_general_650.jsonl,none+ga2,30,7,15,15,30,0.68161,0.68251,0.60964,0.60744,0.90376,0.6056,0.5931,0.6654,0.92214,0.54941,3.9
pool_hu_harm_llama70b_minimal-ai_dilemmas_650.jsonl,none+ga2,30,0,15,15,30,0.59192,0.62016,0.51985,0.54855,0.79149,0.50781,0.51611,0.65805,0.83763,0.46887,2.3
pool_hu_harm_llama70b_minimal-ai_dilemmas_650.jsonl,none+ga2,30,1,15,15,30,0.59255,0.62874,0.51796,0.50723,0.8395,0.50551,0.5173,0.65694,0.86019,0.48053,4.6
pool_hu_harm_llama70b_minimal-ai_dilemmas_650.jsonl,none+ga2,30,2,15,15,30,0.60783,0.65806,0.53875,0.47727,0.89051,0.52479,0.53428,0.6732,0.92922,0.49552,2.7
pool_hu_harm_llama70b_minimal-ai_dilemmas_650.jsonl,none+ga2,30,3,15,15,30,0.62462,0.63688,0.54442,0.59091,0.84339,0.51974,0.51968,0.65159,0.8812,0.49505,2.3
pool_hu_harm_llama70b_minimal-ai_dilemmas_650.jsonl,none+ga2,30,4,15,15,30,0.58091,0.62076,0.50189,0.50207,0.87525,0.44444,0.50995,0.6526,0.88574,0.43477,2.3
pool_hu_harm_llama70b_minimal-ai_dilemmas_650.jsonl,none+ga2,30,5,15,15,30,0.60748,0.62954,0.50567,0.59814,0.80452,0.52158,0.50216,0.67888,0.83693,0.50021,2.3
pool_hu_harm_llama70b_minimal-ai_dilemmas_650.jsonl,none+ga2,30,6,15,15,30,0.58074,0.62478,0.4896,0.54442,0.76231,0.52663,0.50054,0.70216,0.78187,0.51453,2.3
pool_hu_harm_llama70b_minimal-ai_dilemmas_650.jsonl,none+ga2,30,7,15,15,30,0.5739,0.62077,0.52741,0.41529,0.82858,0.52433,0.51546,0.62085,0.86995,0.47683,2.3
pool_hu_harm_llama70b_minimal-ant_hh_650.jsonl,none+ga2,30,0,15,15,30,0.69454,0.69879,0.78544,0.5124,0.9413,0.53903,0.70134,0.5362,0.93885,0.61875,3.2
pool_hu_harm_llama70b_minimal-ant_hh_650.jsonl,none+ga2,30,1,15,15,30,0.75263,0.74776,0.90265,0.50826,0.9628,0.63682,0.79369,0.56349,0.95781,0.67607,4.4
pool_hu_harm_llama70b_minimal-ant_hh_650.jsonl,none+ga2,30,2,15,15,30,0.73706,0.73827,0.83176,0.5062,0.956,0.65427,0.74665,0.54645,0.9599,0.70007,5.0
pool_hu_harm_llama70b_minimal-ant_hh_650.jsonl,none+ga2,30,3,15,15,30,0.70458,0.68578,0.71645,0.4969,0.94888,0.65611,0.621,0.5616,0.95026,0.61027,4.5
pool_hu_harm_llama70b_minimal-ant_hh_650.jsonl,none+ga2,30,4,15,15,30,0.74233,0.73772,0.88374,0.54029,0.9452,0.60009,0.7606,0.56683,0.94375,0.67972,4.8
pool_hu_harm_llama70b_minimal-ant_hh_650.jsonl,none+ga2,30,5,15,15,30,0.7618,0.7668,0.90832,0.44628,0.96625,0.72635,0.83651,0.52629,0.96999,0.73443,3.8
pool_hu_harm_llama70b_minimal-ant_hh_650.jsonl,none+ga2,30,6,15,15,30,0.74008,0.73268,0.8327,0.53099,0.95199,0.64463,0.74719,0.56115,0.94659,0.67581,4.2
pool_hu_harm_llama70b_minimal-ant_hh_650.jsonl,none+ga2,30,7,15,15,30,0.75046,0.73429,0.8535,0.55579,0.95756,0.63499,0.78763,0.53297,0.95562,0.66092,5.1
pool_hu_harm_llama70b_minimal-balanced_refusal_650.jsonl,none+ga2,30,0,15,15,30,0.7312,0.7006,0.79868,0.57955,0.95155,0.59504,0.70491,0.53353,0.95208,0.61188,5.5
pool_hu_harm_llama70b_minimal-balanced_refusal_650.jsonl,none+ga2,30,1,15,15,30,0.70802,0.70913,0.76938,0.56508,0.93885,0.55877,0.66458,0.62698,0.92768,0.61729,4.4
pool_hu_harm_llama70b_minimal-balanced_refusal_650.jsonl,none+ga2,30,2,15,15,30,0.75191,0.73292,0.89698,0.49277,0.97282,0.64509,0.75032,0.5656,0.96914,0.64661,3.3
pool_hu_harm_llama70b_minimal-balanced_refusal_650.jsonl,none+ga2,30,3,15,15,30,0.7048,0.73276,0.88563,0.38326,0.96491,0.5854,0.7979,0.53876,0.9565,0.63786,4.4
pool_hu_harm_llama70b_minimal-balanced_refusal_650.jsonl,none+ga2,30,4,15,15,30,0.71626,0.72844,0.86011,0.46281,0.96636,0.57576,0.74795,0.51949,0.96254,0.68378,4.5
pool_hu_harm_llama70b_minimal-balanced_refusal_650.jsonl,none+ga2,30,5,15,15,30,0.72315,0.71533,0.75614,0.57645,0.95534,0.60468,0.67723,0.61472,0.95239,0.61698,3.5
pool_hu_harm_llama70b_minimal-balanced_refusal_650.jsonl,none+ga2,30,6,15,15,30,0.7287,0.72717,0.9017,0.42665,0.97305,0.61341,0.74492,0.57864,0.97199,0.61313,4.1
pool_hu_harm_llama70b_minimal-balanced_refusal_650.jsonl,none+ga2,30,7,15,15,30,0.79514,0.76874,0.862,0.57438,0.96135,0.78283,0.83467,0.56416,0.96216,0.71397,4.7
pool_hu_harm_llama70b_minimal-daily_dilemmas_650.jsonl,none+ga2,30,0,15,15,30,0.68314,0.71802,0.77505,0.39566,0.94386,0.618,0.70848,0.62887,0.97251,0.56221,4.2
pool_hu_harm_llama70b_minimal-daily_dilemmas_650.jsonl,none+ga2,30,1,15,15,30,0.71203,0.70891,0.79584,0.50826,0.89252,0.65152,0.75735,0.61562,0.91591,0.54675,5.4
pool_hu_harm_llama70b_minimal-daily_dilemmas_650.jsonl,none+ga2,30,2,15,15,30,0.6782,0.7043,0.72117,0.53512,0.87937,0.57713,0.72383,0.68467,0.90697,0.50172,5.2
pool_hu_harm_llama70b_minimal-daily_dilemmas_650.jsonl,none+ga2,30,3,15,15,30,0.72566,0.74886,0.81758,0.48554,0.92415,0.67539,0.79563,0.66295,0.95185,0.58502,4.1
pool_hu_harm_llama70b_minimal-daily_dilemmas_650.jsonl,none+ga2,30,4,15,15,30,0.7241,0.71856,0.76843,0.57438,0.90299,0.6506,0.74622,0.66462,0.92323,0.54019,3.4
pool_hu_harm_llama70b_minimal-daily_dilemmas_650.jsonl,none+ga2,30,5,15,15,30,0.74698,0.77082,0.83365,0.49174,0.91412,0.74839,0.80223,0.64881,0.95044,0.6818,3.3
pool_hu_harm_llama70b_minimal-daily_dilemmas_650.jsonl,none+ga2,30,6,15,15,30,0.67481,0.70414,0.78072,0.48347,0.88271,0.55234,0.77195,0.66496,0.88769,0.49198,3.2
pool_hu_harm_llama70b_minimal-daily_dilemmas_650.jsonl,none+ga2,30,7,15,15,30,0.77367,0.79941,0.87146,0.45145,0.92927,0.84252,0.82991,0.65794,0.93628,0.77353,5.3
pool_hu_harm_nemotron_evaldescshape_650.jsonl,none+ga2,30,0,15,15,30,0.58141,0.64178,0.52079,0.40702,0.89508,0.50275,0.51503,0.6585,0.9275,0.46611,2.7
pool_hu_harm_nemotron_evaldescshape_650.jsonl,none+ga2,30,1,15,15,30,0.59454,0.61602,0.50756,0.6343,0.68579,0.55051,0.50616,0.70105,0.70121,0.55565,3.2
pool_hu_harm_nemotron_evaldescshape_650.jsonl,none+ga2,30,2,15,15,30,0.65733,0.66421,0.56522,0.43285,0.89708,0.73416,0.56564,0.58966,0.93986,0.56169,3.2
pool_hu_harm_nemotron_evaldescshape_650.jsonl,none+ga2,30,3,15,15,30,0.71266,0.7335,0.66257,0.47107,0.95255,0.76446,0.65441,0.68924,0.95016,0.6402,4.5
pool_hu_harm_nemotron_evaldescshape_650.jsonl,none+ga2,30,4,15,15,30,0.6666,0.69544,0.62949,0.41219,0.92961,0.69513,0.60229,0.6712,0.9399,0.56836,5.2
pool_hu_harm_nemotron_evaldescshape_650.jsonl,none+ga2,30,5,15,15,30,0.68711,0.68826,0.69471,0.52376,0.9207,0.60927,0.64111,0.69782,0.93076,0.48334,3.3
pool_hu_harm_nemotron_evaldescshape_650.jsonl,none+ga2,30,6,15,15,30,0.67237,0.67458,0.6465,0.4876,0.94609,0.60927,0.62727,0.62386,0.94031,0.50687,4.8
pool_hu_harm_nemotron_evaldescshape_650.jsonl,none+ga2,30,7,15,15,30,0.76507,0.76872,0.80246,0.4814,0.95456,0.82185,0.7433,0.66596,0.9605,0.70512,3.2
pool_hu_harm_nemotron_general_650.jsonl,none+ga2,30,0,15,15,30,0.69758,0.69792,0.68336,0.47624,0.94475,0.68595,0.63376,0.67476,0.95281,0.53035,4.3
pool_hu_harm_nemotron_general_650.jsonl,none+ga2,30,1,15,15,30,0.66433,0.68468,0.65879,0.48967,0.93495,0.57392,0.59991,0.63878,0.94256,0.55748,4.6
pool_hu_harm_nemotron_general_650.jsonl,none+ga2,30,2,15,15,30,0.65624,0.67549,0.64745,0.43079,0.93607,0.61065,0.58488,0.63088,0.95017,0.53603,4.3
pool_hu_harm_nemotron_general_650.jsonl,none+ga2,30,3,15,15,30,0.68816,0.70741,0.73346,0.46488,0.92849,0.6258,0.67874,0.68835,0.94657,0.51598,5.2
pool_hu_harm_nemotron_general_650.jsonl,none+ga2,30,4,15,15,30,0.64361,0.68558,0.71172,0.40393,0.96291,0.49587,0.66923,0.63678,0.97229,0.46403,5.1
pool_hu_harm_nemotron_general_650.jsonl,none+ga2,30,5,15,15,30,0.60211,0.64547,0.57656,0.40393,0.89675,0.53122,0.53568,0.61406,0.91356,0.51859,4.2
pool_hu_harm_nemotron_general_650.jsonl,none+ga2,30,6,15,15,30,0.64166,0.66675,0.67108,0.41012,0.93584,0.54959,0.60078,0.63834,0.9395,0.48839,4.1
pool_hu_harm_nemotron_general_650.jsonl,none+ga2,30,7,15,15,30,0.6638,0.67461,0.61059,0.50826,0.94865,0.5877,0.58488,0.61617,0.95496,0.54243,3.5
pool_hu_harm_deepseekv4pro_evaldescshape_650.jsonl,none+ga1bs16,10,0,5,5,10,0.57368,0.63899,0.55293,0.37397,0.89675,0.47107,0.5279,0.61617,0.90043,0.51145,5.4
pool_hu_harm_deepseekv4pro_evaldescshape_650.jsonl,none+ga1bs16,10,1,5,5,10,0.58741,0.61831,0.53781,0.47624,0.92192,0.41368,0.51298,0.62731,0.92715,0.40582,2.6
pool_hu_harm_deepseekv4pro_evaldescshape_650.jsonl,none+ga1bs16,10,2,5,5,10,0.5779,0.59438,0.54159,0.54236,0.67164,0.55601,0.53255,0.60114,0.68178,0.56206,2.4
pool_hu_harm_deepseekv4pro_evaldescshape_650.jsonl,none+ga1bs16,10,3,5,5,10,0.6252,0.63445,0.55766,0.52996,0.91457,0.49862,0.5359,0.59022,0.91017,0.50151,2.6
pool_hu_harm_deepseekv4pro_evaldescshape_650.jsonl,none+ga1bs16,10,4,5,5,10,0.56165,0.61352,0.51796,0.39669,0.82323,0.50872,0.50919,0.60013,0.82508,0.51968,2.4
pool_hu_harm_deepseekv4pro_evaldescshape_650.jsonl,none+ga1bs16,10,5,5,5,10,0.57956,0.60338,0.51229,0.47314,0.90766,0.42516,0.50735,0.65349,0.88384,0.36886,2.9
pool_hu_harm_deepseekv4pro_evaldescshape_650.jsonl,none+ga1bs16,10,6,5,5,10,0.60799,0.61338,0.53875,0.55475,0.73881,0.59963,0.54585,0.64246,0.7343,0.53092,4.4
pool_hu_harm_deepseekv4pro_evaldescshape_650.jsonl,none+ga1bs16,10,7,5,5,10,0.57885,0.63048,0.52268,0.47107,0.85242,0.46924,0.51135,0.62954,0.87581,0.50521,2.3
pool_hu_harm_deepseekv4pro_general_650.jsonl,none+ga1bs16,10,0,5,5,10,0.59665,0.66852,0.56616,0.38946,0.93373,0.49725,0.54693,0.66195,0.93965,0.52556,4.3
pool_hu_harm_deepseekv4pro_general_650.jsonl,none+ga1bs16,10,1,5,5,10,0.62691,0.64634,0.59546,0.45351,0.92883,0.52984,0.55353,0.5675,0.93898,0.52535,4.0
pool_hu_harm_deepseekv4pro_general_650.jsonl,none+ga1bs16,10,2,5,5,10,0.60913,0.65084,0.60491,0.36674,0.92448,0.5404,0.58088,0.60838,0.93881,0.47527,4.0
pool_hu_harm_deepseekv4pro_general_650.jsonl,none+ga1bs16,10,3,5,5,10,0.62995,0.65229,0.65217,0.37293,0.93362,0.56107,0.56358,0.63778,0.95,0.45778,4.4
pool_hu_harm_deepseekv4pro_general_650.jsonl,none+ga1bs16,10,4,5,5,10,0.65534,0.68198,0.6276,0.44525,0.91446,0.63407,0.59472,0.59546,0.90393,0.6338,4.3
pool_hu_harm_deepseekv4pro_general_650.jsonl,none+ga1bs16,10,5,5,5,10,0.58916,0.63831,0.56616,0.36157,0.89218,0.53673,0.53579,0.58476,0.91676,0.51593,3.2
pool_hu_harm_deepseekv4pro_general_650.jsonl,none+ga1bs16,10,6,5,5,10,0.62623,0.67752,0.68715,0.29339,0.9413,0.5831,0.61365,0.59122,0.94884,0.55638,3.6
pool_hu_harm_deepseekv4pro_general_650.jsonl,none+ga1bs16,10,7,5,5,10,0.62368,0.66526,0.64934,0.40393,0.95066,0.49082,0.59472,0.62932,0.96335,0.47366,4.0
pool_hu_harm_gptoss_evaldescshape_650.jsonl,none+ga1bs16,10,0,5,5,10,0.59565,0.6387,0.54537,0.51963,0.86857,0.44904,0.5332,0.66117,0.86154,0.49891,4.0
pool_hu_harm_gptoss_evaldescshape_650.jsonl,none+ga1bs16,10,1,5,5,10,0.62826,0.62981,0.55009,0.72934,0.70929,0.52433,0.55666,0.76231,0.69013,0.51015,2.5
pool_hu_harm_gptoss_evaldescshape_650.jsonl,none+ga1bs16,10,2,5,5,10,0.6207,0.64014,0.53308,0.62293,0.82401,0.50275,0.51535,0.68445,0.83493,0.52582,2.1
pool_hu_harm_gptoss_evaldescshape_650.jsonl,none+ga1bs16,10,3,5,5,10,0.6101,0.61749,0.52647,0.67252,0.72856,0.51286,0.51384,0.69136,0.72754,0.53722,2.3
pool_hu_harm_gptoss_evaldescshape_650.jsonl,none+ga1bs16,10,4,5,5,10,0.65516,0.64893,0.57183,0.64463,0.90098,0.50321,0.56131,0.69648,0.86869,0.46923,2.9
pool_hu_harm_gptoss_evaldescshape_650.jsonl,none+ga1bs16,10,5,5,5,10,0.55804,0.55006,0.49433,0.7438,0.43618,0.55785,0.49881,0.7417,0.40949,0.55024,2.2
pool_hu_harm_gptoss_evaldescshape_650.jsonl,none+ga1bs16,10,6,5,5,10,0.56795,0.63208,0.53025,0.38533,0.90766,0.44858,0.51903,0.62252,0.91986,0.46689,3.9
pool_hu_harm_gptoss_evaldescshape_650.jsonl,none+ga1bs16,10,7,5,5,10,0.63721,0.64488,0.54537,0.61054,0.85208,0.54086,0.55071,0.68735,0.8143,0.52718,2.3
pool_hu_harm_gptoss_general_650.jsonl,none+ga1bs16,10,0,5,5,10,0.72884,0.74085,0.80813,0.49897,0.96503,0.64325,0.75249,0.64112,0.94944,0.62037,3.9
pool_hu_harm_gptoss_general_650.jsonl,none+ga1bs16,10,1,5,5,10,0.74413,0.73196,0.78072,0.50517,0.96658,0.72406,0.67063,0.65805,0.96524,0.6339,3.1
pool_hu_harm_gptoss_general_650.jsonl,none+ga1bs16,10,2,5,5,10,0.81738,0.81629,0.91304,0.55475,0.92615,0.87557,0.8803,0.62998,0.91684,0.83804,2.9
pool_hu_harm_gptoss_general_650.jsonl,none+ga1bs16,10,3,5,5,10,0.67344,0.67626,0.59357,0.61777,0.90622,0.57622,0.57915,0.63355,0.91606,0.57627,3.7
pool_hu_harm_gptoss_general_650.jsonl,none+ga1bs16,10,4,5,5,10,0.65606,0.68085,0.70888,0.47004,0.94943,0.49587,0.65182,0.6047,0.92924,0.53764,2.6
pool_hu_harm_gptoss_general_650.jsonl,none+ga1bs16,10,5,5,5,10,0.69595,0.71857,0.65501,0.5155,0.95077,0.66253,0.68231,0.66708,0.95621,0.56867,3.6
pool_hu_harm_gptoss_general_650.jsonl,none+ga1bs16,10,6,5,5,10,0.65291,0.67128,0.69471,0.43182,0.94241,0.5427,0.64176,0.63823,0.94383,0.46132,3.0
pool_hu_harm_gptoss_general_650.jsonl,none+ga1bs16,10,7,5,5,10,0.72256,0.70495,0.6862,0.66116,0.93729,0.6056,0.6702,0.63455,0.93129,0.58377,3.1
pool_hu_harm_llama70b_evaldescshape_650.jsonl,none+ga1bs16,10,0,5,5,10,0.57711,0.60448,0.54159,0.37603,0.92526,0.46556,0.52,0.60214,0.93874,0.35704,2.5
pool_hu_harm_llama70b_evaldescshape_650.jsonl,none+ga1bs16,10,1,5,5,10,0.60764,0.63268,0.58034,0.50413,0.83827,0.50781,0.57223,0.66641,0.82909,0.46298,4.2
pool_hu_harm_llama70b_evaldescshape_650.jsonl,none+ga1bs16,10,2,5,5,10,0.60719,0.61147,0.50945,0.6126,0.75574,0.55096,0.50703,0.61328,0.80235,0.52322,4.8
pool_hu_harm_llama70b_evaldescshape_650.jsonl,none+ga1bs16,10,3,5,5,10,0.58171,0.60012,0.50473,0.51963,0.78915,0.51331,0.50314,0.55603,0.81806,0.52327,2.4
pool_hu_harm_llama70b_evaldescshape_650.jsonl,none+ga1bs16,10,4,5,5,10,0.6048,0.60341,0.54631,0.71591,0.6106,0.54637,0.52822,0.75317,0.60985,0.52239,2.5
pool_hu_harm_llama70b_evaldescshape_650.jsonl,none+ga1bs16,10,5,5,5,10,0.57399,0.60592,0.49527,0.53409,0.74226,0.52433,0.50184,0.63912,0.76496,0.51775,2.3
pool_hu_harm_llama70b_evaldescshape_650.jsonl,none+ga1bs16,10,6,5,5,10,0.57863,0.59272,0.53497,0.48554,0.77656,0.51745,0.50941,0.60147,0.74301,0.51697,2.4
pool_hu_harm_llama70b_evaldescshape_650.jsonl,none+ga1bs16,10,7,5,5,10,0.66469,0.64983,0.59735,0.65289,0.88004,0.52847,0.57818,0.66863,0.86645,0.48605,4.9
pool_hu_harm_llama70b_full-ai_dilemmas_650.jsonl,none+ga1bs16,10,0,5,5,10,0.60674,0.64355,0.63043,0.27583,0.91602,0.60468,0.60727,0.48741,0.92688,0.55263,3.5
pool_hu_harm_llama70b_full-ai_dilemmas_650.jsonl,none+ga1bs16,10,1,5,5,10,0.61089,0.65134,0.67297,0.31818,0.91524,0.53719,0.62587,0.54511,0.93067,0.5037,4.5
pool_hu_harm_llama70b_full-ai_dilemmas_650.jsonl,none+ga1bs16,10,2,5,5,10,0.6078,0.60887,0.55577,0.47831,0.87325,0.52388,0.52098,0.58432,0.87713,0.45304,4.5
pool_hu_harm_llama70b_full-ai_dilemmas_650.jsonl,none+ga1bs16,10,3,5,5,10,0.62887,0.6593,0.60113,0.37293,0.91836,0.62305,0.57115,0.57062,0.92978,0.56565,4.3
pool_hu_harm_llama70b_full-ai_dilemmas_650.jsonl,none+ga1bs16,10,4,5,5,10,0.58445,0.60816,0.58507,0.39153,0.83549,0.52571,0.58769,0.49298,0.83874,0.51322,4.1
pool_hu_harm_llama70b_full-ai_dilemmas_650.jsonl,none+ga1bs16,10,5,5,5,10,0.61642,0.62612,0.67486,0.41219,0.89563,0.48301,0.55363,0.52885,0.88974,0.53228,4.5
pool_hu_harm_llama70b_full-ai_dilemmas_650.jsonl,none+ga1bs16,10,6,5,5,10,0.59746,0.63077,0.54253,0.5,0.89185,0.45546,0.52628,0.66496,0.90401,0.42784,2.5
pool_hu_harm_llama70b_full-ai_dilemmas_650.jsonl,none+ga1bs16,10,7,5,5,10,0.68736,0.68926,0.74764,0.39463,0.91802,0.68916,0.64436,0.61361,0.89986,0.59923,2.5
pool_hu_harm_llama70b_full-ant_hh_650.jsonl,none+ga1bs16,10,0,5,5,10,0.58667,0.634,0.58412,0.36777,0.87458,0.5202,0.53666,0.58008,0.8661,0.55315,2.1
pool_hu_harm_llama70b_full-ant_hh_650.jsonl,none+ga1bs16,10,1,5,5,10,0.58519,0.60598,0.51701,0.52686,0.78726,0.50964,0.50995,0.62631,0.789,0.49865,2.1
pool_hu_harm_llama70b_full-ant_hh_650.jsonl,none+ga1bs16,10,2,5,5,10,0.60299,0.63072,0.54253,0.44525,0.90076,0.52342,0.52184,0.56572,0.88918,0.54613,4.0
pool_hu_harm_llama70b_full-ant_hh_650.jsonl,none+ga1bs16,10,3,5,5,10,0.65178,0.65867,0.58979,0.58471,0.86422,0.56841,0.54801,0.62932,0.86629,0.59106,4.4
pool_hu_harm_llama70b_full-ant_hh_650.jsonl,none+ga1bs16,10,4,5,5,10,0.60487,0.62349,0.55009,0.5031,0.82635,0.53994,0.52736,0.58788,0.83479,0.54394,2.3
pool_hu_harm_llama70b_full-ant_hh_650.jsonl,none+ga1bs16,10,5,5,5,10,0.65014,0.66953,0.59357,0.48967,0.93284,0.58448,0.5731,0.57875,0.93867,0.58762,2.2
pool_hu_harm_llama70b_full-ant_hh_650.jsonl,none+ga1bs16,10,6,5,5,10,0.60712,0.65052,0.56238,0.40186,0.9266,0.53765,0.54001,0.59211,0.92614,0.54384,2.4
pool_hu_harm_llama70b_full-ant_hh_650.jsonl,none+ga1bs16,10,7,5,5,10,0.62255,0.63002,0.53497,0.58161,0.85342,0.5202,0.52768,0.5832,0.86785,0.54134,3.8
pool_hu_harm_llama70b_full-balanced_refusal_650.jsonl,none+ga1bs16,10,0,5,5,10,0.56175,0.60566,0.55388,0.42562,0.93462,0.33287,0.52768,0.62497,0.94917,0.3208,2.8
pool_hu_harm_llama70b_full-balanced_refusal_650.jsonl,none+ga1bs16,10,1,5,5,10,0.57978,0.65517,0.52836,0.45041,0.92393,0.41644,0.51806,0.71051,0.93219,0.45991,4.2
pool_hu_harm_llama70b_full-balanced_refusal_650.jsonl,none+ga1bs16,10,2,5,5,10,0.54986,0.59788,0.57089,0.31818,0.93573,0.37466,0.56207,0.58766,0.95468,0.28712,3.9
pool_hu_harm_llama70b_full-balanced_refusal_650.jsonl,none+ga1bs16,10,3,5,5,10,0.52494,0.57521,0.5482,0.30269,0.93161,0.31726,0.5199,0.53408,0.95709,0.28978,3.7
pool_hu_harm_llama70b_full-balanced_refusal_650.jsonl,none+ga1bs16,10,4,5,5,10,0.57292,0.60769,0.59074,0.35847,0.94164,0.40083,0.53849,0.59378,0.95966,0.33882,2.7
pool_hu_harm_llama70b_full-balanced_refusal_650.jsonl,none+ga1bs16,10,5,5,5,10,0.57194,0.59758,0.56616,0.40186,0.92626,0.39348,0.52498,0.57607,0.94549,0.34376,3.0
pool_hu_harm_llama70b_full-balanced_refusal_650.jsonl,none+ga1bs16,10,6,5,5,10,0.53101,0.59035,0.54159,0.33058,0.91624,0.33563,0.52768,0.59445,0.92972,0.30956,3.9
pool_hu_harm_llama70b_full-balanced_refusal_650.jsonl,none+ga1bs16,10,7,5,5,10,0.53875,0.59076,0.56238,0.35124,0.94342,0.29798,0.54228,0.60192,0.9618,0.25703,2.8
pool_hu_harm_llama70b_full-daily_dilemmas_650.jsonl,none+ga1bs16,10,0,5,5,10,0.54785,0.59564,0.51418,0.39979,0.77144,0.50597,0.50022,0.56193,0.80335,0.51708,2.2
pool_hu_harm_llama70b_full-daily_dilemmas_650.jsonl,none+ga1bs16,10,1,5,5,10,0.54743,0.57267,0.49905,0.45661,0.67665,0.55739,0.49957,0.57374,0.67645,0.54092,4.9
pool_hu_harm_llama70b_full-daily_dilemmas_650.jsonl,none+ga1bs16,10,2,5,5,10,0.54878,0.60509,0.52741,0.35847,0.75139,0.55785,0.512,0.58855,0.78519,0.53462,2.4
pool_hu_harm_llama70b_full-daily_dilemmas_650.jsonl,none+ga1bs16,10,3,5,5,10,0.53172,0.5779,0.569,0.35744,0.62742,0.573,0.53741,0.5646,0.63285,0.57674,2.5
pool_hu_harm_llama70b_full-daily_dilemmas_650.jsonl,none+ga1bs16,10,4,5,5,10,0.56172,0.57036,0.49905,0.59091,0.62018,0.53673,0.49827,0.63099,0.62119,0.53098,2.5
pool_hu_harm_llama70b_full-daily_dilemmas_650.jsonl,none+ga1bs16,10,5,5,5,10,0.56922,0.62516,0.59735,0.36777,0.77456,0.53719,0.54314,0.59468,0.80419,0.55862,4.9
pool_hu_harm_llama70b_full-daily_dilemmas_650.jsonl,none+ga1bs16,10,6,5,5,10,0.57588,0.57166,0.50473,0.59091,0.67298,0.53489,0.50595,0.57819,0.66779,0.53473,2.4
pool_hu_harm_llama70b_full-daily_dilemmas_650.jsonl,none+ga1bs16,10,7,5,5,10,0.53495,0.56938,0.53686,0.45351,0.61038,0.53903,0.52595,0.57073,0.63524,0.54561,2.6
pool_hu_harm_llama70b_general_650.jsonl,none+ga1bs16,10,0,5,5,10,0.64806,0.64884,0.56994,0.6126,0.84495,0.56474,0.54682,0.62998,0.86723,0.55133,2.3
pool_hu_harm_llama70b_general_650.jsonl,none+ga1bs16,10,1,5,5,10,0.64867,0.67461,0.62476,0.4845,0.87982,0.6056,0.63008,0.63622,0.89896,0.53316,4.1
pool_hu_harm_llama70b_general_650.jsonl,none+ga1bs16,10,2,5,5,10,0.66336,0.66567,0.62193,0.57851,0.90343,0.54959,0.59916,0.65449,0.91396,0.49505,3.2
pool_hu_harm_llama70b_general_650.jsonl,none+ga1bs16,10,3,5,5,10,0.66735,0.67169,0.61437,0.59917,0.80987,0.64601,0.58629,0.68868,0.84136,0.57044,5.3
pool_hu_harm_llama70b_general_650.jsonl,none+ga1bs16,10,4,5,5,10,0.67186,0.67656,0.6172,0.60744,0.86912,0.59366,0.58175,0.66017,0.88379,0.58054,2.3
pool_hu_harm_llama70b_general_650.jsonl,none+ga1bs16,10,5,5,5,10,0.65873,0.65848,0.56805,0.62293,0.86589,0.57805,0.54433,0.64424,0.90629,0.53905,3.4
pool_hu_harm_llama70b_general_650.jsonl,none+ga1bs16,10,6,5,5,10,0.67787,0.66482,0.60302,0.57645,0.92871,0.60331,0.58694,0.60826,0.92539,0.53868,3.0
pool_hu_harm_llama70b_general_650.jsonl,none+ga1bs16,10,7,5,5,10,0.63463,0.62881,0.52363,0.71901,0.772,0.52388,0.52325,0.67888,0.78787,0.52525,2.2
pool_hu_harm_llama70b_minimal-ai_dilemmas_650.jsonl,none+ga1bs16,10,0,5,5,10,0.63602,0.65146,0.55009,0.67562,0.77935,0.53903,0.54779,0.72967,0.82805,0.50031,3.7
pool_hu_harm_llama70b_minimal-ai_dilemmas_650.jsonl,none+ga1bs16,10,1,5,5,10,0.59793,0.63512,0.51229,0.48864,0.87792,0.51286,0.50508,0.64101,0.899,0.49537,2.3
pool_hu_harm_llama70b_minimal-ai_dilemmas_650.jsonl,none+ga1bs16,10,2,5,5,10,0.59146,0.6195,0.5189,0.45971,0.87759,0.50964,0.50962,0.6096,0.8962,0.46257,4.2
pool_hu_harm_llama70b_minimal-ai_dilemmas_650.jsonl,none+ga1bs16,10,3,5,5,10,0.61947,0.64089,0.55671,0.51653,0.8454,0.55923,0.5332,0.60982,0.87504,0.5455,2.3
pool_hu_harm_llama70b_minimal-ai_dilemmas_650.jsonl,none+ga1bs16,10,4,5,5,10,0.57731,0.6169,0.50851,0.43802,0.84206,0.52066,0.50724,0.62408,0.84214,0.49412,2.3
pool_hu_harm_llama70b_minimal-ai_dilemmas_650.jsonl,none+ga1bs16,10,5,5,5,10,0.55643,0.60809,0.50851,0.40289,0.88227,0.43205,0.50649,0.58231,0.905,0.43857,2.3
pool_hu_harm_llama70b_minimal-ai_dilemmas_650.jsonl,none+ga1bs16,10,6,5,5,10,0.57257,0.61364,0.50851,0.47417,0.79795,0.50964,0.51676,0.6468,0.80166,0.48933,2.3
pool_hu_harm_llama70b_minimal-ai_dilemmas_650.jsonl,none+ga1bs16,10,7,5,5,10,0.57854,0.6188,0.49055,0.45661,0.89775,0.46924,0.49632,0.60904,0.91622,0.45361,4.6
pool_hu_harm_llama70b_minimal-ant_hh_650.jsonl,none+ga1bs16,10,0,5,5,10,0.67077,0.69511,0.6758,0.4876,0.92281,0.59688,0.62165,0.59969,0.9175,0.64161,3.3
pool_hu_harm_llama70b_minimal-ant_hh_650.jsonl,none+ga1bs16,10,1,5,5,10,0.61352,0.62429,0.56144,0.49793,0.88873,0.50597,0.5306,0.57997,0.87322,0.51338,4.0
pool_hu_harm_llama70b_minimal-ant_hh_650.jsonl,none+ga1bs16,10,2,5,5,10,0.66674,0.67765,0.67013,0.50826,0.92337,0.5652,0.62738,0.57507,0.91873,0.58944,3.9
pool_hu_harm_llama70b_minimal-ant_hh_650.jsonl,none+ga1bs16,10,3,5,5,10,0.61149,0.64251,0.62098,0.41736,0.93517,0.47245,0.58553,0.52339,0.94621,0.51489,4.4
pool_hu_harm_llama70b_minimal-ant_hh_650.jsonl,none+ga1bs16,10,4,5,5,10,0.595,0.6475,0.60964,0.38636,0.86378,0.5202,0.58196,0.5763,0.86167,0.57007,2.3
pool_hu_harm_llama70b_minimal-ant_hh_650.jsonl,none+ga1bs16,10,5,5,5,10,0.63694,0.659,0.57561,0.56198,0.90098,0.50918,0.56369,0.61428,0.90738,0.55066,2.5
pool_hu_harm_llama70b_minimal-ant_hh_650.jsonl,none+ga1bs16,10,6,5,5,10,0.63491,0.63489,0.59263,0.55785,0.86667,0.5225,0.53795,0.62553,0.82375,0.55232,4.1
pool_hu_harm_llama70b_minimal-ant_hh_650.jsonl,none+ga1bs16,10,7,5,5,10,0.65046,0.6532,0.65217,0.5062,0.93428,0.50918,0.58596,0.56026,0.92296,0.54363,3.5
pool_hu_harm_llama70b_minimal-balanced_refusal_650.jsonl,none+ga1bs16,10,0,5,5,10,0.60227,0.65419,0.59168,0.46281,0.83805,0.51653,0.58153,0.57619,0.88856,0.57049,3.9
pool_hu_harm_llama70b_minimal-balanced_refusal_650.jsonl,none+ga1bs16,10,1,5,5,10,0.66363,0.70106,0.73251,0.48037,0.93016,0.51148,0.66577,0.62274,0.91341,0.6023,4.7
pool_hu_harm_llama70b_minimal-balanced_refusal_650.jsonl,none+ga1bs16,10,2,5,5,10,0.65519,0.65433,0.58507,0.57438,0.93607,0.52525,0.5558,0.5822,0.94031,0.53899,4.7
pool_hu_harm_llama70b_minimal-balanced_refusal_650.jsonl,none+ga1bs16,10,3,5,5,10,0.65807,0.69725,0.75331,0.32955,0.94197,0.60744,0.67182,0.54589,0.92969,0.64161,4.2
pool_hu_harm_llama70b_minimal-balanced_refusal_650.jsonl,none+ga1bs16,10,4,5,5,10,0.6965,0.70426,0.76938,0.47727,0.93284,0.60652,0.64728,0.61183,0.92795,0.63,3.9
pool_hu_harm_llama70b_minimal-balanced_refusal_650.jsonl,none+ga1bs16,10,5,5,5,10,0.6271,0.65336,0.65595,0.41839,0.90009,0.53398,0.55612,0.64001,0.88409,0.53322,3.6
pool_hu_harm_llama70b_minimal-balanced_refusal_650.jsonl,none+ga1bs16,10,6,5,5,10,0.66034,0.709,0.78922,0.35227,0.95534,0.54454,0.70631,0.591,0.95749,0.58122,4.1
pool_hu_harm_llama70b_minimal-balanced_refusal_650.jsonl,none+ga1bs16,10,7,5,5,10,0.67278,0.67415,0.6758,0.52893,0.90833,0.57805,0.60965,0.57518,0.91587,0.5959,4.0
pool_hu_harm_llama70b_minimal-daily_dilemmas_650.jsonl,none+ga1bs16,10,0,5,5,10,0.66028,0.68818,0.76087,0.3595,0.91011,0.61065,0.6716,0.63756,0.9419,0.50167,5.0
pool_hu_harm_llama70b_minimal-daily_dilemmas_650.jsonl,none+ga1bs16,10,1,5,5,10,0.65063,0.68866,0.66824,0.41736,0.95355,0.56336,0.67528,0.62386,0.95253,0.50297,3.8
pool_hu_harm_llama70b_minimal-daily_dilemmas_650.jsonl,none+ga1bs16,10,2,5,5,10,0.6233,0.63897,0.52457,0.60124,0.8816,0.48577,0.52065,0.65471,0.90409,0.47642,4.3
pool_hu_harm_llama70b_minimal-daily_dilemmas_650.jsonl,none+ga1bs16,10,3,5,5,10,0.66987,0.67166,0.60208,0.58264,0.88594,0.60882,0.58142,0.62631,0.90343,0.57549,4.4
pool_hu_harm_llama70b_minimal-daily_dilemmas_650.jsonl,none+ga1bs16,10,4,5,5,10,0.65619,0.69766,0.59641,0.46901,0.89084,0.6685,0.57818,0.6937,0.91885,0.59991,3.8
pool_hu_harm_llama70b_minimal-daily_dilemmas_650.jsonl,none+ga1bs16,10,5,5,5,10,0.63266,0.65188,0.55671,0.61983,0.81232,0.54178,0.58586,0.65282,0.86187,0.50698,5.1
pool_hu_harm_llama70b_minimal-daily_dilemmas_650.jsonl,none+ga1bs16,10,6,5,5,10,0.6098,0.6592,0.69471,0.36674,0.89474,0.48301,0.66252,0.60994,0.92506,0.4393,3.3
pool_hu_harm_llama70b_minimal-daily_dilemmas_650.jsonl,none+ga1bs16,10,7,5,5,10,0.59959,0.64473,0.58601,0.45145,0.87926,0.48163,0.57212,0.65371,0.93435,0.41873,4.3
pool_hu_harm_nemotron_evaldescshape_650.jsonl,none+ga1bs16,10,0,5,5,10,0.56668,0.63087,0.5482,0.29649,0.89998,0.52204,0.52498,0.58398,0.91461,0.4999,2.5
pool_hu_harm_nemotron_evaldescshape_650.jsonl,none+ga1bs16,10,1,5,5,10,0.55966,0.57963,0.49527,0.56095,0.65761,0.52479,0.49913,0.62007,0.67069,0.52863,2.1
pool_hu_harm_nemotron_evaldescshape_650.jsonl,none+ga1bs16,10,2,5,5,10,0.53255,0.60583,0.53403,0.2624,0.9256,0.40817,0.52282,0.58409,0.9534,0.36303,2.1
pool_hu_harm_nemotron_evaldescshape_650.jsonl,none+ga1bs16,10,3,5,5,10,0.55806,0.56773,0.53781,0.62397,0.5714,0.49908,0.52238,0.71374,0.54973,0.48506,2.4
pool_hu_harm_nemotron_evaldescshape_650.jsonl,none+ga1bs16,10,4,5,5,10,0.54115,0.60638,0.49622,0.39566,0.74515,0.52755,0.49535,0.61361,0.78294,0.53363,2.4
pool_hu_harm_nemotron_evaldescshape_650.jsonl,none+ga1bs16,10,5,5,5,10,0.58571,0.60316,0.48582,0.66942,0.68991,0.4977,0.49708,0.71542,0.68694,0.51322,3.8
pool_hu_harm_nemotron_evaldescshape_650.jsonl,none+ga1bs16,10,6,5,5,10,0.60594,0.62386,0.54442,0.47624,0.87692,0.52617,0.51849,0.59612,0.88423,0.49662,2.3
pool_hu_harm_nemotron_evaldescshape_650.jsonl,none+ga1bs16,10,7,5,5,10,0.55372,0.60587,0.5,0.46074,0.75228,0.50184,0.49719,0.63466,0.77831,0.51333,3.9
pool_hu_harm_nemotron_general_650.jsonl,none+ga1bs16,10,0,5,5,10,0.58667,0.63453,0.54726,0.44318,0.79929,0.55693,0.5359,0.63221,0.81474,0.55529,2.1
pool_hu_harm_nemotron_general_650.jsonl,none+ga1bs16,10,1,5,5,10,0.61543,0.65543,0.61531,0.40083,0.92949,0.51607,0.57245,0.61406,0.93917,0.49604,3.6
pool_hu_harm_nemotron_general_650.jsonl,none+ga1bs16,10,2,5,5,10,0.63746,0.65614,0.63138,0.43905,0.911,0.56841,0.58304,0.57151,0.92959,0.5404,2.9
pool_hu_harm_nemotron_general_650.jsonl,none+ga1bs16,10,3,5,5,10,0.61022,0.64304,0.55577,0.47417,0.89396,0.51699,0.54531,0.59479,0.91706,0.51499,4.0
pool_hu_harm_nemotron_general_650.jsonl,none+ga1bs16,10,4,5,5,10,0.61932,0.64128,0.57278,0.50103,0.90577,0.4977,0.55266,0.64636,0.91795,0.44815,2.8
pool_hu_harm_nemotron_general_650.jsonl,none+ga1bs16,10,5,5,5,10,0.69896,0.69561,0.67486,0.56508,0.94709,0.60882,0.64349,0.65694,0.94783,0.5342,2.8
pool_hu_harm_nemotron_general_650.jsonl,none+ga1bs16,10,6,5,5,10,0.61231,0.64184,0.569,0.48244,0.87759,0.5202,0.55125,0.64424,0.88336,0.48849,3.5
pool_hu_harm_nemotron_general_650.jsonl,none+ga1bs16,10,7,5,5,10,0.6038,0.61323,0.5293,0.47521,0.89096,0.51974,0.51535,0.59401,0.89275,0.4508,3.8
