samples,base,n,draw,n_pos,n_neg,n_training_rows,dev_mean,eval_mean,dev_ai_dilemmas,dev_ant_hh,dev_balanced_refusal,dev_daily_dilemmas,eval_ai_dilemmas,eval_ant_hh,eval_balanced_refusal,eval_daily_dilemmas,seconds
pool_hu_harm_deepseekv4pro_evaldescshape_650.jsonl,none+ga4,590,0,295,295,590,0.84722,0.86006,0.95085,0.58161,0.8679,0.98852,0.9162,0.70238,0.84919,0.97246,9.6
pool_hu_harm_deepseekv4pro_evaldescshape_650.jsonl,none+ga4,590,1,295,295,590,0.82845,0.85112,0.89792,0.56095,0.87603,0.97888,0.88949,0.68323,0.8677,0.96408,8.7
pool_hu_harm_deepseekv4pro_evaldescshape_650.jsonl,none+ga4,590,2,295,295,590,0.83555,0.84846,0.90832,0.57025,0.88015,0.98347,0.8856,0.68612,0.85335,0.96876,8.4
pool_hu_harm_deepseekv4pro_evaldescshape_650.jsonl,none+ga4,590,3,295,295,590,0.83969,0.86666,0.9206,0.57748,0.87948,0.98118,0.91306,0.69425,0.88248,0.97683,8.4
pool_hu_harm_deepseekv4pro_evaldescshape_650.jsonl,none+ga4,590,4,295,295,590,0.83697,0.85237,0.92439,0.57541,0.8669,0.98118,0.90365,0.68556,0.85483,0.96543,9.2
pool_hu_harm_deepseekv4pro_evaldescshape_650.jsonl,none+ga4,590,5,295,295,590,0.83794,0.85537,0.94234,0.56302,0.85832,0.98806,0.91382,0.6781,0.85003,0.97954,8.8
pool_hu_harm_deepseekv4pro_evaldescshape_650.jsonl,none+ga4,590,6,295,295,590,0.83397,0.85216,0.89225,0.57438,0.88026,0.98898,0.88387,0.68579,0.86829,0.97069,11.3
pool_hu_harm_deepseekv4pro_evaldescshape_650.jsonl,none+ga4,590,7,295,295,590,0.83794,0.8568,0.92817,0.56921,0.87135,0.98301,0.90668,0.68969,0.86107,0.96975,8.9
pool_hu_harm_deepseekv4pro_general_650.jsonl,none+ga4,590,0,295,295,590,0.79592,0.80665,0.91966,0.47211,0.8268,0.96511,0.83196,0.62575,0.82208,0.94679,15.9
pool_hu_harm_deepseekv4pro_general_650.jsonl,none+ga4,590,1,295,295,590,0.80287,0.8224,0.9811,0.44112,0.81956,0.9697,0.87662,0.63756,0.81494,0.96049,8.4
pool_hu_harm_deepseekv4pro_general_650.jsonl,none+ga4,590,2,295,295,590,0.78581,0.81197,0.8724,0.47934,0.81767,0.97383,0.80623,0.65961,0.82461,0.95741,8.6
pool_hu_harm_deepseekv4pro_general_650.jsonl,none+ga4,590,3,295,295,590,0.78716,0.80621,0.90076,0.46694,0.81399,0.96694,0.82364,0.63789,0.81647,0.94685,8.6
pool_hu_harm_deepseekv4pro_general_650.jsonl,none+ga4,590,4,295,295,590,0.7611,0.79131,0.86862,0.39566,0.81778,0.96235,0.78179,0.64758,0.81296,0.9229,8.0
pool_hu_harm_deepseekv4pro_general_650.jsonl,none+ga4,590,5,295,295,590,0.76889,0.80394,0.88374,0.40599,0.82669,0.95914,0.81639,0.6301,0.82479,0.9445,8.6
pool_hu_harm_deepseekv4pro_general_650.jsonl,none+ga4,590,6,295,295,590,0.78211,0.80992,0.93289,0.40393,0.82468,0.96694,0.84407,0.63232,0.81601,0.94726,8.5
pool_hu_harm_deepseekv4pro_general_650.jsonl,none+ga4,590,7,295,295,590,0.75835,0.79666,0.84594,0.40909,0.82245,0.95592,0.80353,0.62954,0.82272,0.93086,8.2
pool_hu_harm_gptoss_evaldescshape_650.jsonl,none+ga4,590,0,295,295,590,0.84232,0.85505,0.94802,0.56198,0.89508,0.96419,0.86473,0.73235,0.88012,0.94299,8.9
pool_hu_harm_gptoss_evaldescshape_650.jsonl,none+ga4,590,1,295,295,590,0.8182,0.84006,0.86106,0.56818,0.90232,0.94123,0.81888,0.71909,0.8958,0.92649,9.4
pool_hu_harm_gptoss_evaldescshape_650.jsonl,none+ga4,590,2,295,295,590,0.84208,0.85747,0.96597,0.57025,0.87481,0.9573,0.88084,0.7299,0.87592,0.9432,9.3
pool_hu_harm_gptoss_evaldescshape_650.jsonl,none+ga4,590,3,295,295,590,0.85234,0.85979,0.95558,0.58781,0.90131,0.96465,0.87489,0.72978,0.88946,0.94502,9.8
pool_hu_harm_gptoss_evaldescshape_650.jsonl,none+ga4,590,4,295,295,590,0.85134,0.86528,0.97732,0.58161,0.87581,0.97062,0.91155,0.73246,0.8582,0.95892,9.7
pool_hu_harm_gptoss_evaldescshape_650.jsonl,none+ga4,590,5,295,295,590,0.84613,0.85802,0.97826,0.58368,0.86344,0.95914,0.89144,0.72154,0.86569,0.9534,9.6
pool_hu_harm_gptoss_evaldescshape_650.jsonl,none+ga4,590,6,295,295,590,0.84153,0.851,0.91966,0.60434,0.87792,0.96419,0.83878,0.73613,0.87896,0.95012,10.3
pool_hu_harm_gptoss_evaldescshape_650.jsonl,none+ga4,590,7,295,295,590,0.85953,0.87106,0.99055,0.59607,0.87124,0.98026,0.93393,0.7329,0.85371,0.96371,9.6
pool_hu_harm_gptoss_general_650.jsonl,none+ga4,590,0,295,295,590,0.80148,0.8132,0.86957,0.53202,0.84518,0.95914,0.81369,0.65382,0.84061,0.94466,8.7
pool_hu_harm_gptoss_general_650.jsonl,none+ga4,590,1,295,295,590,0.7903,0.78774,0.82325,0.53926,0.83816,0.96051,0.76081,0.64257,0.81592,0.93164,8.9
pool_hu_harm_gptoss_general_650.jsonl,none+ga4,590,2,295,295,590,0.76531,0.75758,0.74953,0.57645,0.817,0.91827,0.68285,0.66496,0.79321,0.88932,8.1
pool_hu_harm_gptoss_general_650.jsonl,none+ga4,590,3,295,295,590,0.83128,0.82797,0.94707,0.56818,0.85487,0.955,0.8604,0.66708,0.83999,0.9444,16.5
pool_hu_harm_gptoss_general_650.jsonl,none+ga4,590,4,295,295,590,0.78511,0.79523,0.83176,0.51033,0.84562,0.95271,0.77303,0.65026,0.8352,0.92243,8.3
pool_hu_harm_gptoss_general_650.jsonl,none+ga4,590,5,295,295,590,0.7984,0.80434,0.83459,0.57438,0.82502,0.9596,0.79931,0.65605,0.82166,0.94034,9.0
pool_hu_harm_gptoss_general_650.jsonl,none+ga4,590,6,295,295,590,0.77471,0.7848,0.7448,0.57025,0.82602,0.95776,0.72286,0.67599,0.81391,0.92644,8.6
pool_hu_harm_gptoss_general_650.jsonl,none+ga4,590,7,295,295,590,0.82009,0.8276,0.89792,0.57748,0.84306,0.96189,0.84105,0.68434,0.83239,0.95262,15.4
pool_hu_harm_llama70b_evaldescshape_650.jsonl,none+ga4,590,0,295,295,590,0.79564,0.83332,0.88941,0.4907,0.87959,0.92287,0.7832,0.72009,0.91679,0.91321,8.6
pool_hu_harm_llama70b_evaldescshape_650.jsonl,none+ga4,590,1,295,295,590,0.80537,0.8538,0.9206,0.47521,0.88628,0.93939,0.83586,0.73736,0.91925,0.92274,9.3
pool_hu_harm_llama70b_evaldescshape_650.jsonl,none+ga4,590,2,295,295,590,0.80439,0.84792,0.91493,0.48037,0.88104,0.94123,0.82126,0.73658,0.91435,0.91951,8.9
pool_hu_harm_llama70b_evaldescshape_650.jsonl,none+ga4,590,3,295,295,590,0.8039,0.84521,0.89036,0.51033,0.87781,0.9371,0.82018,0.73268,0.90415,0.92383,8.6
pool_hu_harm_llama70b_evaldescshape_650.jsonl,none+ga4,590,4,295,295,590,0.82827,0.84251,0.92439,0.56715,0.87848,0.94307,0.84883,0.72076,0.87759,0.92284,8.9
pool_hu_harm_llama70b_evaldescshape_650.jsonl,none+ga4,590,5,295,295,590,0.79299,0.83888,0.86484,0.49897,0.88071,0.92746,0.80288,0.72889,0.91684,0.90691,8.7
pool_hu_harm_llama70b_evaldescshape_650.jsonl,none+ga4,590,6,295,295,590,0.80815,0.8416,0.85822,0.54649,0.89263,0.93526,0.81401,0.71898,0.91781,0.91561,9.5
pool_hu_harm_llama70b_evaldescshape_650.jsonl,none+ga4,590,7,295,295,590,0.75623,0.80871,0.77221,0.47417,0.89285,0.88567,0.71864,0.71686,0.92741,0.87193,8.5
pool_hu_harm_llama70b_full-ai_dilemmas_650.jsonl,none+ga4,590,0,295,295,590,0.88092,0.8853,1.0,0.6312,0.90443,0.98806,0.98724,0.68746,0.88275,0.98376,9.1
pool_hu_harm_llama70b_full-ai_dilemmas_650.jsonl,none+ga4,590,1,295,295,590,0.87446,0.87386,1.0,0.61983,0.88717,0.99082,0.9894,0.65716,0.86411,0.98475,10.8
pool_hu_harm_llama70b_full-ai_dilemmas_650.jsonl,none+ga4,590,2,295,295,590,0.85717,0.88728,1.0,0.53616,0.90399,0.98852,0.98832,0.68011,0.90881,0.97189,8.3
pool_hu_harm_llama70b_full-ai_dilemmas_650.jsonl,none+ga4,590,3,295,295,590,0.87563,0.89942,1.0,0.58988,0.92181,0.99082,0.98692,0.70862,0.92297,0.97918,8.8
pool_hu_harm_llama70b_full-ai_dilemmas_650.jsonl,none+ga4,590,4,295,295,590,0.86632,0.89457,1.0,0.58574,0.90388,0.97567,0.98854,0.68623,0.92635,0.97714,8.8
pool_hu_harm_llama70b_full-ai_dilemmas_650.jsonl,none+ga4,590,5,295,295,590,0.87609,0.89372,1.0,0.58781,0.94319,0.97337,0.97599,0.69392,0.94,0.96496,15.7
pool_hu_harm_llama70b_full-ai_dilemmas_650.jsonl,none+ga4,590,6,295,295,590,0.87602,0.89963,1.0,0.60124,0.91479,0.98806,0.98313,0.72867,0.91051,0.97621,8.8
pool_hu_harm_llama70b_full-ai_dilemmas_650.jsonl,none+ga4,590,7,295,295,590,0.84831,0.88483,1.0,0.52169,0.89084,0.98072,0.9827,0.67264,0.91604,0.96793,9.0
pool_hu_harm_llama70b_full-ant_hh_650.jsonl,none+ga4,590,0,295,295,590,0.72504,0.74532,0.5983,0.54959,0.85743,0.89486,0.57688,0.65783,0.86636,0.88021,19.5
pool_hu_harm_llama70b_full-ant_hh_650.jsonl,none+ga4,590,1,295,295,590,0.75667,0.77911,0.6465,0.57335,0.87202,0.9348,0.61538,0.69191,0.87959,0.92956,13.6
pool_hu_harm_llama70b_full-ant_hh_650.jsonl,none+ga4,590,2,295,295,590,0.72221,0.74506,0.60208,0.56818,0.83426,0.8843,0.56845,0.67632,0.85721,0.87828,19.6
pool_hu_harm_llama70b_full-ant_hh_650.jsonl,none+ga4,590,3,295,295,590,0.70842,0.74543,0.59074,0.52789,0.87068,0.84435,0.5851,0.65738,0.86596,0.87328,8.3
pool_hu_harm_llama70b_full-ant_hh_650.jsonl,none+ga4,590,4,295,295,590,0.72255,0.74584,0.62193,0.55888,0.84206,0.86731,0.58705,0.6683,0.85015,0.87786,22.0
pool_hu_harm_llama70b_full-ant_hh_650.jsonl,none+ga4,590,5,295,295,590,0.71977,0.74549,0.56522,0.55888,0.87391,0.88108,0.55742,0.68211,0.8815,0.86094,20.1
pool_hu_harm_llama70b_full-ant_hh_650.jsonl,none+ga4,590,6,295,295,590,0.73694,0.76188,0.59074,0.56715,0.89686,0.89302,0.57169,0.67509,0.90644,0.89431,11.5
pool_hu_harm_llama70b_full-ant_hh_650.jsonl,none+ga4,590,7,295,295,590,0.67785,0.73687,0.55955,0.44731,0.86478,0.83976,0.54336,0.66607,0.88129,0.85678,9.3
pool_hu_harm_llama70b_full-balanced_refusal_650.jsonl,none+ga4,590,0,295,295,590,0.74971,0.78325,0.70227,0.45455,0.93339,0.90863,0.68934,0.61539,0.95769,0.87057,10.8
pool_hu_harm_llama70b_full-balanced_refusal_650.jsonl,none+ga4,590,1,295,295,590,0.72726,0.76397,0.66068,0.44835,0.93685,0.86318,0.64576,0.61194,0.95198,0.84621,9.4
pool_hu_harm_llama70b_full-balanced_refusal_650.jsonl,none+ga4,590,2,295,295,590,0.76692,0.79036,0.72779,0.5062,0.9393,0.8944,0.7141,0.62252,0.95797,0.86683,9.1
pool_hu_harm_llama70b_full-balanced_refusal_650.jsonl,none+ga4,590,3,295,295,590,0.74204,0.7829,0.67391,0.46901,0.95333,0.8719,0.66696,0.64491,0.96573,0.85402,8.8
pool_hu_harm_llama70b_full-balanced_refusal_650.jsonl,none+ga4,590,4,295,295,590,0.70683,0.75075,0.65501,0.46591,0.88683,0.81956,0.64868,0.59111,0.92836,0.83486,8.3
pool_hu_harm_llama70b_full-balanced_refusal_650.jsonl,none+ga4,590,5,295,295,590,0.72492,0.7649,0.6673,0.44215,0.93027,0.85996,0.64165,0.63199,0.9501,0.83585,14.0
pool_hu_harm_llama70b_full-balanced_refusal_650.jsonl,none+ga4,590,6,295,295,590,0.75698,0.77993,0.71361,0.5186,0.91602,0.87971,0.68696,0.62998,0.93957,0.86318,15.0
pool_hu_harm_llama70b_full-balanced_refusal_650.jsonl,none+ga4,590,7,295,295,590,0.72909,0.77075,0.64272,0.45764,0.94409,0.8719,0.63906,0.66039,0.96124,0.82231,16.3
pool_hu_harm_llama70b_full-daily_dilemmas_650.jsonl,none+ga4,590,0,295,295,590,0.81491,0.78102,0.86957,0.68492,0.75473,0.95041,0.8364,0.61718,0.71455,0.95596,8.6
pool_hu_harm_llama70b_full-daily_dilemmas_650.jsonl,none+ga4,590,1,295,295,590,0.82129,0.81636,0.86957,0.6436,0.83259,0.93939,0.83175,0.65794,0.82207,0.95367,8.2
pool_hu_harm_llama70b_full-daily_dilemmas_650.jsonl,none+ga4,590,2,295,295,590,0.80326,0.78932,0.86957,0.67769,0.78013,0.88567,0.82656,0.62887,0.76874,0.9331,8.2
pool_hu_harm_llama70b_full-daily_dilemmas_650.jsonl,none+ga4,590,3,295,295,590,0.85239,0.85129,0.95085,0.60331,0.86734,0.98806,0.92842,0.63043,0.88166,0.96465,7.8
pool_hu_harm_llama70b_full-daily_dilemmas_650.jsonl,none+ga4,590,4,295,295,590,0.83553,0.82327,0.90548,0.63843,0.8611,0.9371,0.87468,0.62765,0.83882,0.95195,8.9
pool_hu_harm_llama70b_full-daily_dilemmas_650.jsonl,none+ga4,590,5,295,295,590,0.87387,0.85918,1.0,0.68802,0.80931,0.99816,0.96886,0.66206,0.81878,0.98704,20.1
pool_hu_harm_llama70b_full-daily_dilemmas_650.jsonl,none+ga4,590,6,295,295,590,0.73052,0.71566,0.71739,0.73347,0.61172,0.8595,0.70577,0.66006,0.60286,0.89395,8.4
pool_hu_harm_llama70b_full-daily_dilemmas_650.jsonl,none+ga4,590,7,295,295,590,0.87372,0.87166,0.97826,0.66322,0.86166,0.99174,0.96843,0.67487,0.87089,0.97246,16.6
pool_hu_harm_llama70b_general_650.jsonl,none+ga4,590,0,295,295,590,0.81118,0.81211,0.79584,0.59711,0.86968,0.98209,0.79704,0.67565,0.84791,0.92784,8.5
pool_hu_harm_llama70b_general_650.jsonl,none+ga4,590,1,295,295,590,0.83577,0.81924,0.84972,0.62293,0.88605,0.98439,0.82407,0.67398,0.854,0.92493,16.3
pool_hu_harm_llama70b_general_650.jsonl,none+ga4,590,2,295,295,590,0.81916,0.83194,0.862,0.55682,0.87525,0.98255,0.82342,0.68434,0.87551,0.9445,17.9
pool_hu_harm_llama70b_general_650.jsonl,none+ga4,590,3,295,295,590,0.83813,0.84264,0.9206,0.56508,0.87971,0.98714,0.87111,0.67142,0.86999,0.95804,9.6
pool_hu_harm_llama70b_general_650.jsonl,none+ga4,590,4,295,295,590,0.83799,0.84142,0.9225,0.55992,0.88149,0.98806,0.86332,0.66908,0.87861,0.95465,14.7
pool_hu_harm_llama70b_general_650.jsonl,none+ga4,590,5,295,295,590,0.83824,0.83627,0.92911,0.55165,0.88505,0.98714,0.8577,0.66073,0.86669,0.95996,8.2
pool_hu_harm_llama70b_general_650.jsonl,none+ga4,590,6,295,295,590,0.84894,0.842,0.91304,0.59607,0.89352,0.99311,0.86246,0.68389,0.87105,0.95059,10.1
pool_hu_harm_llama70b_general_650.jsonl,none+ga4,590,7,295,295,590,0.83352,0.82966,0.88374,0.57541,0.88917,0.98577,0.85683,0.66373,0.87451,0.92357,16.2
pool_hu_harm_llama70b_minimal-ai_dilemmas_650.jsonl,none+ga4,590,0,295,295,590,0.77917,0.80279,0.68904,0.64669,0.82045,0.96051,0.71518,0.74493,0.82184,0.9292,8.5
pool_hu_harm_llama70b_minimal-ai_dilemmas_650.jsonl,none+ga4,590,1,295,295,590,0.76781,0.79045,0.64272,0.61467,0.85609,0.95776,0.63776,0.74393,0.85805,0.92206,8.1
pool_hu_harm_llama70b_minimal-ai_dilemmas_650.jsonl,none+ga4,590,2,295,295,590,0.77426,0.80761,0.65595,0.6281,0.83961,0.97337,0.70058,0.7495,0.84454,0.93581,8.4
pool_hu_harm_llama70b_minimal-ai_dilemmas_650.jsonl,none+ga4,590,3,295,295,590,0.77222,0.79787,0.6673,0.62397,0.83159,0.96602,0.67734,0.74939,0.83594,0.92883,8.5
pool_hu_harm_llama70b_minimal-ai_dilemmas_650.jsonl,none+ga4,590,4,295,295,590,0.81285,0.82631,0.77316,0.62087,0.87391,0.98347,0.7593,0.73001,0.86441,0.95153,9.3
pool_hu_harm_llama70b_minimal-ai_dilemmas_650.jsonl,none+ga4,590,5,295,295,590,0.77474,0.80167,0.65217,0.6281,0.85999,0.95868,0.66869,0.74382,0.8654,0.92878,9.6
pool_hu_harm_llama70b_minimal-ai_dilemmas_650.jsonl,none+ga4,590,6,295,295,590,0.77034,0.7878,0.66068,0.63946,0.83081,0.95041,0.66901,0.7466,0.83951,0.89608,8.5
pool_hu_harm_llama70b_minimal-ai_dilemmas_650.jsonl,none+ga4,590,7,295,295,590,0.75685,0.78028,0.5879,0.64669,0.84562,0.9472,0.62424,0.74905,0.84764,0.9002,8.7
pool_hu_harm_llama70b_minimal-ant_hh_650.jsonl,none+ga4,590,0,295,295,590,0.86054,0.87053,1.0,0.58884,0.87993,0.97337,0.95502,0.66006,0.89901,0.96803,11.8
pool_hu_harm_llama70b_minimal-ant_hh_650.jsonl,none+ga4,590,1,295,295,590,0.86225,0.86046,0.99811,0.62397,0.85999,0.96694,0.95513,0.63555,0.88025,0.9709,10.9
pool_hu_harm_llama70b_minimal-ant_hh_650.jsonl,none+ga4,590,2,295,295,590,0.87662,0.86734,0.98677,0.65806,0.88505,0.97658,0.9574,0.65159,0.88588,0.97449,9.1
pool_hu_harm_llama70b_minimal-ant_hh_650.jsonl,none+ga4,590,3,295,295,590,0.86694,0.85701,0.99433,0.62087,0.87826,0.97429,0.95037,0.63489,0.88069,0.9621,20.0
pool_hu_harm_llama70b_minimal-ant_hh_650.jsonl,none+ga4,590,4,295,295,590,0.85082,0.85021,0.98299,0.59298,0.86177,0.96556,0.92917,0.64446,0.87212,0.95507,11.2
pool_hu_harm_llama70b_minimal-ant_hh_650.jsonl,none+ga4,590,5,295,295,590,0.8634,0.85566,0.99055,0.6095,0.88249,0.97107,0.95707,0.61929,0.87932,0.96694,11.2
pool_hu_harm_llama70b_minimal-ant_hh_650.jsonl,none+ga4,590,6,295,295,590,0.85908,0.8604,0.99149,0.60537,0.87113,0.96832,0.96075,0.6125,0.89246,0.9759,19.7
pool_hu_harm_llama70b_minimal-ant_hh_650.jsonl,none+ga4,590,7,295,295,590,0.85867,0.85467,0.98677,0.6219,0.86823,0.95776,0.94464,0.64268,0.87275,0.95861,12.2
pool_hu_harm_llama70b_minimal-balanced_refusal_650.jsonl,none+ga4,590,0,295,295,590,0.86382,0.86192,0.98299,0.6157,0.88049,0.97612,0.95859,0.63366,0.8877,0.96772,10.8
pool_hu_harm_llama70b_minimal-balanced_refusal_650.jsonl,none+ga4,590,1,295,295,590,0.85197,0.87099,0.98488,0.54236,0.89808,0.98255,0.9561,0.65583,0.90095,0.97111,13.5
pool_hu_harm_llama70b_minimal-balanced_refusal_650.jsonl,none+ga4,590,2,295,295,590,0.86172,0.86729,0.99622,0.61467,0.86723,0.96878,0.95231,0.68144,0.86831,0.9671,19.9
pool_hu_harm_llama70b_minimal-balanced_refusal_650.jsonl,none+ga4,590,3,295,295,590,0.86401,0.86703,0.99622,0.60434,0.87614,0.97934,0.9441,0.66719,0.88912,0.96772,15.6
pool_hu_harm_llama70b_minimal-balanced_refusal_650.jsonl,none+ga4,590,4,295,295,590,0.86432,0.86045,0.99149,0.63533,0.87592,0.95455,0.95631,0.64246,0.87259,0.97043,11.9
pool_hu_harm_llama70b_minimal-balanced_refusal_650.jsonl,none+ga4,590,5,295,295,590,0.85762,0.85452,0.99622,0.58058,0.87481,0.97888,0.95102,0.61417,0.88276,0.97012,10.7
pool_hu_harm_llama70b_minimal-balanced_refusal_650.jsonl,none+ga4,590,6,295,295,590,0.85811,0.85534,0.97921,0.6219,0.87358,0.95776,0.94539,0.64068,0.87423,0.96106,10.7
pool_hu_harm_llama70b_minimal-balanced_refusal_650.jsonl,none+ga4,590,7,295,295,590,0.87694,0.86993,0.98677,0.66219,0.87993,0.97888,0.95859,0.6526,0.89421,0.97433,11.6
pool_hu_harm_llama70b_minimal-daily_dilemmas_650.jsonl,none+ga4,590,0,295,295,590,0.84219,0.84637,0.98866,0.52686,0.87759,0.97567,0.90614,0.66763,0.84369,0.96803,17.5
pool_hu_harm_llama70b_minimal-daily_dilemmas_650.jsonl,none+ga4,590,1,295,295,590,0.86655,0.87674,0.98866,0.60124,0.89285,0.98347,0.93837,0.72009,0.88033,0.96819,9.5
pool_hu_harm_llama70b_minimal-daily_dilemmas_650.jsonl,none+ga4,590,2,295,295,590,0.85923,0.87452,1.0,0.55165,0.89263,0.99265,0.97016,0.6693,0.8796,0.97902,9.1
pool_hu_harm_llama70b_minimal-daily_dilemmas_650.jsonl,none+ga4,590,3,295,295,590,0.85415,0.86662,0.95841,0.58988,0.88115,0.98714,0.92333,0.70506,0.8614,0.97668,10.5
pool_hu_harm_llama70b_minimal-daily_dilemmas_650.jsonl,none+ga4,590,4,295,295,590,0.85207,0.86025,1.0,0.54649,0.87558,0.98623,0.96626,0.66886,0.83193,0.97397,8.3
pool_hu_harm_llama70b_minimal-daily_dilemmas_650.jsonl,none+ga4,590,5,295,295,590,0.83164,0.85104,0.97164,0.49793,0.88316,0.97383,0.91955,0.65427,0.85779,0.97256,9.1
pool_hu_harm_llama70b_minimal-daily_dilemmas_650.jsonl,none+ga4,590,6,295,295,590,0.8568,0.85724,0.98866,0.56405,0.88828,0.98623,0.92171,0.67175,0.86513,0.97038,9.2
pool_hu_harm_llama70b_minimal-daily_dilemmas_650.jsonl,none+ga4,590,7,295,295,590,0.84404,0.85159,0.98677,0.53512,0.87815,0.97612,0.91836,0.66596,0.8491,0.97293,9.1
pool_hu_harm_nemotron_evaldescshape_650.jsonl,none+ga4,590,0,295,295,590,0.82712,0.85767,0.91682,0.51446,0.92081,0.95638,0.88116,0.68211,0.93205,0.93534,8.7
pool_hu_harm_nemotron_evaldescshape_650.jsonl,none+ga4,590,1,295,295,590,0.82804,0.83191,0.92439,0.55062,0.8973,0.93985,0.8777,0.63188,0.90016,0.9179,9.4
pool_hu_harm_nemotron_evaldescshape_650.jsonl,none+ga4,590,2,295,295,590,0.848,0.85477,0.95463,0.55682,0.91958,0.96097,0.89663,0.65003,0.92271,0.94971,11.5
pool_hu_harm_nemotron_evaldescshape_650.jsonl,none+ga4,590,3,295,295,590,0.84596,0.87127,0.94896,0.51653,0.9266,0.99174,0.90484,0.67632,0.93862,0.96527,10.1
pool_hu_harm_nemotron_evaldescshape_650.jsonl,none+ga4,590,4,295,295,590,0.84172,0.85751,0.91777,0.54132,0.92615,0.98163,0.87338,0.68178,0.92222,0.95268,9.0
pool_hu_harm_nemotron_evaldescshape_650.jsonl,none+ga4,590,5,295,295,590,0.85463,0.86879,0.97543,0.54545,0.93484,0.96281,0.92301,0.66217,0.93714,0.95283,8.8
pool_hu_harm_nemotron_evaldescshape_650.jsonl,none+ga4,590,6,295,295,590,0.84244,0.84875,0.92533,0.56095,0.91791,0.96556,0.87046,0.67955,0.90346,0.94153,9.1
pool_hu_harm_nemotron_evaldescshape_650.jsonl,none+ga4,590,7,295,295,590,0.84247,0.85485,0.94423,0.57231,0.90844,0.9449,0.90225,0.65984,0.92689,0.93045,9.0
pool_hu_harm_nemotron_general_650.jsonl,none+ga4,590,0,295,295,590,0.8083,0.83205,0.9017,0.46178,0.91379,0.95592,0.82623,0.63901,0.91634,0.94664,12.1
pool_hu_harm_nemotron_general_650.jsonl,none+ga4,590,1,295,295,590,0.78425,0.81554,0.83554,0.49587,0.89742,0.90817,0.78493,0.66206,0.9191,0.89608,8.2
pool_hu_harm_nemotron_general_650.jsonl,none+ga4,590,2,295,295,590,0.79301,0.83167,0.89887,0.42355,0.90978,0.93985,0.83272,0.64992,0.92692,0.91712,8.6
pool_hu_harm_nemotron_general_650.jsonl,none+ga4,590,3,295,295,590,0.80342,0.82039,0.83648,0.52996,0.89864,0.94858,0.7766,0.65761,0.92306,0.9243,19.6
pool_hu_harm_nemotron_general_650.jsonl,none+ga4,590,4,295,295,590,0.78995,0.81801,0.81096,0.46281,0.9393,0.94674,0.74265,0.64658,0.94871,0.93409,8.6
pool_hu_harm_nemotron_general_650.jsonl,none+ga4,590,5,295,295,590,0.77543,0.81046,0.82231,0.44835,0.89441,0.93664,0.77433,0.637,0.90729,0.92321,8.8
pool_hu_harm_nemotron_general_650.jsonl,none+ga4,590,6,295,295,590,0.7974,0.81489,0.85066,0.53616,0.90978,0.89302,0.79033,0.66284,0.91909,0.88729,19.9
pool_hu_harm_nemotron_general_650.jsonl,none+ga4,590,7,295,295,590,0.7775,0.80705,0.83743,0.44215,0.92961,0.90083,0.76914,0.63633,0.937,0.88572,14.6
pool_hu_harm_deepseekv4pro_evaldescshape_650.jsonl,none+ga4,350,0,175,175,350,0.84768,0.8705,0.95841,0.54442,0.90165,0.98623,0.95404,0.66284,0.88989,0.97522,8.1
pool_hu_harm_deepseekv4pro_evaldescshape_650.jsonl,none+ga4,350,1,175,175,350,0.82966,0.85097,0.89319,0.56198,0.88505,0.97842,0.86689,0.6869,0.88624,0.96387,6.5
pool_hu_harm_deepseekv4pro_evaldescshape_650.jsonl,none+ga4,350,2,175,175,350,0.83953,0.85651,0.92344,0.58471,0.86467,0.98531,0.92031,0.68957,0.85,0.96616,7.7
pool_hu_harm_deepseekv4pro_evaldescshape_650.jsonl,none+ga4,350,3,175,175,350,0.83118,0.85095,0.95085,0.50723,0.87581,0.99082,0.92279,0.65148,0.85749,0.97204,6.8
pool_hu_harm_deepseekv4pro_evaldescshape_650.jsonl,none+ga4,350,4,175,175,350,0.83703,0.85469,0.9017,0.57851,0.88583,0.98209,0.88765,0.69292,0.8753,0.96288,6.7
pool_hu_harm_deepseekv4pro_evaldescshape_650.jsonl,none+ga4,350,5,175,175,350,0.81996,0.8384,0.86295,0.54236,0.89151,0.98301,0.83304,0.67966,0.87422,0.96668,6.5
pool_hu_harm_deepseekv4pro_evaldescshape_650.jsonl,none+ga4,350,6,175,175,350,0.79683,0.82373,0.82042,0.5186,0.90109,0.9472,0.81564,0.6663,0.88779,0.92519,6.7
pool_hu_harm_deepseekv4pro_evaldescshape_650.jsonl,none+ga4,350,7,175,175,350,0.83942,0.86173,0.94991,0.53926,0.87403,0.99449,0.94323,0.66151,0.86842,0.97376,6.9
pool_hu_harm_deepseekv4pro_general_650.jsonl,none+ga4,350,0,175,175,350,0.75353,0.78564,0.81758,0.43182,0.81109,0.95363,0.75173,0.64825,0.80849,0.93409,6.8
pool_hu_harm_deepseekv4pro_general_650.jsonl,none+ga4,350,1,175,175,350,0.77436,0.8006,0.87807,0.45558,0.81154,0.95225,0.8311,0.63422,0.80865,0.92842,6.6
pool_hu_harm_deepseekv4pro_general_650.jsonl,none+ga4,350,2,175,175,350,0.75338,0.78089,0.85066,0.42045,0.77545,0.96694,0.75595,0.64346,0.78661,0.93753,6.6
pool_hu_harm_deepseekv4pro_general_650.jsonl,none+ga4,350,3,175,175,350,0.77021,0.79559,0.87618,0.44318,0.81566,0.94582,0.80493,0.63232,0.81928,0.92581,6.6
pool_hu_harm_deepseekv4pro_general_650.jsonl,none+ga4,350,4,175,175,350,0.81105,0.82261,0.96975,0.47417,0.83838,0.96189,0.87327,0.63734,0.82799,0.95184,13.6
pool_hu_harm_deepseekv4pro_general_650.jsonl,none+ga4,350,5,175,175,350,0.7725,0.80731,0.87713,0.42045,0.83281,0.9596,0.82807,0.63377,0.82838,0.93904,16.8
pool_hu_harm_deepseekv4pro_general_650.jsonl,none+ga4,350,6,175,175,350,0.75802,0.78573,0.84121,0.42045,0.8053,0.96511,0.76244,0.6243,0.81298,0.9432,6.6
pool_hu_harm_deepseekv4pro_general_650.jsonl,none+ga4,350,7,175,175,350,0.7899,0.80746,0.93856,0.44731,0.81366,0.96006,0.82937,0.63177,0.81556,0.95314,7.1
pool_hu_harm_gptoss_evaldescshape_650.jsonl,none+ga4,350,0,175,175,350,0.77069,0.81412,0.78261,0.50517,0.87213,0.92287,0.77098,0.71207,0.86991,0.90353,7.8
pool_hu_harm_gptoss_evaldescshape_650.jsonl,none+ga4,350,1,175,175,350,0.82993,0.83968,0.9518,0.57025,0.84818,0.94949,0.84635,0.72188,0.84067,0.94981,7.8
pool_hu_harm_gptoss_evaldescshape_650.jsonl,none+ga4,350,2,175,175,350,0.82784,0.84955,0.95274,0.51653,0.89396,0.94812,0.87468,0.70394,0.88405,0.93555,6.9
pool_hu_harm_gptoss_evaldescshape_650.jsonl,none+ga4,350,3,175,175,350,0.85699,0.86204,0.96408,0.6219,0.87826,0.96373,0.88095,0.73023,0.88176,0.95523,6.8
pool_hu_harm_gptoss_evaldescshape_650.jsonl,none+ga4,350,4,175,175,350,0.81822,0.83437,0.862,0.57955,0.88461,0.94674,0.82137,0.70918,0.86711,0.93982,7.9
pool_hu_harm_gptoss_evaldescshape_650.jsonl,none+ga4,350,5,175,175,350,0.84559,0.85319,0.96597,0.57128,0.88138,0.96373,0.88397,0.69871,0.87018,0.95991,7.2
pool_hu_harm_gptoss_evaldescshape_650.jsonl,none+ga4,350,6,175,175,350,0.82869,0.8315,0.89981,0.59298,0.89452,0.92746,0.80677,0.72923,0.8983,0.89171,6.7
pool_hu_harm_gptoss_evaldescshape_650.jsonl,none+ga4,350,7,175,175,350,0.85069,0.87628,0.98866,0.57335,0.88115,0.9596,0.94074,0.72589,0.87901,0.9595,7.4
pool_hu_harm_gptoss_general_650.jsonl,none+ga4,350,0,175,175,350,0.83069,0.84052,0.94329,0.53926,0.85765,0.98255,0.87197,0.67298,0.84082,0.97631,8.4
pool_hu_harm_gptoss_general_650.jsonl,none+ga4,350,1,175,175,350,0.8381,0.83546,0.96786,0.56612,0.84874,0.9697,0.8976,0.64536,0.84344,0.95544,10.1
pool_hu_harm_gptoss_general_650.jsonl,none+ga4,350,2,175,175,350,0.84219,0.84054,0.96881,0.56198,0.85542,0.98255,0.87857,0.67331,0.84337,0.96689,9.2
pool_hu_harm_gptoss_general_650.jsonl,none+ga4,350,3,175,175,350,0.80928,0.82711,0.92722,0.5031,0.84306,0.96373,0.83748,0.66696,0.84587,0.95814,9.3
pool_hu_harm_gptoss_general_650.jsonl,none+ga4,350,4,175,175,350,0.82042,0.82736,0.9225,0.53099,0.85208,0.97612,0.84483,0.66451,0.84387,0.95622,11.4
pool_hu_harm_gptoss_general_650.jsonl,none+ga4,350,5,175,175,350,0.82678,0.83991,0.96314,0.52066,0.86233,0.96097,0.87078,0.67376,0.84695,0.96814,12.5
pool_hu_harm_gptoss_general_650.jsonl,none+ga4,350,6,175,175,350,0.81753,0.83034,0.91966,0.55165,0.83003,0.96878,0.8577,0.67075,0.83309,0.95981,12.7
pool_hu_harm_gptoss_general_650.jsonl,none+ga4,350,7,175,175,350,0.85812,0.84346,0.99338,0.61157,0.85141,0.97612,0.89609,0.68245,0.83374,0.96158,12.3
pool_hu_harm_llama70b_evaldescshape_650.jsonl,none+ga4,350,0,175,175,350,0.78643,0.82754,0.85917,0.48244,0.85554,0.94858,0.77682,0.71085,0.90133,0.92118,7.2
pool_hu_harm_llama70b_evaldescshape_650.jsonl,none+ga4,350,1,175,175,350,0.79001,0.8177,0.79112,0.57025,0.89831,0.90037,0.7593,0.70573,0.93444,0.87136,6.8
pool_hu_harm_llama70b_evaldescshape_650.jsonl,none+ga4,350,2,175,175,350,0.81801,0.85934,0.96219,0.47211,0.89652,0.94123,0.88852,0.69704,0.93174,0.92009,6.9
pool_hu_harm_llama70b_evaldescshape_650.jsonl,none+ga4,350,3,175,175,350,0.82981,0.85516,0.92911,0.53719,0.89886,0.95409,0.84937,0.72121,0.93384,0.91623,6.9
pool_hu_harm_llama70b_evaldescshape_650.jsonl,none+ga4,350,4,175,175,350,0.82209,0.83816,0.92817,0.53202,0.88004,0.94812,0.8285,0.6928,0.89296,0.93836,6.7
pool_hu_harm_llama70b_evaldescshape_650.jsonl,none+ga4,350,5,175,175,350,0.75468,0.81894,0.74386,0.4845,0.90376,0.88659,0.74957,0.71943,0.9431,0.86365,6.8
pool_hu_harm_llama70b_evaldescshape_650.jsonl,none+ga4,350,6,175,175,350,0.83649,0.85577,0.92722,0.56921,0.89084,0.95868,0.85402,0.72332,0.91055,0.93518,6.8
pool_hu_harm_llama70b_evaldescshape_650.jsonl,none+ga4,350,7,175,175,350,0.8122,0.84861,0.91304,0.48347,0.90232,0.94995,0.84699,0.70951,0.92278,0.91514,6.7
pool_hu_harm_llama70b_full-ai_dilemmas_650.jsonl,none+ga4,350,0,175,175,350,0.87522,0.88578,1.0,0.63223,0.88427,0.98439,0.97459,0.70428,0.88626,0.97798,7.1
pool_hu_harm_llama70b_full-ai_dilemmas_650.jsonl,none+ga4,350,1,175,175,350,0.85441,0.87672,1.0,0.56198,0.8777,0.97796,0.97156,0.68623,0.8722,0.97688,7.0
pool_hu_harm_llama70b_full-ai_dilemmas_650.jsonl,none+ga4,350,2,175,175,350,0.87934,0.89437,1.0,0.67045,0.87447,0.97245,0.98032,0.74838,0.87104,0.97772,7.6
pool_hu_harm_llama70b_full-ai_dilemmas_650.jsonl,none+ga4,350,3,175,175,350,0.88092,0.87678,1.0,0.64153,0.89363,0.98852,0.98811,0.67164,0.86835,0.97902,7.6
pool_hu_harm_llama70b_full-ai_dilemmas_650.jsonl,none+ga4,350,4,175,175,350,0.85452,0.89814,1.0,0.56095,0.87458,0.98255,0.98205,0.73235,0.89955,0.9786,7.4
pool_hu_harm_llama70b_full-ai_dilemmas_650.jsonl,none+ga4,350,5,175,175,350,0.87006,0.87944,0.99811,0.625,0.87503,0.98209,0.98075,0.68434,0.8808,0.97189,10.3
pool_hu_harm_llama70b_full-ai_dilemmas_650.jsonl,none+ga4,350,6,175,175,350,0.87126,0.88103,1.0,0.64256,0.86545,0.97704,0.99276,0.67699,0.87416,0.98022,7.2
pool_hu_harm_llama70b_full-ai_dilemmas_650.jsonl,none+ga4,350,7,175,175,350,0.87784,0.88849,1.0,0.64463,0.89062,0.97612,0.98032,0.72488,0.88036,0.9684,6.8
pool_hu_harm_llama70b_full-ant_hh_650.jsonl,none+ga4,350,0,175,175,350,0.68964,0.73224,0.56711,0.46384,0.86489,0.86272,0.55655,0.64034,0.87233,0.85975,9.8
pool_hu_harm_llama70b_full-ant_hh_650.jsonl,none+ga4,350,1,175,175,350,0.74709,0.76971,0.65217,0.56612,0.83849,0.93159,0.61981,0.68634,0.84987,0.92279,13.8
pool_hu_harm_llama70b_full-ant_hh_650.jsonl,none+ga4,350,2,175,175,350,0.73145,0.75745,0.62287,0.55269,0.87881,0.87144,0.57731,0.67599,0.90302,0.87349,8.5
pool_hu_harm_llama70b_full-ant_hh_650.jsonl,none+ga4,350,3,175,175,350,0.74728,0.77285,0.64461,0.53512,0.8787,0.93067,0.62057,0.67008,0.89484,0.90592,9.9
pool_hu_harm_llama70b_full-ant_hh_650.jsonl,none+ga4,350,4,175,175,350,0.70948,0.74992,0.58129,0.48967,0.88037,0.88659,0.56023,0.66318,0.89143,0.88484,13.0
pool_hu_harm_llama70b_full-ant_hh_650.jsonl,none+ga4,350,5,175,175,350,0.7023,0.73655,0.56711,0.5155,0.85654,0.87006,0.56672,0.66139,0.85476,0.86334,16.4
pool_hu_harm_llama70b_full-ant_hh_650.jsonl,none+ga4,350,6,175,175,350,0.66649,0.71043,0.53025,0.45558,0.86656,0.81359,0.51438,0.64892,0.86614,0.81227,11.1
pool_hu_harm_llama70b_full-ant_hh_650.jsonl,none+ga4,350,7,175,175,350,0.69514,0.72984,0.56522,0.52066,0.83838,0.85629,0.55288,0.64803,0.85026,0.86818,7.7
pool_hu_harm_llama70b_full-balanced_refusal_650.jsonl,none+ga4,350,0,175,175,350,0.70816,0.75151,0.61153,0.44835,0.92426,0.84848,0.61429,0.60359,0.9507,0.83746,11.4
pool_hu_harm_llama70b_full-balanced_refusal_650.jsonl,none+ga4,350,1,175,175,350,0.75846,0.78807,0.73251,0.45971,0.93117,0.91047,0.70156,0.62553,0.95019,0.875,8.2
pool_hu_harm_llama70b_full-balanced_refusal_650.jsonl,none+ga4,350,2,175,175,350,0.71728,0.74384,0.61626,0.4969,0.92493,0.83104,0.62262,0.59423,0.95601,0.80248,7.1
pool_hu_harm_llama70b_full-balanced_refusal_650.jsonl,none+ga4,350,3,175,175,350,0.72689,0.76863,0.73724,0.42769,0.9139,0.82874,0.69691,0.62965,0.94294,0.80503,6.1
pool_hu_harm_llama70b_full-balanced_refusal_650.jsonl,none+ga4,350,4,175,175,350,0.72218,0.73203,0.63043,0.5,0.94241,0.81589,0.60543,0.57964,0.95908,0.784,7.2
pool_hu_harm_llama70b_full-balanced_refusal_650.jsonl,none+ga4,350,5,175,175,350,0.73502,0.7618,0.68715,0.47831,0.9335,0.84114,0.6742,0.57051,0.95801,0.84449,10.3
pool_hu_harm_llama70b_full-balanced_refusal_650.jsonl,none+ga4,350,6,175,175,350,0.73468,0.76637,0.71361,0.46074,0.90577,0.85859,0.67431,0.59679,0.94569,0.84871,8.8
pool_hu_harm_llama70b_full-balanced_refusal_650.jsonl,none+ga4,350,7,175,175,350,0.73115,0.76315,0.64272,0.47831,0.93763,0.86593,0.64403,0.62675,0.95449,0.82731,12.1
pool_hu_harm_llama70b_full-daily_dilemmas_650.jsonl,none+ga4,350,0,175,175,350,0.87121,0.87543,1.0,0.58884,0.90243,0.99357,0.98367,0.62731,0.90589,0.98485,6.8
pool_hu_harm_llama70b_full-daily_dilemmas_650.jsonl,none+ga4,350,1,175,175,350,0.85663,0.85922,0.97543,0.57645,0.88015,0.99449,0.96486,0.62854,0.87856,0.96491,6.6
pool_hu_harm_llama70b_full-daily_dilemmas_650.jsonl,none+ga4,350,2,175,175,350,0.85713,0.84954,0.99527,0.6126,0.82156,0.99908,0.96583,0.61272,0.83804,0.98157,16.0
pool_hu_harm_llama70b_full-daily_dilemmas_650.jsonl,none+ga4,350,3,175,175,350,0.87379,0.86592,0.97826,0.65909,0.87937,0.97842,0.95588,0.66229,0.88722,0.9583,7.4
pool_hu_harm_llama70b_full-daily_dilemmas_650.jsonl,none+ga4,350,4,175,175,350,0.86732,0.86877,0.97826,0.60744,0.89875,0.98485,0.95491,0.64758,0.89731,0.97527,7.0
pool_hu_harm_llama70b_full-daily_dilemmas_650.jsonl,none+ga4,350,5,175,175,350,0.843,0.83844,0.99433,0.57438,0.81065,0.99265,0.97286,0.62375,0.77469,0.98246,7.1
pool_hu_harm_llama70b_full-daily_dilemmas_650.jsonl,none+ga4,350,6,175,175,350,0.74705,0.74977,0.67391,0.72417,0.72511,0.86501,0.69085,0.68668,0.72343,0.89812,6.6
pool_hu_harm_llama70b_full-daily_dilemmas_650.jsonl,none+ga4,350,7,175,175,350,0.86717,0.86241,0.99811,0.6281,0.84796,0.99449,0.97881,0.6419,0.84398,0.98495,7.2
pool_hu_harm_llama70b_general_650.jsonl,none+ga4,350,0,175,175,350,0.84447,0.84153,0.91304,0.60021,0.8738,0.99082,0.88127,0.67454,0.85257,0.95773,12.5
pool_hu_harm_llama70b_general_650.jsonl,none+ga4,350,1,175,175,350,0.79737,0.80862,0.75614,0.58264,0.86033,0.99036,0.79423,0.6654,0.8289,0.94596,7.1
pool_hu_harm_llama70b_general_650.jsonl,none+ga4,350,2,175,175,350,0.83718,0.84077,0.94707,0.53719,0.8718,0.99265,0.87262,0.67064,0.85157,0.96824,8.3
pool_hu_harm_llama70b_general_650.jsonl,none+ga4,350,3,175,175,350,0.84092,0.8458,0.93195,0.58058,0.85576,0.99541,0.88949,0.67276,0.84776,0.97319,8.9
pool_hu_harm_llama70b_general_650.jsonl,none+ga4,350,4,175,175,350,0.82508,0.82589,0.86578,0.57128,0.87659,0.98669,0.83088,0.6791,0.85419,0.9394,8.3
pool_hu_harm_llama70b_general_650.jsonl,none+ga4,350,5,175,175,350,0.83065,0.83447,0.90643,0.55888,0.86556,0.99174,0.8457,0.67487,0.85285,0.96444,7.2
pool_hu_harm_llama70b_general_650.jsonl,none+ga4,350,6,175,175,350,0.83799,0.83194,0.88752,0.59814,0.87503,0.99128,0.82483,0.68044,0.86282,0.95965,14.5
pool_hu_harm_llama70b_general_650.jsonl,none+ga4,350,7,175,175,350,0.81046,0.81775,0.85255,0.53099,0.88583,0.97245,0.8019,0.6712,0.86777,0.93013,9.1
pool_hu_harm_llama70b_minimal-ai_dilemmas_650.jsonl,none+ga4,350,0,175,175,350,0.74208,0.78117,0.62571,0.57231,0.83504,0.93526,0.63592,0.73457,0.85555,0.89864,7.0
pool_hu_harm_llama70b_minimal-ai_dilemmas_650.jsonl,none+ga4,350,1,175,175,350,0.74049,0.76691,0.63138,0.63017,0.78949,0.91093,0.6396,0.74972,0.7966,0.88172,7.3
pool_hu_harm_llama70b_minimal-ai_dilemmas_650.jsonl,none+ga4,350,2,175,175,350,0.74102,0.7676,0.59546,0.59917,0.84752,0.92195,0.61116,0.74282,0.85121,0.86521,7.1
pool_hu_harm_llama70b_minimal-ai_dilemmas_650.jsonl,none+ga4,350,3,175,175,350,0.76138,0.78508,0.6673,0.59711,0.82613,0.955,0.68685,0.73524,0.81841,0.89983,6.8
pool_hu_harm_llama70b_minimal-ai_dilemmas_650.jsonl,none+ga4,350,4,175,175,350,0.7582,0.78789,0.67769,0.56921,0.84373,0.94215,0.69356,0.72956,0.83439,0.89405,6.9
pool_hu_harm_llama70b_minimal-ai_dilemmas_650.jsonl,none+ga4,350,5,175,175,350,0.71437,0.74857,0.56711,0.53719,0.84317,0.91001,0.58726,0.69425,0.84749,0.86526,7.0
pool_hu_harm_llama70b_minimal-ai_dilemmas_650.jsonl,none+ga4,350,6,175,175,350,0.76464,0.7916,0.64745,0.59607,0.85821,0.95684,0.69064,0.73691,0.84095,0.89791,6.8
pool_hu_harm_llama70b_minimal-ai_dilemmas_650.jsonl,none+ga4,350,7,175,175,350,0.78584,0.80405,0.6862,0.63636,0.85063,0.97016,0.70978,0.7241,0.86203,0.92029,7.2
pool_hu_harm_llama70b_minimal-ant_hh_650.jsonl,none+ga4,350,0,175,175,350,0.8558,0.85025,0.99244,0.58781,0.8728,0.97016,0.95707,0.60236,0.87629,0.96527,9.8
pool_hu_harm_llama70b_minimal-ant_hh_650.jsonl,none+ga4,350,1,175,175,350,0.87829,0.86394,0.99433,0.67149,0.86757,0.9798,0.95026,0.66964,0.86037,0.97548,13.5
pool_hu_harm_llama70b_minimal-ant_hh_650.jsonl,none+ga4,350,2,175,175,350,0.85692,0.84032,0.97826,0.6374,0.84462,0.9674,0.90171,0.64881,0.84565,0.96512,14.8
pool_hu_harm_llama70b_minimal-ant_hh_650.jsonl,none+ga4,350,3,175,175,350,0.85906,0.84458,0.97353,0.64876,0.86077,0.95317,0.9362,0.63455,0.86099,0.94658,7.0
pool_hu_harm_llama70b_minimal-ant_hh_650.jsonl,none+ga4,350,4,175,175,350,0.85618,0.84663,0.98488,0.6312,0.85364,0.955,0.95394,0.62018,0.84418,0.96824,9.8
pool_hu_harm_llama70b_minimal-ant_hh_650.jsonl,none+ga4,350,5,175,175,350,0.85951,0.85,0.99622,0.59194,0.86734,0.98255,0.94756,0.6057,0.87437,0.97236,8.2
pool_hu_harm_llama70b_minimal-ant_hh_650.jsonl,none+ga4,350,6,175,175,350,0.84344,0.84359,0.98299,0.58161,0.84774,0.96143,0.95177,0.6096,0.84635,0.96663,9.4
pool_hu_harm_llama70b_minimal-ant_hh_650.jsonl,none+ga4,350,7,175,175,350,0.86992,0.85382,0.99433,0.66116,0.86322,0.96097,0.9561,0.63722,0.85799,0.96397,10.0
pool_hu_harm_llama70b_minimal-balanced_refusal_650.jsonl,none+ga4,350,0,175,175,350,0.85758,0.85475,0.98677,0.61983,0.86044,0.96327,0.93296,0.64513,0.87579,0.96512,15.2
pool_hu_harm_llama70b_minimal-balanced_refusal_650.jsonl,none+ga4,350,1,175,175,350,0.87257,0.86809,0.99055,0.66736,0.86177,0.97062,0.94907,0.68456,0.87501,0.96371,8.1
pool_hu_harm_llama70b_minimal-balanced_refusal_650.jsonl,none+ga4,350,2,175,175,350,0.85647,0.85786,0.99811,0.6188,0.85075,0.95822,0.9588,0.6458,0.85996,0.96689,9.1
pool_hu_harm_llama70b_minimal-balanced_refusal_650.jsonl,none+ga4,350,3,175,175,350,0.84917,0.85586,0.99622,0.55992,0.86901,0.97153,0.9535,0.62664,0.87451,0.96876,13.5
pool_hu_harm_llama70b_minimal-balanced_refusal_650.jsonl,none+ga4,350,4,175,175,350,0.85923,0.85923,0.98299,0.6188,0.87002,0.96511,0.95642,0.64045,0.87291,0.96715,15.2
pool_hu_harm_llama70b_minimal-balanced_refusal_650.jsonl,none+ga4,350,5,175,175,350,0.84329,0.85818,0.98299,0.53099,0.87937,0.9798,0.94702,0.61862,0.89791,0.96918,9.5
pool_hu_harm_llama70b_minimal-balanced_refusal_650.jsonl,none+ga4,350,6,175,175,350,0.85929,0.86549,0.98204,0.62293,0.86801,0.96419,0.94734,0.65939,0.89125,0.96397,15.6
pool_hu_harm_llama70b_minimal-balanced_refusal_650.jsonl,none+ga4,350,7,175,175,350,0.86706,0.86573,0.99244,0.63017,0.8865,0.95914,0.94756,0.64068,0.9018,0.97288,9.0
pool_hu_harm_llama70b_minimal-daily_dilemmas_650.jsonl,none+ga4,350,0,175,175,350,0.85037,0.83863,0.99338,0.56612,0.86768,0.97429,0.91404,0.63923,0.83729,0.96397,10.8
pool_hu_harm_llama70b_minimal-daily_dilemmas_650.jsonl,none+ga4,350,1,175,175,350,0.84419,0.84803,0.9811,0.53099,0.88761,0.97704,0.91793,0.64703,0.85281,0.97433,8.0
pool_hu_harm_llama70b_minimal-daily_dilemmas_650.jsonl,none+ga4,350,2,175,175,350,0.84644,0.86059,0.98015,0.52273,0.90031,0.98255,0.91923,0.67053,0.87752,0.97506,9.4
pool_hu_harm_llama70b_minimal-daily_dilemmas_650.jsonl,none+ga4,350,3,175,175,350,0.83804,0.85044,0.96786,0.52479,0.88706,0.97245,0.9216,0.6556,0.85844,0.96611,7.9
pool_hu_harm_llama70b_minimal-daily_dilemmas_650.jsonl,none+ga4,350,4,175,175,350,0.84267,0.85928,0.99055,0.5093,0.89608,0.97475,0.92593,0.6546,0.88029,0.97631,8.8
pool_hu_harm_llama70b_minimal-daily_dilemmas_650.jsonl,none+ga4,350,5,175,175,350,0.81459,0.81671,0.91588,0.52893,0.84663,0.96694,0.83131,0.66329,0.8235,0.94872,13.5
pool_hu_harm_llama70b_minimal-daily_dilemmas_650.jsonl,none+ga4,350,6,175,175,350,0.8413,0.8575,0.96219,0.51963,0.89808,0.98531,0.92442,0.65783,0.87811,0.96965,9.2
pool_hu_harm_llama70b_minimal-daily_dilemmas_650.jsonl,none+ga4,350,7,175,175,350,0.8593,0.87686,1.0,0.56508,0.89508,0.97704,0.96929,0.68378,0.87426,0.98011,7.9
pool_hu_harm_nemotron_evaldescshape_650.jsonl,none+ga4,350,0,175,175,350,0.82083,0.84762,0.90926,0.52273,0.89586,0.95546,0.85359,0.69169,0.90586,0.93935,8.3
pool_hu_harm_nemotron_evaldescshape_650.jsonl,none+ga4,350,1,175,175,350,0.82347,0.84012,0.89981,0.52066,0.89407,0.97934,0.83964,0.67844,0.89263,0.94976,7.1
pool_hu_harm_nemotron_evaldescshape_650.jsonl,none+ga4,350,2,175,175,350,0.80288,0.84024,0.87902,0.48864,0.90265,0.94123,0.84862,0.6771,0.90661,0.92862,7.6
pool_hu_harm_nemotron_evaldescshape_650.jsonl,none+ga4,350,3,175,175,350,0.80903,0.81276,0.84877,0.57128,0.89686,0.91919,0.80179,0.66017,0.88226,0.90681,6.6
pool_hu_harm_nemotron_evaldescshape_650.jsonl,none+ga4,350,4,175,175,350,0.84716,0.87123,0.96881,0.52686,0.91089,0.98209,0.9269,0.67365,0.92186,0.96252,7.5
pool_hu_harm_nemotron_evaldescshape_650.jsonl,none+ga4,350,5,175,175,350,0.82683,0.85686,0.91682,0.48967,0.91,0.99082,0.87035,0.68679,0.91759,0.95273,6.9
pool_hu_harm_nemotron_evaldescshape_650.jsonl,none+ga4,350,6,175,175,350,0.83303,0.84849,0.90359,0.54132,0.8973,0.9899,0.87067,0.66607,0.89333,0.96387,8.7
pool_hu_harm_nemotron_evaldescshape_650.jsonl,none+ga4,350,7,175,175,350,0.81464,0.83948,0.91966,0.49174,0.87748,0.9697,0.85716,0.67153,0.88495,0.94429,6.6
pool_hu_harm_nemotron_general_650.jsonl,none+ga4,350,0,175,175,350,0.7709,0.81946,0.74858,0.4845,0.92214,0.92837,0.75919,0.63722,0.94505,0.93638,6.5
pool_hu_harm_nemotron_general_650.jsonl,none+ga4,350,1,175,175,350,0.80825,0.85009,0.90643,0.5031,0.91301,0.91047,0.88473,0.64881,0.92246,0.94435,15.6
pool_hu_harm_nemotron_general_650.jsonl,none+ga4,350,2,175,175,350,0.80109,0.8273,0.83459,0.52583,0.92337,0.92057,0.79066,0.65159,0.94605,0.92092,6.6
pool_hu_harm_nemotron_general_650.jsonl,none+ga4,350,3,175,175,350,0.76123,0.79951,0.74764,0.45558,0.91746,0.92424,0.72956,0.64435,0.9329,0.89124,6.5
pool_hu_harm_nemotron_general_650.jsonl,none+ga4,350,4,175,175,350,0.768,0.80824,0.76371,0.48037,0.92203,0.90588,0.73605,0.64268,0.943,0.91123,14.3
pool_hu_harm_nemotron_general_650.jsonl,none+ga4,350,5,175,175,350,0.76933,0.79244,0.79773,0.44525,0.90365,0.93067,0.73162,0.66139,0.90315,0.87359,14.1
pool_hu_harm_nemotron_general_650.jsonl,none+ga4,350,6,175,175,350,0.74605,0.78755,0.71267,0.47417,0.91813,0.87925,0.67961,0.66318,0.93846,0.86896,6.3
pool_hu_harm_nemotron_general_650.jsonl,none+ga4,350,7,175,175,350,0.79231,0.82067,0.86011,0.4938,0.89842,0.9169,0.82396,0.62976,0.91585,0.91311,14.7
pool_hu_harm_deepseekv4pro_evaldescshape_650.jsonl,none+ga4,170,0,85,85,170,0.85372,0.85097,0.9603,0.58471,0.90109,0.96878,0.89944,0.65794,0.88436,0.96215,8.1
pool_hu_harm_deepseekv4pro_evaldescshape_650.jsonl,none+ga4,170,1,85,85,170,0.8361,0.85343,0.96125,0.53719,0.86021,0.98577,0.93361,0.6634,0.85095,0.96574,5.6
pool_hu_harm_deepseekv4pro_evaldescshape_650.jsonl,none+ga4,170,2,85,85,170,0.78616,0.81613,0.79868,0.51136,0.87915,0.95546,0.76849,0.69637,0.8767,0.92295,5.9
pool_hu_harm_deepseekv4pro_evaldescshape_650.jsonl,none+ga4,170,3,85,85,170,0.84335,0.86531,0.91021,0.59504,0.89753,0.97062,0.9308,0.70361,0.89209,0.93477,5.4
pool_hu_harm_deepseekv4pro_evaldescshape_650.jsonl,none+ga4,170,4,85,85,170,0.82822,0.86476,0.9518,0.5155,0.88049,0.96511,0.9255,0.67587,0.8952,0.96246,8.2
pool_hu_harm_deepseekv4pro_evaldescshape_650.jsonl,none+ga4,170,5,85,85,170,0.83169,0.85236,0.92817,0.52479,0.88572,0.98806,0.90409,0.66217,0.87469,0.9685,5.5
pool_hu_harm_deepseekv4pro_evaldescshape_650.jsonl,none+ga4,170,6,85,85,170,0.79911,0.82655,0.79206,0.56612,0.88372,0.95455,0.82158,0.68267,0.88123,0.92071,5.8
pool_hu_harm_deepseekv4pro_evaldescshape_650.jsonl,none+ga4,170,7,85,85,170,0.77868,0.81644,0.82609,0.45661,0.87792,0.95409,0.7979,0.67198,0.86136,0.93451,5.4
pool_hu_harm_deepseekv4pro_general_650.jsonl,none+ga4,170,0,85,85,170,0.7961,0.81373,0.93762,0.45351,0.8346,0.95868,0.85035,0.63934,0.83061,0.93461,5.4
pool_hu_harm_deepseekv4pro_general_650.jsonl,none+ga4,170,1,85,85,170,0.76513,0.80001,0.85161,0.42562,0.81499,0.96832,0.80547,0.63266,0.8155,0.94643,5.4
pool_hu_harm_deepseekv4pro_general_650.jsonl,none+ga4,170,2,85,85,170,0.79534,0.8068,0.93478,0.46591,0.8229,0.95776,0.83294,0.63711,0.822,0.93513,10.6
pool_hu_harm_deepseekv4pro_general_650.jsonl,none+ga4,170,3,85,85,170,0.79224,0.80121,0.9518,0.43802,0.82368,0.95546,0.82169,0.64168,0.81617,0.92529,5.2
pool_hu_harm_deepseekv4pro_general_650.jsonl,none+ga4,170,4,85,85,170,0.76729,0.80002,0.87713,0.42252,0.81544,0.95409,0.81228,0.62397,0.81849,0.94534,5.3
pool_hu_harm_deepseekv4pro_general_650.jsonl,none+ga4,170,5,85,85,170,0.78547,0.79691,0.92155,0.44731,0.82168,0.95133,0.81596,0.61216,0.82364,0.93586,5.4
pool_hu_harm_deepseekv4pro_general_650.jsonl,none+ga4,170,6,85,85,170,0.79715,0.80695,0.91871,0.48967,0.81878,0.96143,0.82731,0.63266,0.8164,0.95143,5.4
pool_hu_harm_deepseekv4pro_general_650.jsonl,none+ga4,170,7,85,85,170,0.7944,0.80775,0.97826,0.42769,0.82078,0.95087,0.86365,0.61673,0.8191,0.93154,10.8
pool_hu_harm_gptoss_evaldescshape_650.jsonl,none+ga4,170,0,85,85,170,0.84103,0.8427,0.93289,0.59711,0.85754,0.97658,0.82829,0.72466,0.8534,0.96444,7.5
pool_hu_harm_gptoss_evaldescshape_650.jsonl,none+ga4,170,1,85,85,170,0.82337,0.84686,0.91682,0.56612,0.84774,0.96281,0.88971,0.71987,0.8267,0.95117,7.3
pool_hu_harm_gptoss_evaldescshape_650.jsonl,none+ga4,170,2,85,85,170,0.82822,0.84586,0.90548,0.60434,0.87146,0.93159,0.85856,0.72744,0.86479,0.93263,7.2
pool_hu_harm_gptoss_evaldescshape_650.jsonl,none+ga4,170,3,85,85,170,0.84158,0.86214,0.93006,0.58161,0.8767,0.97796,0.87478,0.72366,0.8828,0.96731,7.4
pool_hu_harm_gptoss_evaldescshape_650.jsonl,none+ga4,170,4,85,85,170,0.8421,0.86687,0.98393,0.51446,0.90766,0.96235,0.91468,0.69882,0.8903,0.96366,9.2
pool_hu_harm_gptoss_evaldescshape_650.jsonl,none+ga4,170,5,85,85,170,0.84148,0.84712,0.98393,0.55888,0.84284,0.98026,0.90971,0.68802,0.82724,0.9635,7.2
pool_hu_harm_gptoss_evaldescshape_650.jsonl,none+ga4,170,6,85,85,170,0.7984,0.8154,0.79112,0.58574,0.88561,0.93113,0.74232,0.7123,0.88415,0.92284,5.6
pool_hu_harm_gptoss_evaldescshape_650.jsonl,none+ga4,170,7,85,85,170,0.83275,0.84841,0.94896,0.53512,0.87904,0.96786,0.86008,0.7074,0.87751,0.94867,5.7
pool_hu_harm_gptoss_general_650.jsonl,none+ga4,170,0,85,85,170,0.84345,0.84344,0.97921,0.57438,0.84685,0.97337,0.91814,0.65616,0.83765,0.96179,10.1
pool_hu_harm_gptoss_general_650.jsonl,none+ga4,170,1,85,85,170,0.79387,0.80363,0.82136,0.55165,0.84562,0.95684,0.77822,0.6634,0.84013,0.93279,10.6
pool_hu_harm_gptoss_general_650.jsonl,none+ga4,170,2,85,85,170,0.83103,0.82266,0.96786,0.53202,0.84718,0.97704,0.85575,0.64057,0.83977,0.95455,7.9
pool_hu_harm_gptoss_general_650.jsonl,none+ga4,170,3,85,85,170,0.82889,0.82813,0.93762,0.55372,0.84351,0.98072,0.83715,0.66774,0.84574,0.96189,10.8
pool_hu_harm_gptoss_general_650.jsonl,none+ga4,170,4,85,85,170,0.83121,0.84117,0.96881,0.56095,0.83137,0.96373,0.89619,0.6781,0.83648,0.95393,9.4
pool_hu_harm_gptoss_general_650.jsonl,none+ga4,170,5,85,85,170,0.82326,0.83759,0.94896,0.52273,0.85487,0.96648,0.88073,0.66674,0.83939,0.9635,11.0
pool_hu_harm_gptoss_general_650.jsonl,none+ga4,170,6,85,85,170,0.82906,0.85188,0.9811,0.5093,0.85843,0.9674,0.91328,0.68133,0.84689,0.966,7.3
pool_hu_harm_gptoss_general_650.jsonl,none+ga4,170,7,85,85,170,0.82166,0.83148,0.95558,0.51033,0.85242,0.96832,0.86289,0.65037,0.84619,0.96647,10.3
pool_hu_harm_llama70b_evaldescshape_650.jsonl,none+ga4,170,0,85,85,170,0.8337,0.86816,0.95274,0.50413,0.90087,0.97704,0.867,0.72076,0.937,0.94789,5.9
pool_hu_harm_llama70b_evaldescshape_650.jsonl,none+ga4,170,1,85,85,170,0.80839,0.85474,0.88563,0.49897,0.89853,0.95041,0.84256,0.72076,0.93778,0.91785,5.4
pool_hu_harm_llama70b_evaldescshape_650.jsonl,none+ga4,170,2,85,85,170,0.79496,0.82112,0.79868,0.52686,0.9002,0.95409,0.72632,0.70016,0.94605,0.91196,5.8
pool_hu_harm_llama70b_evaldescshape_650.jsonl,none+ga4,170,3,85,85,170,0.81234,0.8422,0.89036,0.54236,0.89652,0.92011,0.87327,0.70339,0.92866,0.86349,5.7
pool_hu_harm_llama70b_evaldescshape_650.jsonl,none+ga4,170,4,85,85,170,0.81459,0.85387,0.93384,0.4876,0.88193,0.955,0.85662,0.71018,0.91364,0.93503,5.5
pool_hu_harm_llama70b_evaldescshape_650.jsonl,none+ga4,170,5,85,85,170,0.84982,0.8602,0.97543,0.57955,0.87325,0.97107,0.87522,0.69648,0.94284,0.92628,5.5
pool_hu_harm_llama70b_evaldescshape_650.jsonl,none+ga4,170,6,85,85,170,0.79569,0.82519,0.79017,0.52686,0.91669,0.94904,0.73605,0.68913,0.95537,0.92019,7.3
pool_hu_harm_llama70b_evaldescshape_650.jsonl,none+ga4,170,7,85,85,170,0.80574,0.83698,0.8327,0.53202,0.92849,0.92975,0.79433,0.71575,0.94067,0.89718,8.1
pool_hu_harm_llama70b_full-ai_dilemmas_650.jsonl,none+ga4,170,0,85,85,170,0.8389,0.89219,1.0,0.48244,0.88695,0.98623,0.98843,0.67532,0.92414,0.98089,10.9
pool_hu_harm_llama70b_full-ai_dilemmas_650.jsonl,none+ga4,170,1,85,85,170,0.88388,0.91386,1.0,0.60847,0.93807,0.98898,0.98616,0.74827,0.94229,0.97871,5.7
pool_hu_harm_llama70b_full-ai_dilemmas_650.jsonl,none+ga4,170,2,85,85,170,0.82888,0.87689,1.0,0.4845,0.85721,0.97383,0.98313,0.67209,0.88031,0.97204,5.7
pool_hu_harm_llama70b_full-ai_dilemmas_650.jsonl,none+ga4,170,3,85,85,170,0.88479,0.89416,1.0,0.64256,0.91268,0.98393,0.98086,0.71252,0.9117,0.97157,5.7
pool_hu_harm_llama70b_full-ai_dilemmas_650.jsonl,none+ga4,170,4,85,85,170,0.88987,0.89789,1.0,0.64463,0.94331,0.97153,0.98789,0.69648,0.9355,0.97168,5.4
pool_hu_harm_llama70b_full-ai_dilemmas_650.jsonl,none+ga4,170,5,85,85,170,0.85767,0.8745,1.0,0.58884,0.85286,0.98898,0.99092,0.66485,0.85556,0.98667,9.0
pool_hu_harm_llama70b_full-ai_dilemmas_650.jsonl,none+ga4,170,6,85,85,170,0.88207,0.89219,1.0,0.62087,0.9276,0.9798,0.97805,0.68389,0.94486,0.96194,5.6
pool_hu_harm_llama70b_full-ai_dilemmas_650.jsonl,none+ga4,170,7,85,85,170,0.85489,0.88632,1.0,0.56508,0.87102,0.98347,0.99048,0.67276,0.89509,0.98693,9.6
pool_hu_harm_llama70b_full-ant_hh_650.jsonl,none+ga4,170,0,85,85,170,0.71299,0.74972,0.58979,0.55785,0.84161,0.86272,0.57515,0.71386,0.82317,0.88671,10.4
pool_hu_harm_llama70b_full-ant_hh_650.jsonl,none+ga4,170,1,85,85,170,0.69858,0.74145,0.59357,0.51963,0.8317,0.8494,0.56747,0.6644,0.86446,0.86948,11.9
pool_hu_harm_llama70b_full-ant_hh_650.jsonl,none+ga4,170,2,85,85,170,0.68725,0.74436,0.54253,0.47624,0.88082,0.8494,0.53828,0.66318,0.90798,0.86802,10.9
pool_hu_harm_llama70b_full-ant_hh_650.jsonl,none+ga4,170,3,85,85,170,0.77805,0.7967,0.77788,0.55579,0.8552,0.92332,0.71918,0.66139,0.8792,0.92701,5.9
pool_hu_harm_llama70b_full-ant_hh_650.jsonl,none+ga4,170,4,85,85,170,0.79892,0.80639,0.81191,0.55165,0.88583,0.94628,0.71442,0.68289,0.9088,0.91946,9.6
pool_hu_harm_llama70b_full-ant_hh_650.jsonl,none+ga4,170,5,85,85,170,0.69336,0.73727,0.5397,0.47934,0.9041,0.85032,0.52941,0.64769,0.91659,0.85537,5.8
pool_hu_harm_llama70b_full-ant_hh_650.jsonl,none+ga4,170,6,85,85,170,0.71684,0.75466,0.61909,0.53099,0.84997,0.86731,0.60781,0.67944,0.8303,0.90108,10.8
pool_hu_harm_llama70b_full-ant_hh_650.jsonl,none+ga4,170,7,85,85,170,0.68547,0.72356,0.56805,0.48244,0.8562,0.83517,0.56672,0.63633,0.85277,0.8384,5.7
pool_hu_harm_llama70b_full-balanced_refusal_650.jsonl,none+ga4,170,0,85,85,170,0.66719,0.72724,0.59357,0.37293,0.92081,0.78145,0.58142,0.59234,0.94924,0.78597,5.3
pool_hu_harm_llama70b_full-balanced_refusal_650.jsonl,none+ga4,170,1,85,85,170,0.64296,0.72043,0.63327,0.40083,0.91423,0.62351,0.61494,0.63722,0.93922,0.69034,5.3
pool_hu_harm_llama70b_full-balanced_refusal_650.jsonl,none+ga4,170,2,85,85,170,0.72236,0.77074,0.75047,0.37707,0.90744,0.85445,0.73248,0.57619,0.93937,0.83491,8.8
pool_hu_harm_llama70b_full-balanced_refusal_650.jsonl,none+ga4,170,3,85,85,170,0.68121,0.73905,0.64367,0.41839,0.87904,0.78375,0.64446,0.61383,0.89839,0.79951,5.4
pool_hu_harm_llama70b_full-balanced_refusal_650.jsonl,none+ga4,170,4,85,85,170,0.72252,0.75265,0.76087,0.37293,0.92248,0.83379,0.67809,0.55513,0.94485,0.83252,10.7
pool_hu_harm_llama70b_full-balanced_refusal_650.jsonl,none+ga4,170,5,85,85,170,0.71299,0.74884,0.65406,0.48347,0.91646,0.79798,0.61916,0.62163,0.95278,0.8018,7.0
pool_hu_harm_llama70b_full-balanced_refusal_650.jsonl,none+ga4,170,6,85,85,170,0.65044,0.71395,0.58412,0.38223,0.87737,0.75803,0.56628,0.60392,0.91883,0.76676,5.3
pool_hu_harm_llama70b_full-balanced_refusal_650.jsonl,none+ga4,170,7,85,85,170,0.69973,0.73579,0.65595,0.44112,0.91123,0.79063,0.60035,0.58231,0.93948,0.82101,5.4
pool_hu_harm_llama70b_full-daily_dilemmas_650.jsonl,none+ga4,170,0,85,85,170,0.85099,0.85035,0.95652,0.60537,0.87235,0.9697,0.91155,0.66429,0.8615,0.96408,5.9
pool_hu_harm_llama70b_full-daily_dilemmas_650.jsonl,none+ga4,170,1,85,85,170,0.87432,0.85599,0.99811,0.66219,0.8425,0.99449,0.9681,0.63812,0.83783,0.9799,11.1
pool_hu_harm_llama70b_full-daily_dilemmas_650.jsonl,none+ga4,170,2,85,85,170,0.83004,0.80631,0.91304,0.63533,0.80853,0.96327,0.87132,0.59,0.80938,0.95455,5.7
pool_hu_harm_llama70b_full-daily_dilemmas_650.jsonl,none+ga4,170,3,85,85,170,0.86331,0.8473,0.99433,0.63533,0.82635,0.99725,0.95978,0.60949,0.83832,0.98162,6.1
pool_hu_harm_llama70b_full-daily_dilemmas_650.jsonl,none+ga4,170,4,85,85,170,0.87397,0.87442,1.0,0.58678,0.9247,0.98439,0.97664,0.64691,0.89041,0.9837,5.9
pool_hu_harm_llama70b_full-daily_dilemmas_650.jsonl,none+ga4,170,5,85,85,170,0.85631,0.84608,0.99622,0.64256,0.79104,0.99541,0.96151,0.64914,0.79324,0.98042,6.2
pool_hu_harm_llama70b_full-daily_dilemmas_650.jsonl,none+ga4,170,6,85,85,170,0.84828,0.84761,0.99433,0.53822,0.89686,0.96373,0.98205,0.56794,0.87204,0.9684,5.5
pool_hu_harm_llama70b_full-daily_dilemmas_650.jsonl,none+ga4,170,7,85,85,170,0.85748,0.85911,0.99433,0.57438,0.88828,0.97291,0.98356,0.60916,0.8771,0.96663,5.8
pool_hu_harm_llama70b_general_650.jsonl,none+ga4,170,0,85,85,170,0.82986,0.83529,0.93289,0.55062,0.84005,0.99587,0.87457,0.68724,0.81581,0.96356,9.0
pool_hu_harm_llama70b_general_650.jsonl,none+ga4,170,1,85,85,170,0.78171,0.80562,0.75236,0.54339,0.8669,0.96419,0.76849,0.66329,0.86979,0.92092,8.7
pool_hu_harm_llama70b_general_650.jsonl,none+ga4,170,2,85,85,170,0.83858,0.83911,0.95652,0.52893,0.87714,0.99174,0.88722,0.65638,0.86073,0.9521,10.9
pool_hu_harm_llama70b_general_650.jsonl,none+ga4,170,3,85,85,170,0.78083,0.80099,0.74764,0.52996,0.87191,0.97383,0.73021,0.68167,0.86787,0.9242,10.3
pool_hu_harm_llama70b_general_650.jsonl,none+ga4,170,4,85,85,170,0.77756,0.79739,0.72117,0.55888,0.8669,0.96327,0.73064,0.68367,0.85818,0.91707,5.8
pool_hu_harm_llama70b_general_650.jsonl,none+ga4,170,5,85,85,170,0.82101,0.8255,0.90359,0.53306,0.86667,0.98072,0.84635,0.66941,0.83771,0.94851,8.2
pool_hu_harm_llama70b_general_650.jsonl,none+ga4,170,6,85,85,170,0.81268,0.79826,0.80718,0.59401,0.87614,0.97337,0.7646,0.6712,0.83965,0.91759,10.3
pool_hu_harm_llama70b_general_650.jsonl,none+ga4,170,7,85,85,170,0.79344,0.80607,0.79679,0.54855,0.8679,0.96051,0.79098,0.67287,0.84856,0.91186,11.0
pool_hu_harm_llama70b_minimal-ai_dilemmas_650.jsonl,none+ga4,170,0,85,85,170,0.71793,0.75006,0.56238,0.54649,0.87581,0.88705,0.57407,0.70428,0.89046,0.83142,8.2
pool_hu_harm_llama70b_minimal-ai_dilemmas_650.jsonl,none+ga4,170,1,85,85,170,0.73673,0.76097,0.57656,0.55992,0.90321,0.90725,0.62641,0.6859,0.87744,0.85412,6.1
pool_hu_harm_llama70b_minimal-ai_dilemmas_650.jsonl,none+ga4,170,2,85,85,170,0.74868,0.77662,0.67391,0.54029,0.83471,0.94582,0.6649,0.71051,0.8388,0.89228,5.8
pool_hu_harm_llama70b_minimal-ai_dilemmas_650.jsonl,none+ga4,170,3,85,85,170,0.73483,0.77107,0.61342,0.51756,0.88316,0.92516,0.62608,0.70528,0.9031,0.8498,6.2
pool_hu_harm_llama70b_minimal-ai_dilemmas_650.jsonl,none+ga4,170,4,85,85,170,0.7413,0.74505,0.56994,0.63223,0.84752,0.91552,0.59667,0.72767,0.82298,0.83288,8.5
pool_hu_harm_llama70b_minimal-ai_dilemmas_650.jsonl,none+ga4,170,5,85,85,170,0.69893,0.73533,0.53497,0.56715,0.8474,0.84619,0.54141,0.72867,0.87845,0.79279,6.5
pool_hu_harm_llama70b_minimal-ai_dilemmas_650.jsonl,none+ga4,170,6,85,85,170,0.74412,0.76416,0.58696,0.6157,0.83582,0.93802,0.59332,0.72388,0.84976,0.88968,5.5
pool_hu_harm_llama70b_minimal-ai_dilemmas_650.jsonl,none+ga4,170,7,85,85,170,0.72616,0.76411,0.58885,0.4938,0.87525,0.94674,0.61105,0.68545,0.88081,0.87911,8.3
pool_hu_harm_llama70b_minimal-ant_hh_650.jsonl,none+ga4,170,0,85,85,170,0.86249,0.84895,0.99244,0.6374,0.84585,0.97429,0.95902,0.61595,0.84255,0.97829,10.3
pool_hu_harm_llama70b_minimal-ant_hh_650.jsonl,none+ga4,170,1,85,85,170,0.80809,0.81369,0.96314,0.55475,0.83248,0.882,0.8936,0.60437,0.83811,0.91868,5.5
pool_hu_harm_llama70b_minimal-ant_hh_650.jsonl,none+ga4,170,2,85,85,170,0.83565,0.84841,0.97637,0.55888,0.84774,0.9596,0.94658,0.63399,0.8506,0.96246,10.5
pool_hu_harm_llama70b_minimal-ant_hh_650.jsonl,none+ga4,170,3,85,85,170,0.84086,0.83486,0.9414,0.6374,0.8425,0.94215,0.92193,0.6272,0.849,0.94133,10.7
pool_hu_harm_llama70b_minimal-ant_hh_650.jsonl,none+ga4,170,4,85,85,170,0.85414,0.8477,0.98866,0.58988,0.87659,0.96143,0.94691,0.57117,0.89819,0.97454,9.3
pool_hu_harm_llama70b_minimal-ant_hh_650.jsonl,none+ga4,170,5,85,85,170,0.84604,0.84837,0.96503,0.62397,0.84429,0.95087,0.94118,0.64157,0.8468,0.96392,5.3
pool_hu_harm_llama70b_minimal-ant_hh_650.jsonl,none+ga4,170,6,85,85,170,0.83597,0.83401,0.98582,0.57438,0.84429,0.93939,0.92052,0.62007,0.8488,0.94664,5.6
pool_hu_harm_llama70b_minimal-ant_hh_650.jsonl,none+ga4,170,7,85,85,170,0.83542,0.84388,0.99244,0.56198,0.86667,0.92057,0.93339,0.60637,0.88075,0.95502,5.8
pool_hu_harm_llama70b_minimal-balanced_refusal_650.jsonl,none+ga4,170,0,85,85,170,0.83773,0.84615,0.97921,0.59401,0.85164,0.92608,0.93674,0.58877,0.89064,0.96845,12.0
pool_hu_harm_llama70b_minimal-balanced_refusal_650.jsonl,none+ga4,170,1,85,85,170,0.83879,0.84412,0.9811,0.61364,0.83849,0.92195,0.94291,0.63945,0.85309,0.94101,9.7
pool_hu_harm_llama70b_minimal-balanced_refusal_650.jsonl,none+ga4,170,2,85,85,170,0.82676,0.83387,0.92439,0.63533,0.85431,0.89302,0.89187,0.64859,0.87269,0.92232,8.5
pool_hu_harm_llama70b_minimal-balanced_refusal_650.jsonl,none+ga4,170,3,85,85,170,0.83889,0.84397,0.9707,0.58161,0.86155,0.94169,0.92993,0.61951,0.86934,0.9571,9.3
pool_hu_harm_llama70b_minimal-balanced_refusal_650.jsonl,none+ga4,170,4,85,85,170,0.85308,0.85483,0.96975,0.67459,0.87681,0.89118,0.91987,0.66797,0.88819,0.9433,8.9
pool_hu_harm_llama70b_minimal-balanced_refusal_650.jsonl,none+ga4,170,5,85,85,170,0.86257,0.85447,0.9896,0.65599,0.88182,0.92287,0.94464,0.62854,0.88996,0.95476,9.7
pool_hu_harm_llama70b_minimal-balanced_refusal_650.jsonl,none+ga4,170,6,85,85,170,0.83739,0.83489,0.96597,0.61054,0.85019,0.92287,0.92398,0.62029,0.85903,0.93628,5.2
pool_hu_harm_llama70b_minimal-balanced_refusal_650.jsonl,none+ga4,170,7,85,85,170,0.84028,0.84739,0.95747,0.64463,0.86188,0.89715,0.90928,0.65883,0.89058,0.93086,9.3
pool_hu_harm_llama70b_minimal-daily_dilemmas_650.jsonl,none+ga4,170,0,85,85,170,0.77287,0.78564,0.7656,0.52169,0.84919,0.955,0.73951,0.64424,0.83429,0.92451,10.9
pool_hu_harm_llama70b_minimal-daily_dilemmas_650.jsonl,none+ga4,170,1,85,85,170,0.8356,0.83116,0.98582,0.51653,0.8708,0.96924,0.88538,0.64179,0.83226,0.96522,10.5
pool_hu_harm_llama70b_minimal-daily_dilemmas_650.jsonl,none+ga4,170,2,85,85,170,0.76721,0.79011,0.75803,0.53719,0.83148,0.94215,0.74567,0.68178,0.82103,0.91196,5.6
pool_hu_harm_llama70b_minimal-daily_dilemmas_650.jsonl,none+ga4,170,3,85,85,170,0.82193,0.83889,0.93384,0.49587,0.8865,0.97153,0.89619,0.62898,0.85945,0.97095,11.3
pool_hu_harm_llama70b_minimal-daily_dilemmas_650.jsonl,none+ga4,170,4,85,85,170,0.82541,0.84533,0.89036,0.53099,0.91334,0.96694,0.88181,0.66184,0.87619,0.96147,8.0
pool_hu_harm_llama70b_minimal-daily_dilemmas_650.jsonl,none+ga4,170,5,85,85,170,0.84104,0.82633,0.99055,0.54855,0.85398,0.97107,0.90787,0.64391,0.80044,0.95309,5.8
pool_hu_harm_llama70b_minimal-daily_dilemmas_650.jsonl,none+ga4,170,6,85,85,170,0.83148,0.84093,0.95558,0.51963,0.87826,0.97245,0.90225,0.64803,0.85508,0.95835,7.7
pool_hu_harm_llama70b_minimal-daily_dilemmas_650.jsonl,none+ga4,170,7,85,85,170,0.84551,0.85407,0.99622,0.52789,0.88227,0.97567,0.94496,0.64881,0.85155,0.97095,8.2
pool_hu_harm_nemotron_evaldescshape_650.jsonl,none+ga4,170,0,85,85,170,0.836,0.8685,0.90926,0.5124,0.92693,0.99541,0.87911,0.68389,0.94769,0.9633,7.5
pool_hu_harm_nemotron_evaldescshape_650.jsonl,none+ga4,170,1,85,85,170,0.82732,0.84568,0.88469,0.54855,0.90176,0.97429,0.85045,0.68467,0.90591,0.94169,6.3
pool_hu_harm_nemotron_evaldescshape_650.jsonl,none+ga4,170,2,85,85,170,0.80785,0.82463,0.87902,0.4814,0.91323,0.95776,0.83694,0.62909,0.91068,0.9218,6.1
pool_hu_harm_nemotron_evaldescshape_650.jsonl,none+ga4,170,3,85,85,170,0.75106,0.79673,0.75425,0.44835,0.85442,0.9472,0.75952,0.64925,0.85436,0.92378,5.5
pool_hu_harm_nemotron_evaldescshape_650.jsonl,none+ga4,170,4,85,85,170,0.81913,0.83583,0.91966,0.53306,0.87614,0.94766,0.84343,0.66741,0.89725,0.93524,6.1
pool_hu_harm_nemotron_evaldescshape_650.jsonl,none+ga4,170,5,85,85,170,0.81957,0.84035,0.94896,0.47004,0.88316,0.97612,0.85921,0.66529,0.89521,0.94169,7.9
pool_hu_harm_nemotron_evaldescshape_650.jsonl,none+ga4,170,6,85,85,170,0.81383,0.82076,0.91588,0.51136,0.87124,0.95684,0.83521,0.65293,0.87486,0.92003,6.4
pool_hu_harm_nemotron_evaldescshape_650.jsonl,none+ga4,170,7,85,85,170,0.76854,0.80578,0.79301,0.46074,0.87002,0.95041,0.78536,0.65427,0.86373,0.91977,5.5
pool_hu_harm_nemotron_general_650.jsonl,none+ga4,170,0,85,85,170,0.82737,0.87048,0.99244,0.45868,0.91301,0.94536,0.95123,0.64647,0.92495,0.95929,8.4
pool_hu_harm_nemotron_general_650.jsonl,none+ga4,170,1,85,85,170,0.77847,0.82026,0.79584,0.45041,0.92961,0.93802,0.77379,0.63812,0.94747,0.92165,11.6
pool_hu_harm_nemotron_general_650.jsonl,none+ga4,170,2,85,85,170,0.79776,0.82872,0.90643,0.48554,0.88082,0.91827,0.83413,0.6448,0.90805,0.92789,5.7
pool_hu_harm_nemotron_general_650.jsonl,none+ga4,170,3,85,85,170,0.7365,0.7801,0.6673,0.44835,0.92125,0.90909,0.67301,0.62486,0.93604,0.88651,5.6
pool_hu_harm_nemotron_general_650.jsonl,none+ga4,170,4,85,85,170,0.82535,0.8592,0.91399,0.52273,0.92025,0.94444,0.85792,0.6654,0.95136,0.9621,10.7
pool_hu_harm_nemotron_general_650.jsonl,none+ga4,170,5,85,85,170,0.7405,0.78055,0.68526,0.46178,0.90221,0.91276,0.67052,0.64123,0.92955,0.88088,5.5
pool_hu_harm_nemotron_general_650.jsonl,none+ga4,170,6,85,85,170,0.7797,0.81242,0.83648,0.43905,0.89652,0.94674,0.75616,0.65304,0.91374,0.92675,5.7
pool_hu_harm_nemotron_general_650.jsonl,none+ga4,170,7,85,85,170,0.75396,0.79888,0.72023,0.45868,0.91223,0.9247,0.68901,0.65126,0.9403,0.91493,5.5
pool_hu_harm_deepseekv4pro_evaldescshape_650.jsonl,none+ga4,110,0,55,55,110,0.81029,0.82991,0.90359,0.51136,0.86155,0.96465,0.86451,0.6575,0.85018,0.94747,6.0
pool_hu_harm_deepseekv4pro_evaldescshape_650.jsonl,none+ga4,110,1,55,55,110,0.81286,0.84701,0.90454,0.47727,0.88984,0.9798,0.89868,0.64536,0.88774,0.95627,5.1
pool_hu_harm_deepseekv4pro_evaldescshape_650.jsonl,none+ga4,110,2,55,55,110,0.83008,0.84793,0.90643,0.57128,0.85732,0.98531,0.89673,0.69102,0.8393,0.96465,5.1
pool_hu_harm_deepseekv4pro_evaldescshape_650.jsonl,none+ga4,110,3,55,55,110,0.85533,0.86729,0.98866,0.57541,0.85999,0.99725,0.94702,0.69035,0.85491,0.97688,8.0
pool_hu_harm_deepseekv4pro_evaldescshape_650.jsonl,none+ga4,110,4,55,55,110,0.71676,0.75647,0.67864,0.43182,0.88928,0.86731,0.64414,0.65427,0.88175,0.84574,8.0
pool_hu_harm_deepseekv4pro_evaldescshape_650.jsonl,none+ga4,110,5,55,55,110,0.81096,0.8163,0.80718,0.56818,0.91256,0.95592,0.73702,0.70339,0.88662,0.93815,9.0
pool_hu_harm_deepseekv4pro_evaldescshape_650.jsonl,none+ga4,110,6,55,55,110,0.7604,0.80456,0.71928,0.47107,0.90544,0.94582,0.71345,0.6761,0.89471,0.93399,5.2
pool_hu_harm_deepseekv4pro_evaldescshape_650.jsonl,none+ga4,110,7,55,55,110,0.85626,0.86032,0.96219,0.57851,0.89396,0.99036,0.89944,0.69403,0.88243,0.96538,9.4
pool_hu_harm_deepseekv4pro_general_650.jsonl,none+ga4,110,0,55,55,110,0.75199,0.78505,0.83743,0.39876,0.81265,0.95914,0.76233,0.62787,0.81606,0.93393,5.1
pool_hu_harm_deepseekv4pro_general_650.jsonl,none+ga4,110,1,55,55,110,0.78067,0.80057,0.89414,0.45041,0.81945,0.95868,0.79888,0.64424,0.81771,0.94143,8.2
pool_hu_harm_deepseekv4pro_general_650.jsonl,none+ga4,110,2,55,55,110,0.72779,0.77037,0.81758,0.375,0.79205,0.92654,0.75195,0.62085,0.79109,0.91759,4.9
pool_hu_harm_deepseekv4pro_general_650.jsonl,none+ga4,110,3,55,55,110,0.78671,0.7967,0.95274,0.44421,0.82335,0.92654,0.83467,0.60838,0.82015,0.92363,9.3
pool_hu_harm_deepseekv4pro_general_650.jsonl,none+ga4,110,4,55,55,110,0.76786,0.78198,0.83365,0.46074,0.81744,0.9596,0.75735,0.6213,0.8217,0.92758,5.5
pool_hu_harm_deepseekv4pro_general_650.jsonl,none+ga4,110,5,55,55,110,0.79291,0.79756,0.97826,0.43182,0.81711,0.94444,0.82958,0.60826,0.81451,0.93789,5.1
pool_hu_harm_deepseekv4pro_general_650.jsonl,none+ga4,110,6,55,55,110,0.77706,0.78034,0.85633,0.4907,0.80575,0.95546,0.74124,0.62553,0.80951,0.94507,5.1
pool_hu_harm_deepseekv4pro_general_650.jsonl,none+ga4,110,7,55,55,110,0.7871,0.7958,0.92911,0.44835,0.8219,0.94904,0.80753,0.6096,0.82661,0.93945,5.1
pool_hu_harm_gptoss_evaldescshape_650.jsonl,none+ga4,110,0,55,55,110,0.76298,0.80514,0.7552,0.47934,0.89497,0.92241,0.73129,0.68712,0.90725,0.89489,8.2
pool_hu_harm_gptoss_evaldescshape_650.jsonl,none+ga4,110,1,55,55,110,0.87484,0.88273,0.97921,0.62913,0.91123,0.9798,0.92193,0.7368,0.90763,0.96455,7.8
pool_hu_harm_gptoss_evaldescshape_650.jsonl,none+ga4,110,2,55,55,110,0.86328,0.85461,0.94329,0.6312,0.92225,0.95638,0.87608,0.70706,0.90116,0.93414,9.5
pool_hu_harm_gptoss_evaldescshape_650.jsonl,none+ga4,110,3,55,55,110,0.82028,0.85053,0.79868,0.60021,0.91301,0.96924,0.78493,0.73803,0.92275,0.95642,9.7
pool_hu_harm_gptoss_evaldescshape_650.jsonl,none+ga4,110,4,55,55,110,0.78166,0.81834,0.7741,0.52479,0.89341,0.93434,0.7407,0.71519,0.90143,0.91602,8.2
pool_hu_harm_gptoss_evaldescshape_650.jsonl,none+ga4,110,5,55,55,110,0.76936,0.79703,0.75236,0.50826,0.88294,0.93388,0.7021,0.70294,0.85611,0.92696,8.3
pool_hu_harm_gptoss_evaldescshape_650.jsonl,none+ga4,110,6,55,55,110,0.85347,0.86494,0.99622,0.57128,0.88817,0.95822,0.93177,0.71163,0.86692,0.94945,5.2
pool_hu_harm_gptoss_evaldescshape_650.jsonl,none+ga4,110,7,55,55,110,0.8098,0.82714,0.85444,0.60331,0.865,0.91644,0.77498,0.74805,0.86971,0.91582,5.0
pool_hu_harm_gptoss_general_650.jsonl,none+ga4,110,0,55,55,110,0.79604,0.81174,0.88091,0.50413,0.83861,0.96051,0.78979,0.67175,0.8382,0.94721,8.7
pool_hu_harm_gptoss_general_650.jsonl,none+ga4,110,1,55,55,110,0.8118,0.82299,0.8828,0.55579,0.83248,0.97612,0.82439,0.67443,0.8442,0.94893,7.5
pool_hu_harm_gptoss_general_650.jsonl,none+ga4,110,2,55,55,110,0.83254,0.84803,0.97637,0.5155,0.86723,0.97107,0.90679,0.65995,0.86469,0.96069,8.8
pool_hu_harm_gptoss_general_650.jsonl,none+ga4,110,3,55,55,110,0.80251,0.82154,0.91493,0.48657,0.8425,0.96602,0.82688,0.68155,0.83914,0.93857,8.3
pool_hu_harm_gptoss_general_650.jsonl,none+ga4,110,4,55,55,110,0.82404,0.83222,0.96881,0.53099,0.83125,0.96511,0.88127,0.66451,0.83013,0.95299,5.3
pool_hu_harm_gptoss_general_650.jsonl,none+ga4,110,5,55,55,110,0.84719,0.85639,0.96786,0.55475,0.88728,0.97888,0.91295,0.68122,0.87411,0.95726,8.7
pool_hu_harm_gptoss_general_650.jsonl,none+ga4,110,6,55,55,110,0.836,0.84907,0.99622,0.51343,0.86511,0.96924,0.92734,0.66708,0.84576,0.95611,9.6
pool_hu_harm_gptoss_general_650.jsonl,none+ga4,110,7,55,55,110,0.81915,0.84078,0.93006,0.50826,0.86077,0.9775,0.86548,0.67844,0.8448,0.97439,5.0
pool_hu_harm_llama70b_evaldescshape_650.jsonl,none+ga4,110,0,55,55,110,0.75644,0.81583,0.72779,0.45558,0.91769,0.9247,0.74221,0.70339,0.94319,0.87453,5.3
pool_hu_harm_llama70b_evaldescshape_650.jsonl,none+ga4,110,1,55,55,110,0.72814,0.77753,0.64367,0.51653,0.87358,0.87879,0.60846,0.75485,0.91076,0.83606,5.2
pool_hu_harm_llama70b_evaldescshape_650.jsonl,none+ga4,110,2,55,55,110,0.80425,0.82483,0.87713,0.4876,0.88761,0.96465,0.79163,0.63867,0.94559,0.92342,8.7
pool_hu_harm_llama70b_evaldescshape_650.jsonl,none+ga4,110,3,55,55,110,0.81744,0.80571,0.86957,0.55682,0.91958,0.92378,0.69723,0.6683,0.9519,0.9054,6.7
pool_hu_harm_llama70b_evaldescshape_650.jsonl,none+ga4,110,4,55,55,110,0.82423,0.83646,0.93573,0.49483,0.91412,0.95225,0.82007,0.67509,0.94632,0.90436,6.6
pool_hu_harm_llama70b_evaldescshape_650.jsonl,none+ga4,110,5,55,55,110,0.79574,0.83667,0.88563,0.48037,0.85921,0.95776,0.85673,0.70094,0.86524,0.92378,5.1
pool_hu_harm_llama70b_evaldescshape_650.jsonl,none+ga4,110,6,55,55,110,0.7974,0.81771,0.81096,0.55475,0.88862,0.93526,0.72805,0.69202,0.92895,0.9218,5.4
pool_hu_harm_llama70b_evaldescshape_650.jsonl,none+ga4,110,7,55,55,110,0.80096,0.82628,0.8535,0.51136,0.88717,0.95179,0.77584,0.69202,0.92893,0.90832,6.2
pool_hu_harm_llama70b_full-ai_dilemmas_650.jsonl,none+ga4,110,0,55,55,110,0.85163,0.85265,0.99622,0.56095,0.87737,0.97199,0.9681,0.59635,0.88131,0.96486,9.0
pool_hu_harm_llama70b_full-ai_dilemmas_650.jsonl,none+ga4,110,1,55,55,110,0.87651,0.89951,1.0,0.57541,0.95266,0.97796,0.9694,0.7211,0.93986,0.96767,5.4
pool_hu_harm_llama70b_full-ai_dilemmas_650.jsonl,none+ga4,110,2,55,55,110,0.88922,0.88373,1.0,0.64153,0.93829,0.97704,0.98875,0.61562,0.94946,0.9811,5.3
pool_hu_harm_llama70b_full-ai_dilemmas_650.jsonl,none+ga4,110,3,55,55,110,0.84852,0.86624,1.0,0.57025,0.86055,0.96327,0.9681,0.67543,0.86775,0.95367,5.1
pool_hu_harm_llama70b_full-ai_dilemmas_650.jsonl,none+ga4,110,4,55,55,110,0.88499,0.89141,1.0,0.62913,0.92092,0.9899,0.99297,0.68712,0.90799,0.97756,8.2
pool_hu_harm_llama70b_full-ai_dilemmas_650.jsonl,none+ga4,110,5,55,55,110,0.83986,0.88515,1.0,0.49277,0.87403,0.99265,0.98897,0.6683,0.90005,0.98329,7.8
pool_hu_harm_llama70b_full-ai_dilemmas_650.jsonl,none+ga4,110,6,55,55,110,0.84425,0.88197,1.0,0.5124,0.87102,0.99357,0.98929,0.67097,0.88333,0.98428,5.5
pool_hu_harm_llama70b_full-ai_dilemmas_650.jsonl,none+ga4,110,7,55,55,110,0.85323,0.85158,1.0,0.55269,0.89006,0.97016,0.96161,0.60336,0.895,0.94632,8.3
pool_hu_harm_llama70b_full-ant_hh_650.jsonl,none+ga4,110,0,55,55,110,0.7628,0.78769,0.67486,0.58058,0.88851,0.90725,0.64987,0.67487,0.90489,0.92113,5.9
pool_hu_harm_llama70b_full-ant_hh_650.jsonl,none+ga4,110,1,55,55,110,0.68628,0.72606,0.56616,0.51343,0.84919,0.81635,0.54617,0.68044,0.85042,0.82721,5.3
pool_hu_harm_llama70b_full-ant_hh_650.jsonl,none+ga4,110,2,55,55,110,0.71561,0.74074,0.58318,0.54649,0.83838,0.8944,0.55774,0.66886,0.86374,0.87261,5.1
pool_hu_harm_llama70b_full-ant_hh_650.jsonl,none+ga4,110,3,55,55,110,0.72525,0.7698,0.66824,0.46488,0.87625,0.89164,0.60986,0.65126,0.90991,0.90816,5.2
pool_hu_harm_llama70b_full-ant_hh_650.jsonl,none+ga4,110,4,55,55,110,0.67909,0.71822,0.5397,0.54339,0.82245,0.81084,0.53038,0.68601,0.86961,0.78686,5.1
pool_hu_harm_llama70b_full-ant_hh_650.jsonl,none+ga4,110,5,55,55,110,0.70181,0.73395,0.56333,0.52686,0.81577,0.90129,0.55828,0.68245,0.81598,0.87911,8.8
pool_hu_harm_llama70b_full-ant_hh_650.jsonl,none+ga4,110,6,55,55,110,0.71144,0.75359,0.62665,0.5124,0.83159,0.87511,0.60813,0.66217,0.85662,0.88744,5.1
pool_hu_harm_llama70b_full-ant_hh_650.jsonl,none+ga4,110,7,55,55,110,0.68764,0.7397,0.60113,0.45868,0.86478,0.82599,0.59537,0.65538,0.85206,0.856,5.5
pool_hu_harm_llama70b_full-balanced_refusal_650.jsonl,none+ga4,110,0,55,55,110,0.77603,0.78123,0.85633,0.51653,0.90755,0.82369,0.75897,0.5714,0.93385,0.86068,5.1
pool_hu_harm_llama70b_full-balanced_refusal_650.jsonl,none+ga4,110,1,55,55,110,0.66347,0.72251,0.60964,0.39876,0.94253,0.70294,0.61721,0.57986,0.96754,0.72543,5.4
pool_hu_harm_llama70b_full-balanced_refusal_650.jsonl,none+ga4,110,2,55,55,110,0.68334,0.73423,0.63043,0.38223,0.87358,0.84711,0.62089,0.5793,0.90254,0.83418,5.0
pool_hu_harm_llama70b_full-balanced_refusal_650.jsonl,none+ga4,110,3,55,55,110,0.69142,0.74885,0.65312,0.40702,0.8855,0.82002,0.63722,0.61885,0.92893,0.81039,5.2
pool_hu_harm_llama70b_full-balanced_refusal_650.jsonl,none+ga4,110,4,55,55,110,0.75451,0.77697,0.78733,0.46178,0.89931,0.86961,0.73021,0.60515,0.92974,0.84277,4.8
pool_hu_harm_llama70b_full-balanced_refusal_650.jsonl,none+ga4,110,5,55,55,110,0.60742,0.66859,0.5482,0.41116,0.91891,0.55142,0.56045,0.58866,0.93804,0.5872,4.7
pool_hu_harm_llama70b_full-balanced_refusal_650.jsonl,none+ga4,110,6,55,55,110,0.72917,0.76034,0.70321,0.45248,0.94141,0.81956,0.6809,0.59857,0.95323,0.80867,6.6
pool_hu_harm_llama70b_full-balanced_refusal_650.jsonl,none+ga4,110,7,55,55,110,0.70737,0.75187,0.67391,0.40909,0.9384,0.80808,0.67031,0.59156,0.9646,0.78103,8.7
pool_hu_harm_llama70b_full-daily_dilemmas_650.jsonl,none+ga4,110,0,55,55,110,0.86029,0.86211,0.99905,0.6312,0.81366,0.99725,0.98086,0.64781,0.83289,0.98688,5.0
pool_hu_harm_llama70b_full-daily_dilemmas_650.jsonl,none+ga4,110,1,55,55,110,0.87546,0.87902,0.97732,0.62603,0.91457,0.98393,0.97675,0.64803,0.91571,0.97558,5.2
pool_hu_harm_llama70b_full-daily_dilemmas_650.jsonl,none+ga4,110,2,55,55,110,0.85103,0.8677,1.0,0.4938,0.91813,0.99219,0.97978,0.60448,0.90412,0.9824,5.6
pool_hu_harm_llama70b_full-daily_dilemmas_650.jsonl,none+ga4,110,3,55,55,110,0.85992,0.84599,0.97826,0.69008,0.77133,1.0,0.96324,0.66295,0.77891,0.97886,5.5
pool_hu_harm_llama70b_full-daily_dilemmas_650.jsonl,none+ga4,110,4,55,55,110,0.84793,0.85146,0.95652,0.6095,0.85877,0.96694,0.94183,0.61885,0.88469,0.96049,5.5
pool_hu_harm_llama70b_full-daily_dilemmas_650.jsonl,none+ga4,110,5,55,55,110,0.869,0.86717,1.0,0.62603,0.8532,0.99679,0.98151,0.65828,0.8491,0.9798,5.8
pool_hu_harm_llama70b_full-daily_dilemmas_650.jsonl,none+ga4,110,6,55,55,110,0.8717,0.86752,1.0,0.57955,0.91735,0.9899,0.98313,0.61829,0.88929,0.97938,8.7
pool_hu_harm_llama70b_full-daily_dilemmas_650.jsonl,none+ga4,110,7,55,55,110,0.87326,0.87137,1.0,0.63946,0.87514,0.97842,0.97589,0.67521,0.84642,0.98797,5.7
pool_hu_harm_llama70b_general_650.jsonl,none+ga4,110,0,55,55,110,0.77262,0.79014,0.73157,0.54236,0.86523,0.95133,0.75389,0.66763,0.83833,0.90072,9.1
pool_hu_harm_llama70b_general_650.jsonl,none+ga4,110,1,55,55,110,0.77463,0.79308,0.70794,0.55269,0.89575,0.94215,0.7101,0.68467,0.88692,0.89062,9.4
pool_hu_harm_llama70b_general_650.jsonl,none+ga4,110,2,55,55,110,0.7872,0.79395,0.75992,0.55475,0.86166,0.97245,0.7606,0.66752,0.82234,0.92534,8.5
pool_hu_harm_llama70b_general_650.jsonl,none+ga4,110,3,55,55,110,0.82577,0.81779,0.8913,0.56095,0.86278,0.98806,0.8258,0.66362,0.83746,0.94429,5.1
pool_hu_harm_llama70b_general_650.jsonl,none+ga4,110,4,55,55,110,0.83847,0.83841,0.94045,0.55888,0.85821,0.99633,0.89068,0.66373,0.83326,0.96595,7.5
pool_hu_harm_llama70b_general_650.jsonl,none+ga4,110,5,55,55,110,0.82689,0.82465,0.89036,0.55579,0.87336,0.98806,0.82256,0.66685,0.86402,0.94518,8.2
pool_hu_harm_llama70b_general_650.jsonl,none+ga4,110,6,55,55,110,0.8192,0.82701,0.8724,0.55165,0.86834,0.98439,0.84732,0.66641,0.85066,0.94367,7.3
pool_hu_harm_llama70b_general_650.jsonl,none+ga4,110,7,55,55,110,0.77667,0.78724,0.69376,0.57645,0.88561,0.95087,0.71594,0.6722,0.868,0.89281,8.6
pool_hu_harm_llama70b_minimal-ai_dilemmas_650.jsonl,none+ga4,110,0,55,55,110,0.7657,0.80327,0.63233,0.59401,0.89385,0.94261,0.65311,0.74527,0.90675,0.90796,6.4
pool_hu_harm_llama70b_minimal-ai_dilemmas_650.jsonl,none+ga4,110,1,55,55,110,0.7135,0.75263,0.56805,0.5186,0.88717,0.88017,0.60013,0.69993,0.91141,0.79904,6.4
pool_hu_harm_llama70b_minimal-ai_dilemmas_650.jsonl,none+ga4,110,2,55,55,110,0.72976,0.7554,0.5879,0.53616,0.87213,0.92287,0.60272,0.69759,0.85389,0.8674,5.7
pool_hu_harm_llama70b_minimal-ai_dilemmas_650.jsonl,none+ga4,110,3,55,55,110,0.72832,0.74593,0.56049,0.6343,0.81076,0.90771,0.59667,0.71608,0.82336,0.84762,5.1
pool_hu_harm_llama70b_minimal-ai_dilemmas_650.jsonl,none+ga4,110,4,55,55,110,0.75875,0.78647,0.65123,0.55062,0.88182,0.95133,0.66274,0.70394,0.87181,0.90738,8.3
pool_hu_harm_llama70b_minimal-ai_dilemmas_650.jsonl,none+ga4,110,5,55,55,110,0.76591,0.78149,0.70699,0.63946,0.78191,0.93526,0.71615,0.7241,0.79701,0.88869,6.1
pool_hu_harm_llama70b_minimal-ai_dilemmas_650.jsonl,none+ga4,110,6,55,55,110,0.72721,0.77706,0.5879,0.49793,0.91758,0.90542,0.6423,0.70216,0.92644,0.83736,8.6
pool_hu_harm_llama70b_minimal-ai_dilemmas_650.jsonl,none+ga4,110,7,55,55,110,0.73722,0.76629,0.60681,0.52893,0.87102,0.94215,0.62295,0.7084,0.88516,0.84866,5.6
pool_hu_harm_llama70b_minimal-ant_hh_650.jsonl,none+ga4,110,0,55,55,110,0.78295,0.81403,0.91115,0.59504,0.84417,0.78145,0.88549,0.6272,0.85291,0.89051,8.7
pool_hu_harm_llama70b_minimal-ant_hh_650.jsonl,none+ga4,110,1,55,55,110,0.82698,0.83127,0.96692,0.60331,0.85019,0.88751,0.90614,0.62341,0.85702,0.93852,5.2
pool_hu_harm_llama70b_minimal-ant_hh_650.jsonl,none+ga4,110,2,55,55,110,0.84984,0.84351,0.98299,0.6312,0.85175,0.93343,0.9455,0.62564,0.85292,0.94997,5.2
pool_hu_harm_llama70b_minimal-ant_hh_650.jsonl,none+ga4,110,3,55,55,110,0.85698,0.85183,0.98393,0.56818,0.90978,0.96602,0.93566,0.58064,0.92084,0.97017,9.5
pool_hu_harm_llama70b_minimal-ant_hh_650.jsonl,none+ga4,110,4,55,55,110,0.8444,0.83577,0.95652,0.62913,0.82502,0.96694,0.8989,0.63812,0.83725,0.96882,9.4
pool_hu_harm_llama70b_minimal-ant_hh_650.jsonl,none+ga4,110,5,55,55,110,0.85163,0.84663,0.96975,0.62293,0.87993,0.93388,0.94529,0.6184,0.86638,0.95648,9.4
pool_hu_harm_llama70b_minimal-ant_hh_650.jsonl,none+ga4,110,6,55,55,110,0.85189,0.84868,0.97543,0.59917,0.85776,0.97521,0.94583,0.61361,0.85725,0.97803,8.8
pool_hu_harm_llama70b_minimal-ant_hh_650.jsonl,none+ga4,110,7,55,55,110,0.83901,0.84855,0.99433,0.50723,0.88984,0.96465,0.93685,0.58521,0.90229,0.96986,8.8
pool_hu_harm_llama70b_minimal-balanced_refusal_650.jsonl,none+ga4,110,0,55,55,110,0.83521,0.82666,0.95558,0.62087,0.85531,0.90909,0.92463,0.60303,0.87366,0.9053,9.0
pool_hu_harm_llama70b_minimal-balanced_refusal_650.jsonl,none+ga4,110,1,55,55,110,0.80756,0.8184,0.97259,0.49897,0.83905,0.91965,0.91404,0.56483,0.85533,0.9394,5.1
pool_hu_harm_llama70b_minimal-balanced_refusal_650.jsonl,none+ga4,110,2,55,55,110,0.83727,0.84285,0.9707,0.54132,0.88204,0.955,0.90885,0.61094,0.89505,0.95658,9.0
pool_hu_harm_llama70b_minimal-balanced_refusal_650.jsonl,none+ga4,110,3,55,55,110,0.8276,0.84154,0.98299,0.50826,0.86278,0.95638,0.92506,0.59935,0.88181,0.95991,5.0
pool_hu_harm_llama70b_minimal-balanced_refusal_650.jsonl,none+ga4,110,4,55,55,110,0.86071,0.85626,0.99055,0.58574,0.8973,0.96924,0.93426,0.61907,0.91128,0.96043,8.9
pool_hu_harm_llama70b_minimal-balanced_refusal_650.jsonl,none+ga4,110,5,55,55,110,0.84121,0.8526,0.98015,0.55475,0.8708,0.95914,0.93977,0.6106,0.91256,0.94747,9.3
pool_hu_harm_llama70b_minimal-balanced_refusal_650.jsonl,none+ga4,110,6,55,55,110,0.82435,0.82916,0.94234,0.62913,0.82969,0.89624,0.8963,0.638,0.8366,0.94575,5.2
pool_hu_harm_llama70b_minimal-balanced_refusal_650.jsonl,none+ga4,110,7,55,55,110,0.80747,0.82405,0.94707,0.55682,0.88717,0.83884,0.88279,0.59256,0.9018,0.91904,5.4
pool_hu_harm_llama70b_minimal-daily_dilemmas_650.jsonl,none+ga4,110,0,55,55,110,0.83423,0.84134,0.92722,0.5186,0.9168,0.97429,0.87478,0.65014,0.87862,0.96179,9.5
pool_hu_harm_llama70b_minimal-daily_dilemmas_650.jsonl,none+ga4,110,1,55,55,110,0.8478,0.84579,0.99433,0.54029,0.88461,0.97199,0.90949,0.65092,0.85282,0.96991,9.5
pool_hu_harm_llama70b_minimal-daily_dilemmas_650.jsonl,none+ga4,110,2,55,55,110,0.79139,0.81389,0.84026,0.5,0.87213,0.95317,0.80212,0.65538,0.87069,0.92737,8.4
pool_hu_harm_llama70b_minimal-daily_dilemmas_650.jsonl,none+ga4,110,3,55,55,110,0.84839,0.85758,0.99055,0.54649,0.87581,0.98072,0.94864,0.65683,0.8472,0.97767,6.9
pool_hu_harm_llama70b_minimal-daily_dilemmas_650.jsonl,none+ga4,110,4,55,55,110,0.84079,0.84865,0.99622,0.51756,0.8728,0.97658,0.93609,0.6409,0.8399,0.97772,6.2
pool_hu_harm_llama70b_minimal-daily_dilemmas_650.jsonl,none+ga4,110,5,55,55,110,0.8222,0.84142,0.91682,0.49897,0.89964,0.97337,0.85089,0.64435,0.91325,0.95721,7.2
pool_hu_harm_llama70b_minimal-daily_dilemmas_650.jsonl,none+ga4,110,6,55,55,110,0.83816,0.83338,0.9707,0.53512,0.87804,0.96878,0.88646,0.64992,0.84684,0.95028,7.0
pool_hu_harm_llama70b_minimal-daily_dilemmas_650.jsonl,none+ga4,110,7,55,55,110,0.84526,0.85427,0.97732,0.55062,0.87881,0.97429,0.95058,0.65772,0.8376,0.97116,7.9
pool_hu_harm_nemotron_evaldescshape_650.jsonl,none+ga4,110,0,55,55,110,0.73746,0.7893,0.70038,0.41219,0.91212,0.92516,0.66349,0.6575,0.9353,0.90093,8.6
pool_hu_harm_nemotron_evaldescshape_650.jsonl,none+ga4,110,1,55,55,110,0.76424,0.79968,0.74008,0.48347,0.89909,0.93434,0.70783,0.66574,0.91299,0.91217,8.8
pool_hu_harm_nemotron_evaldescshape_650.jsonl,none+ga4,110,2,55,55,110,0.73376,0.78592,0.65784,0.45455,0.89519,0.92746,0.68382,0.64424,0.9149,0.90072,7.0
pool_hu_harm_nemotron_evaldescshape_650.jsonl,none+ga4,110,3,55,55,110,0.75807,0.78959,0.70416,0.49174,0.89652,0.93985,0.65766,0.68935,0.90048,0.91087,5.3
pool_hu_harm_nemotron_evaldescshape_650.jsonl,none+ga4,110,4,55,55,110,0.8188,0.84325,0.90359,0.47831,0.93829,0.955,0.83056,0.68479,0.92335,0.9343,7.6
pool_hu_harm_nemotron_evaldescshape_650.jsonl,none+ga4,110,5,55,55,110,0.73824,0.77312,0.6966,0.4814,0.84106,0.93388,0.66631,0.6683,0.8581,0.89978,5.1
pool_hu_harm_nemotron_evaldescshape_650.jsonl,none+ga4,110,6,55,55,110,0.75788,0.80082,0.7552,0.45971,0.90889,0.90771,0.7167,0.68022,0.90872,0.89765,5.3
pool_hu_harm_nemotron_evaldescshape_650.jsonl,none+ga4,110,7,55,55,110,0.79234,0.8381,0.82987,0.47107,0.90744,0.96097,0.81466,0.67587,0.93309,0.92878,5.8
pool_hu_harm_nemotron_general_650.jsonl,none+ga4,110,0,55,55,110,0.7909,0.81182,0.83837,0.50826,0.87024,0.94674,0.7939,0.63878,0.89713,0.91748,7.6
pool_hu_harm_nemotron_general_650.jsonl,none+ga4,110,1,55,55,110,0.77589,0.82183,0.86295,0.43079,0.87458,0.93526,0.8099,0.63923,0.90341,0.93477,9.7
pool_hu_harm_nemotron_general_650.jsonl,none+ga4,110,2,55,55,110,0.77208,0.79508,0.78355,0.4845,0.87492,0.94536,0.75681,0.62185,0.88822,0.91342,4.9
pool_hu_harm_nemotron_general_650.jsonl,none+ga4,110,3,55,55,110,0.79616,0.84133,0.83932,0.47624,0.91591,0.95317,0.83121,0.63956,0.94774,0.94679,7.8
pool_hu_harm_nemotron_general_650.jsonl,none+ga4,110,4,55,55,110,0.80094,0.83621,0.92155,0.43802,0.88917,0.955,0.879,0.61706,0.89292,0.95585,5.2
pool_hu_harm_nemotron_general_650.jsonl,none+ga4,110,5,55,55,110,0.81404,0.83904,0.85633,0.50723,0.93117,0.96143,0.84105,0.65616,0.92924,0.92972,7.9
pool_hu_harm_nemotron_general_650.jsonl,none+ga4,110,6,55,55,110,0.78649,0.82873,0.78828,0.49483,0.91657,0.94628,0.78547,0.67298,0.92271,0.93378,5.2
pool_hu_harm_nemotron_general_650.jsonl,none+ga4,110,7,55,55,110,0.79293,0.83325,0.82987,0.46488,0.92838,0.94858,0.79725,0.64068,0.94286,0.95221,7.8
pool_hu_harm_deepseekv4pro_evaldescshape_650.jsonl,none+ga5,80,0,40,40,80,0.80324,0.83722,0.82798,0.51963,0.93239,0.93297,0.83175,0.64458,0.96101,0.91155,7.3
pool_hu_harm_deepseekv4pro_evaldescshape_650.jsonl,none+ga5,80,1,40,40,80,0.74227,0.79136,0.74953,0.44525,0.8542,0.92011,0.72481,0.68167,0.86861,0.89036,4.7
pool_hu_harm_deepseekv4pro_evaldescshape_650.jsonl,none+ga5,80,2,40,40,80,0.76296,0.80058,0.76654,0.48347,0.90466,0.89715,0.79206,0.64747,0.86534,0.89744,5.0
pool_hu_harm_deepseekv4pro_evaldescshape_650.jsonl,none+ga5,80,3,40,40,80,0.78548,0.82046,0.83648,0.47521,0.90276,0.92746,0.80839,0.66295,0.89737,0.91311,4.8
pool_hu_harm_deepseekv4pro_evaldescshape_650.jsonl,none+ga5,80,4,40,40,80,0.73615,0.78372,0.68053,0.44008,0.90432,0.91965,0.67463,0.6742,0.89221,0.89385,8.5
pool_hu_harm_deepseekv4pro_evaldescshape_650.jsonl,none+ga5,80,5,40,40,80,0.78083,0.81313,0.81285,0.48967,0.86166,0.95914,0.76049,0.68445,0.851,0.95658,4.7
pool_hu_harm_deepseekv4pro_evaldescshape_650.jsonl,none+ga5,80,6,40,40,80,0.7698,0.8045,0.7552,0.46281,0.91123,0.94995,0.72502,0.67097,0.90243,0.91956,8.6
pool_hu_harm_deepseekv4pro_evaldescshape_650.jsonl,none+ga5,80,7,40,40,80,0.72325,0.77213,0.69376,0.46074,0.85008,0.88843,0.68685,0.68033,0.85092,0.87042,4.9
pool_hu_harm_deepseekv4pro_general_650.jsonl,none+ga5,80,0,40,40,80,0.79218,0.80468,0.95652,0.44835,0.81711,0.94674,0.83229,0.62375,0.82106,0.94164,4.8
pool_hu_harm_deepseekv4pro_general_650.jsonl,none+ga5,80,1,40,40,80,0.76813,0.78933,0.87051,0.42769,0.8239,0.95041,0.75854,0.63344,0.82759,0.93773,8.2
pool_hu_harm_deepseekv4pro_general_650.jsonl,none+ga5,80,2,40,40,80,0.78073,0.80779,0.92722,0.42149,0.83114,0.94307,0.83542,0.63433,0.82395,0.93747,8.6
pool_hu_harm_deepseekv4pro_general_650.jsonl,none+ga5,80,3,40,40,80,0.80388,0.82816,0.9811,0.45248,0.81822,0.96373,0.89619,0.64146,0.82288,0.9521,8.8
pool_hu_harm_deepseekv4pro_general_650.jsonl,none+ga5,80,4,40,40,80,0.78187,0.79535,0.92722,0.42975,0.82101,0.94949,0.80363,0.61339,0.8229,0.94148,4.8
pool_hu_harm_deepseekv4pro_general_650.jsonl,none+ga5,80,5,40,40,80,0.76441,0.79184,0.82987,0.46074,0.818,0.94904,0.78558,0.62876,0.8158,0.93721,4.9
pool_hu_harm_deepseekv4pro_general_650.jsonl,none+ga5,80,6,40,40,80,0.77498,0.80198,0.87618,0.46281,0.81143,0.94949,0.80839,0.64747,0.81244,0.93961,4.8
pool_hu_harm_deepseekv4pro_general_650.jsonl,none+ga5,80,7,40,40,80,0.79689,0.81339,0.94802,0.46798,0.81243,0.95914,0.85673,0.63243,0.81561,0.94877,4.9
pool_hu_harm_gptoss_evaldescshape_650.jsonl,none+ga5,80,0,40,40,80,0.79647,0.83666,0.85444,0.45558,0.94197,0.93388,0.79563,0.67877,0.93771,0.93451,6.4
pool_hu_harm_gptoss_evaldescshape_650.jsonl,none+ga5,80,1,40,40,80,0.81979,0.8341,0.862,0.55165,0.90087,0.96465,0.80493,0.70383,0.8895,0.93815,5.9
pool_hu_harm_gptoss_evaldescshape_650.jsonl,none+ga5,80,2,40,40,80,0.82576,0.82973,0.80435,0.6374,0.89942,0.96189,0.73843,0.74404,0.89004,0.94643,6.9
pool_hu_harm_gptoss_evaldescshape_650.jsonl,none+ga5,80,3,40,40,80,0.79822,0.81736,0.7949,0.54545,0.9012,0.95133,0.73984,0.69024,0.90485,0.93451,6.3
pool_hu_harm_gptoss_evaldescshape_650.jsonl,none+ga5,80,4,40,40,80,0.79663,0.81591,0.79112,0.58781,0.91,0.89761,0.75065,0.73123,0.89084,0.89093,5.0
pool_hu_harm_gptoss_evaldescshape_650.jsonl,none+ga5,80,5,40,40,80,0.78075,0.82406,0.80435,0.45661,0.91346,0.94858,0.80093,0.6771,0.88749,0.93071,7.5
pool_hu_harm_gptoss_evaldescshape_650.jsonl,none+ga5,80,6,40,40,80,0.80901,0.85511,0.88185,0.48347,0.89641,0.97429,0.85229,0.71397,0.90555,0.94862,6.7
pool_hu_harm_gptoss_evaldescshape_650.jsonl,none+ga5,80,7,40,40,80,0.83377,0.83177,0.9414,0.57231,0.86545,0.95592,0.83499,0.68601,0.86606,0.94002,6.0
pool_hu_harm_gptoss_general_650.jsonl,none+ga5,80,0,40,40,80,0.83343,0.83751,0.96692,0.54649,0.83961,0.98072,0.90614,0.66039,0.8157,0.96783,7.5
pool_hu_harm_gptoss_general_650.jsonl,none+ga5,80,1,40,40,80,0.84539,0.85601,0.99811,0.53616,0.87347,0.97383,0.91923,0.68089,0.85606,0.96788,7.1
pool_hu_harm_gptoss_general_650.jsonl,none+ga5,80,2,40,40,80,0.80653,0.81994,0.9225,0.48864,0.84573,0.96924,0.84397,0.6438,0.84855,0.94346,7.9
pool_hu_harm_gptoss_general_650.jsonl,none+ga5,80,3,40,40,80,0.84011,0.83794,1.0,0.53202,0.85598,0.97245,0.87554,0.65761,0.85289,0.96574,7.7
pool_hu_harm_gptoss_general_650.jsonl,none+ga5,80,4,40,40,80,0.84516,0.84883,0.97448,0.56198,0.85977,0.98439,0.90182,0.68445,0.84789,0.96116,8.3
pool_hu_harm_gptoss_general_650.jsonl,none+ga5,80,5,40,40,80,0.80518,0.82641,0.86106,0.52996,0.85175,0.97796,0.80655,0.66273,0.87118,0.96517,8.3
pool_hu_harm_gptoss_general_650.jsonl,none+ga5,80,6,40,40,80,0.81618,0.83317,0.96503,0.48244,0.86088,0.95638,0.863,0.66017,0.85641,0.95309,8.0
pool_hu_harm_gptoss_general_650.jsonl,none+ga5,80,7,40,40,80,0.81449,0.81942,0.90265,0.54752,0.84406,0.96373,0.82083,0.67665,0.82278,0.95741,7.4
pool_hu_harm_llama70b_evaldescshape_650.jsonl,none+ga5,80,0,40,40,80,0.78935,0.81275,0.83554,0.45971,0.92136,0.94077,0.77022,0.67509,0.93739,0.86828,5.2
pool_hu_harm_llama70b_evaldescshape_650.jsonl,none+ga5,80,1,40,40,80,0.77471,0.79712,0.82703,0.5062,0.83493,0.93067,0.74968,0.66618,0.85183,0.92081,4.9
pool_hu_harm_llama70b_evaldescshape_650.jsonl,none+ga5,80,2,40,40,80,0.81249,0.83553,0.93384,0.48037,0.87525,0.96051,0.83121,0.67721,0.8929,0.94081,6.9
pool_hu_harm_llama70b_evaldescshape_650.jsonl,none+ga5,80,3,40,40,80,0.77914,0.80896,0.80057,0.52893,0.88806,0.89899,0.73237,0.69425,0.93541,0.8738,4.6
pool_hu_harm_llama70b_evaldescshape_650.jsonl,none+ga5,80,4,40,40,80,0.78832,0.8234,0.85255,0.45868,0.91,0.93205,0.76611,0.68122,0.956,0.89025,5.3
pool_hu_harm_llama70b_evaldescshape_650.jsonl,none+ga5,80,5,40,40,80,0.82808,0.84485,0.9206,0.5155,0.94464,0.93159,0.87122,0.66106,0.9492,0.89791,7.1
pool_hu_harm_llama70b_evaldescshape_650.jsonl,none+ga5,80,6,40,40,80,0.74967,0.78339,0.72968,0.49483,0.89998,0.8742,0.66609,0.66518,0.95172,0.85058,5.7
pool_hu_harm_llama70b_evaldescshape_650.jsonl,none+ga5,80,7,40,40,80,0.84482,0.86586,0.93573,0.55682,0.9198,0.96694,0.85089,0.72978,0.95514,0.92763,6.5
pool_hu_harm_llama70b_full-ai_dilemmas_650.jsonl,none+ga5,80,0,40,40,80,0.85888,0.88199,1.0,0.59091,0.85197,0.99265,0.98659,0.70918,0.85145,0.98074,6.3
pool_hu_harm_llama70b_full-ai_dilemmas_650.jsonl,none+ga5,80,1,40,40,80,0.8513,0.89955,1.0,0.52686,0.91323,0.96511,0.97751,0.74515,0.90807,0.96746,5.3
pool_hu_harm_llama70b_full-ai_dilemmas_650.jsonl,none+ga5,80,2,40,40,80,0.87173,0.86072,0.99811,0.65289,0.86712,0.96878,0.93436,0.67699,0.87584,0.9557,5.4
pool_hu_harm_llama70b_full-ai_dilemmas_650.jsonl,none+ga5,80,3,40,40,80,0.8726,0.87927,1.0,0.61054,0.88628,0.99357,0.99265,0.63834,0.90141,0.98469,8.7
pool_hu_harm_llama70b_full-ai_dilemmas_650.jsonl,none+ga5,80,4,40,40,80,0.86225,0.87708,1.0,0.57335,0.90777,0.96786,0.98162,0.66229,0.9056,0.95882,5.2
pool_hu_harm_llama70b_full-ai_dilemmas_650.jsonl,none+ga5,80,5,40,40,80,0.84715,0.85427,1.0,0.56302,0.8513,0.97429,0.99059,0.60336,0.85337,0.96975,5.4
pool_hu_harm_llama70b_full-ai_dilemmas_650.jsonl,none+ga5,80,6,40,40,80,0.86682,0.88957,1.0,0.57025,0.91357,0.98347,0.99157,0.67576,0.91811,0.97282,8.4
pool_hu_harm_llama70b_full-ai_dilemmas_650.jsonl,none+ga5,80,7,40,40,80,0.8558,0.87478,1.0,0.54339,0.89174,0.98806,0.98205,0.66618,0.88424,0.96663,8.3
pool_hu_harm_llama70b_full-ant_hh_650.jsonl,none+ga5,80,0,40,40,80,0.65083,0.69716,0.52647,0.46178,0.85476,0.76033,0.512,0.6233,0.85983,0.79352,8.2
pool_hu_harm_llama70b_full-ant_hh_650.jsonl,none+ga5,80,1,40,40,80,0.68831,0.73284,0.56805,0.4907,0.87492,0.81956,0.55699,0.64335,0.88845,0.84257,4.8
pool_hu_harm_llama70b_full-ant_hh_650.jsonl,none+ga5,80,2,40,40,80,0.67887,0.70481,0.54726,0.51033,0.84752,0.81038,0.52801,0.62586,0.86055,0.80482,7.5
pool_hu_harm_llama70b_full-ant_hh_650.jsonl,none+ga5,80,3,40,40,80,0.71806,0.74135,0.58696,0.48037,0.91602,0.88889,0.55558,0.61472,0.92492,0.87016,4.9
pool_hu_harm_llama70b_full-ant_hh_650.jsonl,none+ga5,80,4,40,40,80,0.7367,0.77229,0.65406,0.51653,0.91212,0.8641,0.63992,0.6213,0.94371,0.88421,7.8
pool_hu_harm_llama70b_full-ant_hh_650.jsonl,none+ga5,80,5,40,40,80,0.6884,0.75226,0.58412,0.47107,0.85865,0.83976,0.58986,0.65337,0.87934,0.88645,8.5
pool_hu_harm_llama70b_full-ant_hh_650.jsonl,none+ga5,80,6,40,40,80,0.75202,0.79398,0.69376,0.49793,0.88984,0.92654,0.66414,0.65204,0.92535,0.9344,8.3
pool_hu_harm_llama70b_full-ant_hh_650.jsonl,none+ga5,80,7,40,40,80,0.6766,0.70051,0.54442,0.5062,0.8082,0.84757,0.54022,0.59802,0.82591,0.83788,7.8
pool_hu_harm_llama70b_full-balanced_refusal_650.jsonl,none+ga5,80,0,40,40,80,0.64398,0.70109,0.59357,0.42045,0.91591,0.64601,0.59083,0.56182,0.94705,0.70465,4.6
pool_hu_harm_llama70b_full-balanced_refusal_650.jsonl,none+ga5,80,1,40,40,80,0.74047,0.7523,0.72117,0.45868,0.9579,0.82415,0.68447,0.52551,0.9745,0.82471,5.7
pool_hu_harm_llama70b_full-balanced_refusal_650.jsonl,none+ga5,80,2,40,40,80,0.65617,0.68568,0.68998,0.38533,0.9286,0.62075,0.62511,0.50613,0.96252,0.64895,8.7
pool_hu_harm_llama70b_full-balanced_refusal_650.jsonl,none+ga5,80,3,40,40,80,0.72666,0.75021,0.7448,0.39463,0.94442,0.82277,0.70502,0.51593,0.96331,0.81659,8.3
pool_hu_harm_llama70b_full-balanced_refusal_650.jsonl,none+ga5,80,4,40,40,80,0.64754,0.7077,0.569,0.38326,0.8973,0.74059,0.56445,0.56728,0.91729,0.78181,4.7
pool_hu_harm_llama70b_full-balanced_refusal_650.jsonl,none+ga5,80,5,40,40,80,0.69187,0.73599,0.60775,0.44421,0.91568,0.79982,0.63689,0.591,0.93264,0.78342,4.8
pool_hu_harm_llama70b_full-balanced_refusal_650.jsonl,none+ga5,80,6,40,40,80,0.69559,0.73392,0.6966,0.35434,0.93529,0.79614,0.60099,0.56961,0.96339,0.8017,6.9
pool_hu_harm_llama70b_full-balanced_refusal_650.jsonl,none+ga5,80,7,40,40,80,0.61824,0.67038,0.56333,0.43698,0.91022,0.56244,0.56185,0.61439,0.93322,0.57205,4.9
pool_hu_harm_llama70b_full-daily_dilemmas_650.jsonl,none+ga5,80,0,40,40,80,0.85588,0.86218,1.0,0.56612,0.87391,0.98347,0.97664,0.62174,0.87106,0.97928,5.3
pool_hu_harm_llama70b_full-daily_dilemmas_650.jsonl,none+ga5,80,1,40,40,80,0.8673,0.83838,1.0,0.64979,0.82401,0.99541,0.97394,0.61361,0.78759,0.97839,5.0
pool_hu_harm_llama70b_full-daily_dilemmas_650.jsonl,none+ga5,80,2,40,40,80,0.86719,0.86183,1.0,0.64153,0.84328,0.98393,0.97329,0.65081,0.84419,0.97902,8.7
pool_hu_harm_llama70b_full-daily_dilemmas_650.jsonl,none+ga5,80,3,40,40,80,0.87371,0.87181,1.0,0.59298,0.91746,0.98439,0.98205,0.62263,0.90088,0.98167,8.0
pool_hu_harm_llama70b_full-daily_dilemmas_650.jsonl,none+ga5,80,4,40,40,80,0.88089,0.87396,1.0,0.64979,0.87837,0.99541,0.96561,0.66429,0.87925,0.98667,8.2
pool_hu_harm_llama70b_full-daily_dilemmas_650.jsonl,none+ga5,80,5,40,40,80,0.85002,0.84881,0.98677,0.56612,0.86233,0.98485,0.96086,0.62141,0.83545,0.97751,5.4
pool_hu_harm_llama70b_full-daily_dilemmas_650.jsonl,none+ga5,80,6,40,40,80,0.86767,0.86225,0.97826,0.64773,0.86077,0.98393,0.96442,0.65727,0.85266,0.97465,7.6
pool_hu_harm_llama70b_full-daily_dilemmas_650.jsonl,none+ga5,80,7,40,40,80,0.88149,0.85953,1.0,0.73037,0.7965,0.99908,0.97816,0.66318,0.82077,0.976,7.4
pool_hu_harm_llama70b_general_650.jsonl,none+ga5,80,0,40,40,80,0.74562,0.78165,0.66824,0.5062,0.86957,0.93848,0.72113,0.65894,0.85455,0.89197,8.7
pool_hu_harm_llama70b_general_650.jsonl,none+ga5,80,1,40,40,80,0.80927,0.8164,0.86106,0.51446,0.88037,0.98118,0.80828,0.6517,0.87044,0.93518,8.5
pool_hu_harm_llama70b_general_650.jsonl,none+ga5,80,2,40,40,80,0.78817,0.7974,0.76843,0.53719,0.87692,0.97016,0.74232,0.66986,0.86854,0.90889,8.7
pool_hu_harm_llama70b_general_650.jsonl,none+ga5,80,3,40,40,80,0.80149,0.8046,0.84216,0.51343,0.8669,0.98347,0.78731,0.65906,0.84926,0.92279,8.1
pool_hu_harm_llama70b_general_650.jsonl,none+ga5,80,4,40,40,80,0.81334,0.82109,0.8535,0.54649,0.86623,0.98714,0.82191,0.65783,0.86187,0.94273,8.7
pool_hu_harm_llama70b_general_650.jsonl,none+ga5,80,5,40,40,80,0.8347,0.8421,0.91777,0.53822,0.89797,0.98485,0.88008,0.64836,0.88521,0.95476,8.1
pool_hu_harm_llama70b_general_650.jsonl,none+ga5,80,6,40,40,80,0.79215,0.795,0.74197,0.58264,0.90276,0.94123,0.72167,0.66696,0.8933,0.89806,8.6
pool_hu_harm_llama70b_general_650.jsonl,none+ga5,80,7,40,40,80,0.83529,0.85025,0.94329,0.5186,0.90131,0.97796,0.86105,0.68167,0.90221,0.95606,9.0
pool_hu_harm_llama70b_minimal-ai_dilemmas_650.jsonl,none+ga5,80,0,40,40,80,0.72658,0.74238,0.60019,0.58264,0.80062,0.92287,0.62478,0.68144,0.80056,0.86271,5.7
pool_hu_harm_llama70b_minimal-ai_dilemmas_650.jsonl,none+ga5,80,1,40,40,80,0.73816,0.77807,0.67108,0.5155,0.8464,0.91965,0.69637,0.69436,0.84504,0.87651,6.1
pool_hu_harm_llama70b_minimal-ai_dilemmas_650.jsonl,none+ga5,80,2,40,40,80,0.7236,0.7623,0.59546,0.53719,0.88984,0.8719,0.61797,0.726,0.8874,0.81784,5.2
pool_hu_harm_llama70b_minimal-ai_dilemmas_650.jsonl,none+ga5,80,3,40,40,80,0.72029,0.76298,0.58223,0.4969,0.89385,0.90817,0.60532,0.69782,0.917,0.83179,6.1
pool_hu_harm_llama70b_minimal-ai_dilemmas_650.jsonl,none+ga5,80,4,40,40,80,0.71281,0.75981,0.61626,0.50103,0.86021,0.87374,0.64468,0.68456,0.90021,0.80977,7.2
pool_hu_harm_llama70b_minimal-ai_dilemmas_650.jsonl,none+ga5,80,5,40,40,80,0.72202,0.75444,0.5879,0.54132,0.85297,0.90588,0.58769,0.71129,0.86349,0.85527,5.1
pool_hu_harm_llama70b_minimal-ai_dilemmas_650.jsonl,none+ga5,80,6,40,40,80,0.71406,0.75131,0.569,0.5186,0.86645,0.9022,0.59591,0.68802,0.88082,0.84048,6.1
pool_hu_harm_llama70b_minimal-ai_dilemmas_650.jsonl,none+ga5,80,7,40,40,80,0.74265,0.77054,0.58507,0.57231,0.87659,0.93664,0.6064,0.70907,0.9073,0.85938,5.2
pool_hu_harm_llama70b_minimal-ant_hh_650.jsonl,none+ga5,80,0,40,40,80,0.85895,0.85583,0.99433,0.63533,0.89385,0.9123,0.93826,0.63656,0.89411,0.95439,8.1
pool_hu_harm_llama70b_minimal-ant_hh_650.jsonl,none+ga5,80,1,40,40,80,0.84231,0.84605,0.9603,0.65599,0.85119,0.90174,0.91641,0.65527,0.86546,0.94705,4.8
pool_hu_harm_llama70b_minimal-ant_hh_650.jsonl,none+ga5,80,2,40,40,80,0.8026,0.82047,0.89887,0.57025,0.83448,0.9068,0.86484,0.61038,0.85273,0.95393,4.7
pool_hu_harm_llama70b_minimal-ant_hh_650.jsonl,none+ga5,80,3,40,40,80,0.84208,0.8433,0.98015,0.64876,0.86612,0.87328,0.92615,0.63266,0.86734,0.94705,5.0
pool_hu_harm_llama70b_minimal-ant_hh_650.jsonl,none+ga5,80,4,40,40,80,0.82677,0.83178,0.95558,0.52996,0.88216,0.93939,0.91458,0.589,0.88135,0.94221,8.7
pool_hu_harm_llama70b_minimal-ant_hh_650.jsonl,none+ga5,80,5,40,40,80,0.84385,0.8456,0.97921,0.54132,0.89296,0.96189,0.91652,0.58588,0.91709,0.96293,8.3
pool_hu_harm_llama70b_minimal-ant_hh_650.jsonl,none+ga5,80,6,40,40,80,0.8191,0.82807,0.89887,0.59504,0.87525,0.90725,0.86332,0.6047,0.89105,0.9532,7.7
pool_hu_harm_llama70b_minimal-ant_hh_650.jsonl,none+ga5,80,7,40,40,80,0.82886,0.84182,0.93856,0.58678,0.85576,0.93434,0.88614,0.63455,0.88911,0.95747,8.2
pool_hu_harm_llama70b_minimal-balanced_refusal_650.jsonl,none+ga5,80,0,40,40,80,0.84017,0.84108,0.99622,0.58884,0.87848,0.89715,0.9069,0.61484,0.90959,0.933,8.5
pool_hu_harm_llama70b_minimal-balanced_refusal_650.jsonl,none+ga5,80,1,40,40,80,0.8484,0.85275,0.99055,0.61364,0.88583,0.90358,0.93069,0.63578,0.89201,0.95252,8.0
pool_hu_harm_llama70b_minimal-balanced_refusal_650.jsonl,none+ga5,80,2,40,40,80,0.87284,0.8551,1.0,0.67355,0.89953,0.91827,0.92128,0.62241,0.9323,0.9444,8.1
pool_hu_harm_llama70b_minimal-balanced_refusal_650.jsonl,none+ga5,80,3,40,40,80,0.83232,0.83516,0.98299,0.47521,0.90276,0.96832,0.91209,0.52918,0.9357,0.96366,7.7
pool_hu_harm_llama70b_minimal-balanced_refusal_650.jsonl,none+ga5,80,4,40,40,80,0.8245,0.84123,0.9603,0.5124,0.9286,0.89669,0.88873,0.58654,0.95665,0.933,7.8
pool_hu_harm_llama70b_minimal-balanced_refusal_650.jsonl,none+ga5,80,5,40,40,80,0.83993,0.83648,0.98866,0.58058,0.85019,0.94031,0.92842,0.5802,0.8759,0.96142,7.6
pool_hu_harm_llama70b_minimal-balanced_refusal_650.jsonl,none+ga5,80,6,40,40,80,0.82144,0.835,0.9414,0.57955,0.89385,0.87098,0.8963,0.62007,0.91459,0.90905,4.8
pool_hu_harm_llama70b_minimal-balanced_refusal_650.jsonl,none+ga5,80,7,40,40,80,0.84392,0.85571,0.97543,0.55785,0.90577,0.93664,0.91479,0.63433,0.92311,0.95059,8.0
pool_hu_harm_llama70b_minimal-daily_dilemmas_650.jsonl,none+ga5,80,0,40,40,80,0.82278,0.83575,0.89698,0.5093,0.911,0.97383,0.84364,0.64669,0.91165,0.94101,8.0
pool_hu_harm_llama70b_minimal-daily_dilemmas_650.jsonl,none+ga5,80,1,40,40,80,0.84503,0.84548,0.98866,0.5124,0.90065,0.97842,0.90885,0.64034,0.86869,0.96403,7.3
pool_hu_harm_llama70b_minimal-daily_dilemmas_650.jsonl,none+ga5,80,2,40,40,80,0.83194,0.84305,0.97921,0.48554,0.88917,0.97383,0.90441,0.64647,0.854,0.96731,6.4
pool_hu_harm_llama70b_minimal-daily_dilemmas_650.jsonl,none+ga5,80,3,40,40,80,0.80831,0.79918,0.78639,0.56405,0.92181,0.96097,0.74762,0.64613,0.89395,0.909,6.7
pool_hu_harm_llama70b_minimal-daily_dilemmas_650.jsonl,none+ga5,80,4,40,40,80,0.83145,0.82796,0.94423,0.52376,0.88583,0.97199,0.86386,0.63589,0.85431,0.95778,7.2
pool_hu_harm_llama70b_minimal-daily_dilemmas_650.jsonl,none+ga5,80,5,40,40,80,0.82767,0.83068,0.87335,0.53926,0.93941,0.95868,0.8059,0.64346,0.95099,0.92238,7.5
pool_hu_harm_llama70b_minimal-daily_dilemmas_650.jsonl,none+ga5,80,6,40,40,80,0.85207,0.84228,0.97921,0.54649,0.90922,0.97337,0.87186,0.62932,0.90184,0.96611,8.2
pool_hu_harm_llama70b_minimal-daily_dilemmas_650.jsonl,none+ga5,80,7,40,40,80,0.80045,0.81897,0.88563,0.50826,0.85609,0.95179,0.83196,0.65271,0.83931,0.9519,7.8
pool_hu_harm_nemotron_evaldescshape_650.jsonl,none+ga5,80,0,40,40,80,0.82072,0.83252,0.87996,0.52479,0.94241,0.93572,0.79336,0.6771,0.9453,0.91431,6.6
pool_hu_harm_nemotron_evaldescshape_650.jsonl,none+ga5,80,1,40,40,80,0.8068,0.82128,0.82514,0.54855,0.92972,0.92378,0.8045,0.66652,0.91222,0.90186,7.0
pool_hu_harm_nemotron_evaldescshape_650.jsonl,none+ga5,80,2,40,40,80,0.77501,0.79122,0.78355,0.5,0.87893,0.93756,0.73356,0.64224,0.87493,0.91415,7.2
pool_hu_harm_nemotron_evaldescshape_650.jsonl,none+ga5,80,3,40,40,80,0.73945,0.76752,0.63894,0.51963,0.88004,0.91919,0.6516,0.63154,0.91562,0.8713,5.4
pool_hu_harm_nemotron_evaldescshape_650.jsonl,none+ga5,80,4,40,40,80,0.81009,0.83245,0.83743,0.54545,0.87124,0.98623,0.79833,0.68445,0.88901,0.95799,7.4
pool_hu_harm_nemotron_evaldescshape_650.jsonl,none+ga5,80,5,40,40,80,0.72789,0.76911,0.66635,0.42149,0.90499,0.91873,0.62716,0.65059,0.91136,0.88734,7.8
pool_hu_harm_nemotron_evaldescshape_650.jsonl,none+ga5,80,6,40,40,80,0.7568,0.79171,0.8138,0.42355,0.85275,0.9371,0.79704,0.62208,0.84356,0.90415,6.8
pool_hu_harm_nemotron_evaldescshape_650.jsonl,none+ga5,80,7,40,40,80,0.79174,0.81031,0.79868,0.50413,0.90777,0.95638,0.7832,0.65248,0.90444,0.90113,8.8
pool_hu_harm_nemotron_general_650.jsonl,none+ga5,80,0,40,40,80,0.79293,0.83306,0.89509,0.41322,0.9286,0.9348,0.81574,0.64213,0.94539,0.92899,8.4
pool_hu_harm_nemotron_general_650.jsonl,none+ga5,80,1,40,40,80,0.76025,0.80211,0.75425,0.45661,0.90588,0.92424,0.71799,0.64313,0.94332,0.904,7.9
pool_hu_harm_nemotron_general_650.jsonl,none+ga5,80,2,40,40,80,0.81287,0.85297,0.90548,0.44421,0.95322,0.94858,0.84635,0.64357,0.97037,0.95158,6.5
pool_hu_harm_nemotron_general_650.jsonl,none+ga5,80,3,40,40,80,0.82634,0.86029,0.98677,0.46488,0.89318,0.96051,0.89803,0.65449,0.92716,0.96147,8.4
pool_hu_harm_nemotron_general_650.jsonl,none+ga5,80,4,40,40,80,0.77775,0.81706,0.83176,0.43182,0.91078,0.93664,0.78493,0.62787,0.92704,0.92842,7.2
pool_hu_harm_nemotron_general_650.jsonl,none+ga5,80,5,40,40,80,0.76129,0.80984,0.73913,0.45558,0.90922,0.94123,0.73216,0.63166,0.94389,0.93164,4.8
pool_hu_harm_nemotron_general_650.jsonl,none+ga5,80,6,40,40,80,0.78258,0.81543,0.8828,0.43285,0.88628,0.92837,0.79585,0.63633,0.90858,0.92097,7.7
pool_hu_harm_nemotron_general_650.jsonl,none+ga5,80,7,40,40,80,0.78086,0.82537,0.76843,0.47934,0.92159,0.95409,0.74697,0.64769,0.95146,0.95533,8.8
pool_hu_harm_deepseekv4pro_evaldescshape_650.jsonl,none+ga2,30,0,15,15,30,0.80042,0.81517,0.81474,0.4876,0.93974,0.9596,0.78709,0.64224,0.90846,0.9229,7.6
pool_hu_harm_deepseekv4pro_evaldescshape_650.jsonl,none+ga2,30,1,15,15,30,0.75038,0.77732,0.7741,0.47314,0.83047,0.92378,0.73216,0.64725,0.83218,0.8977,4.2
pool_hu_harm_deepseekv4pro_evaldescshape_650.jsonl,none+ga2,30,2,15,15,30,0.80657,0.82156,0.76465,0.55475,0.94498,0.96189,0.71745,0.69347,0.95361,0.9217,6.4
pool_hu_harm_deepseekv4pro_evaldescshape_650.jsonl,none+ga2,30,3,15,15,30,0.71857,0.76673,0.60019,0.43802,0.92838,0.90771,0.59137,0.67732,0.89716,0.90108,6.8
pool_hu_harm_deepseekv4pro_evaldescshape_650.jsonl,none+ga2,30,4,15,15,30,0.79628,0.82041,0.78544,0.53202,0.89886,0.96878,0.79725,0.65917,0.90991,0.9153,6.2
pool_hu_harm_deepseekv4pro_evaldescshape_650.jsonl,none+ga2,30,5,15,15,30,0.7798,0.83367,0.77883,0.49793,0.92326,0.91919,0.81423,0.68701,0.92381,0.90962,5.6
pool_hu_harm_deepseekv4pro_evaldescshape_650.jsonl,none+ga2,30,6,15,15,30,0.65628,0.69374,0.54915,0.47211,0.87247,0.7314,0.55936,0.63021,0.87424,0.71116,6.8
pool_hu_harm_deepseekv4pro_evaldescshape_650.jsonl,none+ga2,30,7,15,15,30,0.70084,0.73744,0.55104,0.51653,0.89329,0.84252,0.53795,0.7104,0.87309,0.8283,6.4
pool_hu_harm_deepseekv4pro_general_650.jsonl,none+ga2,30,0,15,15,30,0.76205,0.76858,0.81947,0.47004,0.82067,0.93802,0.71486,0.6106,0.83086,0.918,7.0
pool_hu_harm_deepseekv4pro_general_650.jsonl,none+ga2,30,1,15,15,30,0.76989,0.80769,0.93478,0.3719,0.82245,0.95041,0.84234,0.62531,0.8335,0.92961,4.4
pool_hu_harm_deepseekv4pro_general_650.jsonl,none+ga2,30,2,15,15,30,0.76433,0.79973,0.86767,0.39979,0.8376,0.95225,0.79769,0.6125,0.85484,0.93388,6.8
pool_hu_harm_deepseekv4pro_general_650.jsonl,none+ga2,30,3,15,15,30,0.80105,0.81706,0.97543,0.43388,0.84172,0.95317,0.8697,0.61461,0.8397,0.94424,6.7
pool_hu_harm_deepseekv4pro_general_650.jsonl,none+ga2,30,4,15,15,30,0.74974,0.78201,0.74953,0.47521,0.81599,0.95822,0.71788,0.63032,0.83771,0.94211,6.7
pool_hu_harm_deepseekv4pro_general_650.jsonl,none+ga2,30,5,15,15,30,0.78159,0.79106,0.90359,0.45661,0.80976,0.95638,0.81477,0.61116,0.8002,0.9381,4.4
pool_hu_harm_deepseekv4pro_general_650.jsonl,none+ga2,30,6,15,15,30,0.73685,0.78831,0.72684,0.46901,0.8209,0.93067,0.72124,0.67354,0.83051,0.92795,4.2
pool_hu_harm_deepseekv4pro_general_650.jsonl,none+ga2,30,7,15,15,30,0.69642,0.73562,0.66824,0.41322,0.81121,0.89302,0.62381,0.59412,0.8243,0.90025,4.2
pool_hu_harm_gptoss_evaldescshape_650.jsonl,none+ga2,30,0,15,15,30,0.71935,0.76367,0.62004,0.47107,0.90933,0.87695,0.6051,0.66975,0.90676,0.87307,6.0
pool_hu_harm_gptoss_evaldescshape_650.jsonl,none+ga2,30,1,15,15,30,0.69996,0.73043,0.55671,0.52789,0.864,0.85124,0.56293,0.67688,0.8594,0.82252,7.2
pool_hu_harm_gptoss_evaldescshape_650.jsonl,none+ga2,30,2,15,15,30,0.81541,0.81781,0.78166,0.69525,0.81778,0.96694,0.78514,0.75808,0.79055,0.93747,5.8
pool_hu_harm_gptoss_evaldescshape_650.jsonl,none+ga2,30,3,15,15,30,0.78722,0.81713,0.74669,0.52479,0.90221,0.97521,0.72383,0.70339,0.89681,0.9445,6.1
pool_hu_harm_gptoss_evaldescshape_650.jsonl,none+ga2,30,4,15,15,30,0.74289,0.76997,0.74197,0.49793,0.8258,0.90588,0.68718,0.66763,0.82075,0.90431,6.7
pool_hu_harm_gptoss_evaldescshape_650.jsonl,none+ga2,30,5,15,15,30,0.83226,0.84015,0.87807,0.61674,0.89162,0.94261,0.81672,0.71887,0.89176,0.93326,5.3
pool_hu_harm_gptoss_evaldescshape_650.jsonl,none+ga2,30,6,15,15,30,0.80617,0.82444,0.79112,0.61157,0.88995,0.93205,0.7646,0.73446,0.87394,0.92477,5.7
pool_hu_harm_gptoss_evaldescshape_650.jsonl,none+ga2,30,7,15,15,30,0.84857,0.8608,0.92439,0.60434,0.911,0.95455,0.90182,0.69826,0.91156,0.93154,5.9
pool_hu_harm_gptoss_general_650.jsonl,none+ga2,30,0,15,15,30,0.82352,0.82289,0.94234,0.50517,0.88928,0.9573,0.82072,0.66396,0.87752,0.92935,6.4
pool_hu_harm_gptoss_general_650.jsonl,none+ga2,30,1,15,15,30,0.78366,0.79519,0.78639,0.51446,0.85676,0.97704,0.72124,0.66284,0.85579,0.94091,6.8
pool_hu_harm_gptoss_general_650.jsonl,none+ga2,30,2,15,15,30,0.81998,0.85084,0.9017,0.4969,0.91758,0.96373,0.84764,0.681,0.92126,0.95346,7.0
pool_hu_harm_gptoss_general_650.jsonl,none+ga2,30,3,15,15,30,0.80899,0.80809,0.88658,0.52583,0.85431,0.96924,0.79682,0.64179,0.84609,0.94768,6.7
pool_hu_harm_gptoss_general_650.jsonl,none+ga2,30,4,15,15,30,0.77812,0.80072,0.80624,0.5031,0.86144,0.94169,0.7633,0.66507,0.85977,0.91472,6.4
pool_hu_harm_gptoss_general_650.jsonl,none+ga2,30,5,15,15,30,0.81279,0.83575,0.89319,0.50103,0.89686,0.96006,0.84321,0.64859,0.90349,0.94773,6.7
pool_hu_harm_gptoss_general_650.jsonl,none+ga2,30,6,15,15,30,0.77871,0.7784,0.80624,0.54442,0.81377,0.95041,0.72924,0.62865,0.82109,0.93461,6.7
pool_hu_harm_gptoss_general_650.jsonl,none+ga2,30,7,15,15,30,0.8011,0.8215,0.87146,0.49483,0.88862,0.94949,0.81531,0.65438,0.89591,0.9204,6.6
pool_hu_harm_llama70b_evaldescshape_650.jsonl,none+ga2,30,0,15,15,30,0.74136,0.77505,0.73724,0.38326,0.94687,0.89807,0.68285,0.60593,0.95682,0.85459,5.3
pool_hu_harm_llama70b_evaldescshape_650.jsonl,none+ga2,30,1,15,15,30,0.68257,0.74024,0.58129,0.44112,0.91312,0.79477,0.57126,0.69615,0.91798,0.77556,7.2
pool_hu_harm_llama70b_evaldescshape_650.jsonl,none+ga2,30,2,15,15,30,0.75465,0.76782,0.65595,0.61674,0.89285,0.85308,0.63711,0.70973,0.92434,0.80008,5.1
pool_hu_harm_llama70b_evaldescshape_650.jsonl,none+ga2,30,3,15,15,30,0.72425,0.78407,0.69471,0.37293,0.94642,0.88292,0.64706,0.67543,0.96362,0.85017,5.4
pool_hu_harm_llama70b_evaldescshape_650.jsonl,none+ga2,30,4,15,15,30,0.66856,0.70832,0.53308,0.48967,0.88795,0.76354,0.53676,0.65783,0.8904,0.74828,5.1
pool_hu_harm_llama70b_evaldescshape_650.jsonl,none+ga2,30,5,15,15,30,0.71167,0.76385,0.65312,0.44525,0.92047,0.82782,0.6569,0.66607,0.95024,0.78217,6.9
pool_hu_harm_llama70b_evaldescshape_650.jsonl,none+ga2,30,6,15,15,30,0.68191,0.72577,0.569,0.50207,0.88294,0.77365,0.54823,0.69013,0.88954,0.7752,5.0
pool_hu_harm_llama70b_evaldescshape_650.jsonl,none+ga2,30,7,15,15,30,0.77986,0.79955,0.71645,0.52066,0.95534,0.927,0.73724,0.65048,0.96579,0.8447,5.3
pool_hu_harm_llama70b_full-ai_dilemmas_650.jsonl,none+ga2,30,0,15,15,30,0.81928,0.84431,0.91966,0.50517,0.9207,0.93159,0.90517,0.6311,0.9112,0.92977,5.0
pool_hu_harm_llama70b_full-ai_dilemmas_650.jsonl,none+ga2,30,1,15,15,30,0.81162,0.84509,0.93856,0.48347,0.9452,0.87925,0.9309,0.54344,0.95183,0.95419,6.7
pool_hu_harm_llama70b_full-ai_dilemmas_650.jsonl,none+ga2,30,2,15,15,30,0.77656,0.80315,0.89414,0.47727,0.85008,0.88476,0.93847,0.46915,0.86635,0.93862,7.4
pool_hu_harm_llama70b_full-ai_dilemmas_650.jsonl,none+ga2,30,3,15,15,30,0.79156,0.7762,0.87146,0.55785,0.82691,0.91001,0.87392,0.46892,0.84906,0.9129,6.4
pool_hu_harm_llama70b_full-ai_dilemmas_650.jsonl,none+ga2,30,4,15,15,30,0.68899,0.71528,0.65784,0.49587,0.85431,0.74793,0.69994,0.59033,0.82898,0.74188,6.6
pool_hu_harm_llama70b_full-ai_dilemmas_650.jsonl,none+ga2,30,5,15,15,30,0.64558,0.70682,0.60302,0.46694,0.76075,0.75161,0.6223,0.68111,0.74133,0.78254,4.8
pool_hu_harm_llama70b_full-ai_dilemmas_650.jsonl,none+ga2,30,6,15,15,30,0.83877,0.84084,0.94045,0.59711,0.92036,0.89715,0.9255,0.6243,0.91221,0.90134,7.3
pool_hu_harm_llama70b_full-ai_dilemmas_650.jsonl,none+ga2,30,7,15,15,30,0.52664,0.55219,0.50189,0.44835,0.75273,0.40358,0.50487,0.498,0.76947,0.43643,4.8
pool_hu_harm_llama70b_full-ant_hh_650.jsonl,none+ga2,30,0,15,15,30,0.67033,0.73191,0.58979,0.47004,0.85565,0.76584,0.56877,0.65438,0.88176,0.82273,4.5
pool_hu_harm_llama70b_full-ant_hh_650.jsonl,none+ga2,30,1,15,15,30,0.67265,0.71787,0.58979,0.51446,0.87146,0.71488,0.56131,0.64524,0.90058,0.76437,4.5
pool_hu_harm_llama70b_full-ant_hh_650.jsonl,none+ga2,30,2,15,15,30,0.68102,0.72675,0.54915,0.47727,0.87625,0.8214,0.54314,0.59924,0.90386,0.86074,7.0
pool_hu_harm_llama70b_full-ant_hh_650.jsonl,none+ga2,30,3,15,15,30,0.76956,0.78367,0.75803,0.52273,0.88427,0.91322,0.68069,0.6243,0.90444,0.92524,7.4
pool_hu_harm_llama70b_full-ant_hh_650.jsonl,none+ga2,30,4,15,15,30,0.6756,0.70752,0.55955,0.46074,0.90432,0.77778,0.52822,0.61506,0.8862,0.8006,7.8
pool_hu_harm_llama70b_full-ant_hh_650.jsonl,none+ga2,30,5,15,15,30,0.69492,0.7427,0.59641,0.46384,0.91501,0.80441,0.60608,0.6517,0.89564,0.81737,7.7
pool_hu_harm_llama70b_full-ant_hh_650.jsonl,none+ga2,30,6,15,15,30,0.66571,0.72077,0.59074,0.42045,0.88628,0.76538,0.55915,0.63333,0.92199,0.76864,7.7
pool_hu_harm_llama70b_full-ant_hh_650.jsonl,none+ga2,30,7,15,15,30,0.69659,0.74272,0.5775,0.52273,0.89274,0.79339,0.54715,0.65026,0.92757,0.8459,7.4
pool_hu_harm_llama70b_full-balanced_refusal_650.jsonl,none+ga2,30,0,15,15,30,0.64048,0.68274,0.75425,0.3874,0.91613,0.50413,0.70804,0.51671,0.96162,0.54456,4.6
pool_hu_harm_llama70b_full-balanced_refusal_650.jsonl,none+ga2,30,1,15,15,30,0.72425,0.74461,0.69471,0.42355,0.96102,0.81772,0.65625,0.54433,0.9746,0.80326,5.1
pool_hu_harm_llama70b_full-balanced_refusal_650.jsonl,none+ga2,30,2,15,15,30,0.6492,0.70883,0.6087,0.33471,0.94542,0.70799,0.57764,0.56483,0.97523,0.71762,6.4
pool_hu_harm_llama70b_full-balanced_refusal_650.jsonl,none+ga2,30,3,15,15,30,0.62707,0.67572,0.51796,0.44731,0.93373,0.60927,0.52357,0.6086,0.94721,0.62349,4.3
pool_hu_harm_llama70b_full-balanced_refusal_650.jsonl,none+ga2,30,4,15,15,30,0.63806,0.71407,0.58129,0.36364,0.94342,0.66391,0.58423,0.5959,0.97009,0.70606,4.8
pool_hu_harm_llama70b_full-balanced_refusal_650.jsonl,none+ga2,30,5,15,15,30,0.72203,0.73318,0.67202,0.45455,0.96313,0.79844,0.66717,0.53052,0.97698,0.75807,4.6
pool_hu_harm_llama70b_full-balanced_refusal_650.jsonl,none+ga2,30,6,15,15,30,0.58556,0.61625,0.63327,0.45041,0.90777,0.35078,0.61159,0.57429,0.94426,0.33486,4.2
pool_hu_harm_llama70b_full-balanced_refusal_650.jsonl,none+ga2,30,7,15,15,30,0.55081,0.60035,0.57372,0.38636,0.93918,0.30395,0.5824,0.49165,0.94909,0.37828,4.2
pool_hu_harm_llama70b_full-daily_dilemmas_650.jsonl,none+ga2,30,0,15,15,30,0.82652,0.85055,0.98866,0.43079,0.9344,0.95225,0.97189,0.5499,0.92732,0.95309,6.2
pool_hu_harm_llama70b_full-daily_dilemmas_650.jsonl,none+ga2,30,1,15,15,30,0.85987,0.85513,0.98204,0.56095,0.91212,0.98439,0.94853,0.62185,0.8765,0.97366,5.1
pool_hu_harm_llama70b_full-daily_dilemmas_650.jsonl,none+ga2,30,2,15,15,30,0.86736,0.85451,1.0,0.61467,0.85843,0.99633,0.97297,0.61784,0.85065,0.97657,6.9
pool_hu_harm_llama70b_full-daily_dilemmas_650.jsonl,none+ga2,30,3,15,15,30,0.87361,0.87987,1.0,0.69215,0.81421,0.98806,0.98324,0.729,0.82726,0.97996,7.0
pool_hu_harm_llama70b_full-daily_dilemmas_650.jsonl,none+ga2,30,4,15,15,30,0.87375,0.87479,1.0,0.61364,0.88594,0.99541,0.97135,0.64914,0.89918,0.97949,6.6
pool_hu_harm_llama70b_full-daily_dilemmas_650.jsonl,none+ga2,30,5,15,15,30,0.84176,0.85781,0.99811,0.54236,0.84217,0.98439,0.96951,0.64368,0.84411,0.97392,4.8
pool_hu_harm_llama70b_full-daily_dilemmas_650.jsonl,none+ga2,30,6,15,15,30,0.86167,0.84984,1.0,0.61054,0.9119,0.92424,0.96269,0.63199,0.89067,0.91399,5.9
pool_hu_harm_llama70b_full-daily_dilemmas_650.jsonl,none+ga2,30,7,15,15,30,0.86987,0.84722,0.97826,0.70145,0.80252,0.99725,0.9601,0.6644,0.78852,0.97584,4.5
pool_hu_harm_llama70b_general_650.jsonl,none+ga2,30,0,15,15,30,0.77915,0.80182,0.76181,0.55165,0.86467,0.93848,0.77833,0.67198,0.85855,0.89843,7.2
pool_hu_harm_llama70b_general_650.jsonl,none+ga2,30,1,15,15,30,0.71039,0.75013,0.60681,0.45041,0.88305,0.90129,0.62057,0.64146,0.90122,0.83726,7.2
pool_hu_harm_llama70b_general_650.jsonl,none+ga2,30,2,15,15,30,0.77132,0.78523,0.72023,0.59194,0.85899,0.91414,0.76352,0.66819,0.84598,0.86323,6.2
pool_hu_harm_llama70b_general_650.jsonl,none+ga2,30,3,15,15,30,0.77383,0.77835,0.71078,0.55888,0.86422,0.96143,0.70859,0.66095,0.85456,0.88932,5.5
pool_hu_harm_llama70b_general_650.jsonl,none+ga2,30,4,15,15,30,0.77262,0.79001,0.68904,0.58058,0.88605,0.9348,0.70394,0.69236,0.87925,0.88448,7.1
pool_hu_harm_llama70b_general_650.jsonl,none+ga2,30,5,15,15,30,0.78377,0.77765,0.75898,0.56508,0.84317,0.96786,0.73356,0.64725,0.8319,0.89791,7.3
pool_hu_harm_llama70b_general_650.jsonl,none+ga2,30,6,15,15,30,0.82845,0.83028,0.88847,0.54855,0.88594,0.99082,0.859,0.66017,0.86246,0.9395,4.7
pool_hu_harm_llama70b_general_650.jsonl,none+ga2,30,7,15,15,30,0.76588,0.78902,0.69187,0.56095,0.87681,0.93388,0.74384,0.65449,0.88088,0.87687,6.6
pool_hu_harm_llama70b_minimal-ai_dilemmas_650.jsonl,none+ga2,30,0,15,15,30,0.67037,0.73019,0.5397,0.41529,0.8982,0.82828,0.5505,0.67721,0.89785,0.79519,7.1
pool_hu_harm_llama70b_minimal-ai_dilemmas_650.jsonl,none+ga2,30,1,15,15,30,0.66376,0.69282,0.56616,0.45145,0.87113,0.7663,0.5466,0.66607,0.88484,0.67378,6.9
pool_hu_harm_llama70b_minimal-ai_dilemmas_650.jsonl,none+ga2,30,2,15,15,30,0.64498,0.70937,0.52079,0.42872,0.90544,0.72498,0.5332,0.67287,0.91604,0.71538,6.7
pool_hu_harm_llama70b_minimal-ai_dilemmas_650.jsonl,none+ga2,30,3,15,15,30,0.66675,0.73661,0.57656,0.41322,0.88795,0.78926,0.5878,0.66663,0.91406,0.77796,6.2
pool_hu_harm_llama70b_minimal-ai_dilemmas_650.jsonl,none+ga2,30,4,15,15,30,0.65213,0.6812,0.52268,0.59814,0.84351,0.64417,0.54498,0.7133,0.86319,0.60334,5.9
pool_hu_harm_llama70b_minimal-ai_dilemmas_650.jsonl,none+ga2,30,5,15,15,30,0.70481,0.74592,0.6087,0.46694,0.87124,0.87236,0.65528,0.65906,0.87316,0.79618,6.6
pool_hu_harm_llama70b_minimal-ai_dilemmas_650.jsonl,none+ga2,30,6,15,15,30,0.66939,0.67491,0.54442,0.56715,0.77445,0.79155,0.56661,0.68634,0.77041,0.67628,4.8
pool_hu_harm_llama70b_minimal-ai_dilemmas_650.jsonl,none+ga2,30,7,15,15,30,0.65324,0.71271,0.52647,0.46488,0.89664,0.72498,0.52574,0.6879,0.9305,0.70668,5.9
pool_hu_harm_llama70b_minimal-ant_hh_650.jsonl,none+ga2,30,0,15,15,30,0.74172,0.77599,0.86011,0.56405,0.84896,0.69376,0.80936,0.58343,0.87749,0.83366,7.0
pool_hu_harm_llama70b_minimal-ant_hh_650.jsonl,none+ga2,30,1,15,15,30,0.77208,0.77609,0.91493,0.60434,0.83582,0.73324,0.85316,0.58643,0.82735,0.83741,4.3
pool_hu_harm_llama70b_minimal-ant_hh_650.jsonl,none+ga2,30,2,15,15,30,0.74872,0.77801,0.8034,0.57335,0.84495,0.77319,0.76492,0.60871,0.86446,0.87396,4.4
pool_hu_harm_llama70b_minimal-ant_hh_650.jsonl,none+ga2,30,3,15,15,30,0.82594,0.80211,0.91021,0.66116,0.89174,0.84068,0.75303,0.66284,0.93068,0.86188,7.4
pool_hu_harm_llama70b_minimal-ant_hh_650.jsonl,none+ga2,30,4,15,15,30,0.83371,0.83621,0.98299,0.53719,0.9051,0.90955,0.89684,0.5763,0.93189,0.93982,7.1
pool_hu_harm_llama70b_minimal-ant_hh_650.jsonl,none+ga2,30,5,15,15,30,0.83865,0.83013,0.95558,0.61467,0.88995,0.8944,0.8803,0.57296,0.92352,0.94372,7.3
pool_hu_harm_llama70b_minimal-ant_hh_650.jsonl,none+ga2,30,6,15,15,30,0.85393,0.84283,0.98488,0.57128,0.92292,0.93664,0.87111,0.61094,0.95992,0.92935,6.9
pool_hu_harm_llama70b_minimal-ant_hh_650.jsonl,none+ga2,30,7,15,15,30,0.77533,0.77129,0.81947,0.53719,0.85899,0.88567,0.76438,0.56271,0.88051,0.87755,7.2
pool_hu_harm_llama70b_minimal-balanced_refusal_650.jsonl,none+ga2,30,0,15,15,30,0.79701,0.79159,0.86957,0.66322,0.88115,0.7741,0.81899,0.59779,0.89683,0.85277,6.8
pool_hu_harm_llama70b_minimal-balanced_refusal_650.jsonl,none+ga2,30,1,15,15,30,0.67929,0.70671,0.72212,0.55579,0.82034,0.61892,0.62013,0.63232,0.8951,0.6793,7.4
pool_hu_harm_llama70b_minimal-balanced_refusal_650.jsonl,none+ga2,30,2,15,15,30,0.8119,0.81665,0.91399,0.6312,0.93885,0.76354,0.84829,0.62876,0.95057,0.83897,6.7
pool_hu_harm_llama70b_minimal-balanced_refusal_650.jsonl,none+ga2,30,3,15,15,30,0.80967,0.81505,0.94612,0.63636,0.92526,0.73095,0.87251,0.62475,0.93589,0.82705,6.6
pool_hu_harm_llama70b_minimal-balanced_refusal_650.jsonl,none+ga2,30,4,15,15,30,0.77402,0.79458,0.91493,0.52686,0.90911,0.74518,0.83942,0.57284,0.93656,0.8295,7.1
pool_hu_harm_llama70b_minimal-balanced_refusal_650.jsonl,none+ga2,30,5,15,15,30,0.74616,0.78349,0.87902,0.5155,0.86422,0.7259,0.79823,0.60325,0.90241,0.83007,4.3
pool_hu_harm_llama70b_minimal-balanced_refusal_650.jsonl,none+ga2,30,6,15,15,30,0.77989,0.80191,0.92533,0.49277,0.90577,0.79568,0.84743,0.56995,0.92265,0.86761,7.0
pool_hu_harm_llama70b_minimal-balanced_refusal_650.jsonl,none+ga2,30,7,15,15,30,0.83146,0.81762,0.89414,0.66632,0.8728,0.89256,0.8364,0.64101,0.916,0.87708,6.6
pool_hu_harm_llama70b_minimal-daily_dilemmas_650.jsonl,none+ga2,30,0,15,15,30,0.74645,0.76137,0.67391,0.49793,0.86812,0.94582,0.64317,0.61985,0.87239,0.91009,7.4
pool_hu_harm_llama70b_minimal-daily_dilemmas_650.jsonl,none+ga2,30,1,15,15,30,0.76462,0.78089,0.7845,0.47934,0.84651,0.94812,0.7713,0.6145,0.82397,0.91379,7.0
pool_hu_harm_llama70b_minimal-daily_dilemmas_650.jsonl,none+ga2,30,2,15,15,30,0.71681,0.77352,0.62476,0.46591,0.85598,0.92057,0.67885,0.67108,0.86752,0.87661,4.4
pool_hu_harm_llama70b_minimal-daily_dilemmas_650.jsonl,none+ga2,30,3,15,15,30,0.73097,0.75439,0.6758,0.50207,0.83003,0.91598,0.66717,0.65326,0.82144,0.87568,7.4
pool_hu_harm_llama70b_minimal-daily_dilemmas_650.jsonl,none+ga2,30,4,15,15,30,0.81127,0.80249,0.78733,0.59504,0.91368,0.94904,0.74924,0.67376,0.87405,0.9129,5.9
pool_hu_harm_llama70b_minimal-daily_dilemmas_650.jsonl,none+ga2,30,5,15,15,30,0.81387,0.82274,0.87335,0.51653,0.90922,0.95638,0.78298,0.64602,0.939,0.92295,6.5
pool_hu_harm_llama70b_minimal-daily_dilemmas_650.jsonl,none+ga2,30,6,15,15,30,0.78684,0.78042,0.82231,0.51653,0.85721,0.95133,0.76514,0.61172,0.83129,0.91353,7.6
pool_hu_harm_llama70b_minimal-daily_dilemmas_650.jsonl,none+ga2,30,7,15,15,30,0.79504,0.80178,0.85822,0.4907,0.86567,0.96556,0.79963,0.63399,0.82306,0.95044,7.3
pool_hu_harm_nemotron_evaldescshape_650.jsonl,none+ga2,30,0,15,15,30,0.69459,0.7359,0.57278,0.46798,0.9061,0.8315,0.54866,0.6683,0.91625,0.81039,6.0
pool_hu_harm_nemotron_evaldescshape_650.jsonl,none+ga2,30,1,15,15,30,0.5655,0.60882,0.51607,0.50517,0.70082,0.53994,0.50811,0.6429,0.735,0.54925,4.3
pool_hu_harm_nemotron_evaldescshape_650.jsonl,none+ga2,30,2,15,15,30,0.70742,0.73674,0.65028,0.42355,0.89497,0.86088,0.5984,0.59568,0.91651,0.83637,6.3
pool_hu_harm_nemotron_evaldescshape_650.jsonl,none+ga2,30,3,15,15,30,0.77246,0.80913,0.77883,0.42665,0.92983,0.95455,0.7341,0.65683,0.91821,0.92737,5.9
pool_hu_harm_nemotron_evaldescshape_650.jsonl,none+ga2,30,4,15,15,30,0.69827,0.74004,0.58979,0.45868,0.90254,0.84206,0.57104,0.64536,0.89058,0.85319,5.7
pool_hu_harm_nemotron_evaldescshape_650.jsonl,none+ga2,30,5,15,15,30,0.76717,0.78886,0.68715,0.54649,0.94342,0.89164,0.71248,0.67877,0.9125,0.85168,5.3
pool_hu_harm_nemotron_evaldescshape_650.jsonl,none+ga2,30,6,15,15,30,0.69876,0.74529,0.6569,0.46798,0.88594,0.78421,0.65214,0.63333,0.89363,0.80206,6.9
pool_hu_harm_nemotron_evaldescshape_650.jsonl,none+ga2,30,7,15,15,30,0.80985,0.82398,0.91871,0.45558,0.89864,0.96648,0.82753,0.62898,0.89132,0.94809,5.5
pool_hu_harm_nemotron_general_650.jsonl,none+ga2,30,0,15,15,30,0.80206,0.84423,0.90454,0.45764,0.91769,0.92837,0.86224,0.65304,0.93083,0.93081,6.3
pool_hu_harm_nemotron_general_650.jsonl,none+ga2,30,1,15,15,30,0.80989,0.85017,0.92439,0.44938,0.95623,0.90955,0.87003,0.63789,0.96061,0.93216,6.1
pool_hu_harm_nemotron_general_650.jsonl,none+ga2,30,2,15,15,30,0.73774,0.7786,0.65595,0.43905,0.94732,0.90863,0.63408,0.64714,0.94856,0.88463,4.9
pool_hu_harm_nemotron_general_650.jsonl,none+ga2,30,3,15,15,30,0.75242,0.79765,0.76938,0.42252,0.9344,0.88338,0.72621,0.65505,0.94721,0.86214,5.6
pool_hu_harm_nemotron_general_650.jsonl,none+ga2,30,4,15,15,30,0.73651,0.76982,0.71078,0.47004,0.92225,0.84298,0.66587,0.63088,0.94459,0.83793,5.6
pool_hu_harm_nemotron_general_650.jsonl,none+ga2,30,5,15,15,30,0.74492,0.7675,0.65217,0.47107,0.94319,0.91322,0.59743,0.64112,0.9479,0.88354,5.9
pool_hu_harm_nemotron_general_650.jsonl,none+ga2,30,6,15,15,30,0.80868,0.83757,0.89414,0.46591,0.94353,0.93113,0.85002,0.62453,0.95766,0.91805,5.4
pool_hu_harm_nemotron_general_650.jsonl,none+ga2,30,7,15,15,30,0.76965,0.80724,0.74386,0.44112,0.95701,0.93664,0.72405,0.6497,0.96569,0.88953,6.2
pool_hu_harm_deepseekv4pro_evaldescshape_650.jsonl,none+ga1bs16,10,0,5,5,10,0.64331,0.71767,0.56805,0.3595,0.90143,0.74426,0.55331,0.64502,0.92527,0.74708,7.1
pool_hu_harm_deepseekv4pro_evaldescshape_650.jsonl,none+ga1bs16,10,1,5,5,10,0.64356,0.66717,0.60208,0.41322,0.82524,0.7337,0.58023,0.61484,0.7905,0.6831,6.4
pool_hu_harm_deepseekv4pro_evaldescshape_650.jsonl,none+ga1bs16,10,2,5,5,10,0.58011,0.63526,0.5293,0.39773,0.79884,0.59458,0.51168,0.64446,0.78385,0.60105,4.1
pool_hu_harm_deepseekv4pro_evaldescshape_650.jsonl,none+ga1bs16,10,3,5,5,10,0.71654,0.74058,0.63989,0.53202,0.88294,0.81129,0.60986,0.65037,0.88341,0.81867,5.4
pool_hu_harm_deepseekv4pro_evaldescshape_650.jsonl,none+ga1bs16,10,4,5,5,10,0.60683,0.65655,0.52836,0.43285,0.85041,0.6157,0.5173,0.63065,0.87327,0.60496,4.2
pool_hu_harm_deepseekv4pro_evaldescshape_650.jsonl,none+ga1bs16,10,5,5,5,10,0.61554,0.62281,0.51323,0.54649,0.80742,0.59504,0.51341,0.67521,0.76941,0.53322,6.5
pool_hu_harm_deepseekv4pro_evaldescshape_650.jsonl,none+ga1bs16,10,6,5,5,10,0.68292,0.70704,0.5794,0.52376,0.85765,0.77089,0.60997,0.65917,0.8297,0.72933,6.7
pool_hu_harm_deepseekv4pro_evaldescshape_650.jsonl,none+ga1bs16,10,7,5,5,10,0.60302,0.6481,0.5482,0.42769,0.90544,0.53076,0.53482,0.63979,0.891,0.52681,6.5
pool_hu_harm_deepseekv4pro_general_650.jsonl,none+ga1bs16,10,0,5,5,10,0.61805,0.69798,0.56711,0.3688,0.84573,0.69054,0.53828,0.61907,0.88177,0.75281,4.2
pool_hu_harm_deepseekv4pro_general_650.jsonl,none+ga1bs16,10,1,5,5,10,0.67125,0.70805,0.61909,0.40083,0.78815,0.87695,0.62781,0.5558,0.8145,0.83408,6.9
pool_hu_harm_deepseekv4pro_general_650.jsonl,none+ga1bs16,10,2,5,5,10,0.68339,0.7137,0.71172,0.32645,0.81845,0.87695,0.62457,0.54856,0.81783,0.86386,6.3
pool_hu_harm_deepseekv4pro_general_650.jsonl,none+ga1bs16,10,3,5,5,10,0.66146,0.73249,0.63611,0.3905,0.87313,0.7461,0.62987,0.62252,0.91585,0.76171,6.2
pool_hu_harm_deepseekv4pro_general_650.jsonl,none+ga1bs16,10,4,5,5,10,0.72885,0.77067,0.73629,0.41632,0.84128,0.92149,0.6702,0.65861,0.86382,0.89005,6.5
pool_hu_harm_deepseekv4pro_general_650.jsonl,none+ga1bs16,10,5,5,5,10,0.67094,0.73691,0.58507,0.44421,0.82802,0.82645,0.56196,0.66797,0.88056,0.83715,6.5
pool_hu_harm_deepseekv4pro_general_650.jsonl,none+ga1bs16,10,6,5,5,10,0.70455,0.75721,0.68998,0.40702,0.84518,0.87603,0.66814,0.58966,0.874,0.89702,6.5
pool_hu_harm_deepseekv4pro_general_650.jsonl,none+ga1bs16,10,7,5,5,10,0.74402,0.79293,0.70038,0.46281,0.88728,0.92562,0.74719,0.61907,0.90726,0.89822,6.4
pool_hu_harm_gptoss_evaldescshape_650.jsonl,none+ga1bs16,10,0,5,5,10,0.62705,0.65449,0.54253,0.52893,0.85776,0.57897,0.51579,0.66373,0.84852,0.58991,5.8
pool_hu_harm_gptoss_evaldescshape_650.jsonl,none+ga1bs16,10,1,5,5,10,0.69567,0.69374,0.55482,0.7407,0.71029,0.77686,0.56163,0.79038,0.67201,0.75094,6.2
pool_hu_harm_gptoss_evaldescshape_650.jsonl,none+ga1bs16,10,2,5,5,10,0.72005,0.73049,0.60397,0.61364,0.88528,0.77732,0.58478,0.72433,0.87036,0.7425,5.6
pool_hu_harm_gptoss_evaldescshape_650.jsonl,none+ga1bs16,10,3,5,5,10,0.65232,0.6748,0.56711,0.63946,0.76587,0.63682,0.5625,0.71631,0.76755,0.65285,4.0
pool_hu_harm_gptoss_evaldescshape_650.jsonl,none+ga1bs16,10,4,5,5,10,0.70527,0.72392,0.60586,0.60537,0.77467,0.83517,0.58283,0.73235,0.76188,0.81862,7.0
pool_hu_harm_gptoss_evaldescshape_650.jsonl,none+ga1bs16,10,5,5,5,10,0.57809,0.5809,0.51323,0.68079,0.56739,0.55096,0.51298,0.70684,0.55837,0.5454,4.2
pool_hu_harm_gptoss_evaldescshape_650.jsonl,none+ga1bs16,10,6,5,5,10,0.61284,0.65575,0.569,0.43802,0.93974,0.50459,0.53676,0.66797,0.94045,0.47782,5.7
pool_hu_harm_gptoss_evaldescshape_650.jsonl,none+ga1bs16,10,7,5,5,10,0.72542,0.74049,0.66635,0.6219,0.81911,0.79431,0.69366,0.68523,0.75975,0.8233,5.3
pool_hu_harm_gptoss_general_650.jsonl,none+ga1bs16,10,0,5,5,10,0.77313,0.7761,0.76843,0.59401,0.79572,0.93434,0.68728,0.69292,0.82464,0.89957,6.5
pool_hu_harm_gptoss_general_650.jsonl,none+ga1bs16,10,1,5,5,10,0.70569,0.73154,0.5794,0.51136,0.85275,0.87925,0.53958,0.62698,0.91049,0.84913,6.9
pool_hu_harm_gptoss_general_650.jsonl,none+ga1bs16,10,2,5,5,10,0.76937,0.76153,0.7552,0.57438,0.79751,0.95041,0.6742,0.66017,0.80473,0.90702,6.4
pool_hu_harm_gptoss_general_650.jsonl,none+ga1bs16,10,3,5,5,10,0.68379,0.71685,0.57656,0.45868,0.88817,0.81175,0.56747,0.62018,0.89611,0.78363,7.0
pool_hu_harm_gptoss_general_650.jsonl,none+ga1bs16,10,4,5,5,10,0.73747,0.74019,0.65312,0.53409,0.84117,0.92149,0.6024,0.62041,0.85042,0.88755,6.9
pool_hu_harm_gptoss_general_650.jsonl,none+ga1bs16,10,5,5,5,10,0.76182,0.75166,0.64367,0.59917,0.85955,0.9449,0.6689,0.61116,0.83689,0.88968,5.8
pool_hu_harm_gptoss_general_650.jsonl,none+ga1bs16,10,6,5,5,10,0.74177,0.76322,0.64272,0.53719,0.87258,0.9146,0.61494,0.64224,0.89559,0.90009,6.7
pool_hu_harm_gptoss_general_650.jsonl,none+ga1bs16,10,7,5,5,10,0.80559,0.7926,0.81947,0.66529,0.81154,0.92608,0.79909,0.68957,0.78935,0.89239,6.0
pool_hu_harm_llama70b_evaldescshape_650.jsonl,none+ga1bs16,10,0,5,5,10,0.58325,0.59541,0.49811,0.38326,0.91858,0.53306,0.49989,0.4922,0.91317,0.47636,5.9
pool_hu_harm_llama70b_evaldescshape_650.jsonl,none+ga1bs16,10,1,5,5,10,0.6908,0.70524,0.69187,0.45764,0.77623,0.83747,0.57612,0.63321,0.79863,0.81299,4.3
pool_hu_harm_llama70b_evaldescshape_650.jsonl,none+ga1bs16,10,2,5,5,10,0.68179,0.69491,0.58601,0.5093,0.89541,0.73646,0.56574,0.62096,0.89156,0.70137,5.1
pool_hu_harm_llama70b_evaldescshape_650.jsonl,none+ga1bs16,10,3,5,5,10,0.60579,0.66817,0.52174,0.3936,0.85309,0.65473,0.57753,0.61829,0.88487,0.59199,4.6
pool_hu_harm_llama70b_evaldescshape_650.jsonl,none+ga1bs16,10,4,5,5,10,0.66831,0.65311,0.57183,0.7314,0.57708,0.79293,0.56726,0.77389,0.55638,0.71491,4.7
pool_hu_harm_llama70b_evaldescshape_650.jsonl,none+ga1bs16,10,5,5,5,10,0.56263,0.61895,0.50851,0.37087,0.78759,0.58356,0.50822,0.60325,0.8203,0.54404,4.6
pool_hu_harm_llama70b_evaldescshape_650.jsonl,none+ga1bs16,10,6,5,5,10,0.58785,0.62734,0.51418,0.3843,0.79038,0.66253,0.51395,0.52551,0.85231,0.61761,4.3
pool_hu_harm_llama70b_evaldescshape_650.jsonl,none+ga1bs16,10,7,5,5,10,0.64474,0.69717,0.56427,0.51653,0.73691,0.76125,0.58586,0.68746,0.73934,0.77603,4.2
pool_hu_harm_llama70b_full-ai_dilemmas_650.jsonl,none+ga1bs16,10,0,5,5,10,0.50366,0.50945,0.54159,0.30579,0.59746,0.56979,0.51298,0.39563,0.59253,0.53665,4.1
pool_hu_harm_llama70b_full-ai_dilemmas_650.jsonl,none+ga1bs16,10,1,5,5,10,0.58378,0.61166,0.53025,0.40289,0.84963,0.55234,0.56218,0.52127,0.84194,0.52124,7.0
pool_hu_harm_llama70b_full-ai_dilemmas_650.jsonl,none+ga1bs16,10,2,5,5,10,0.59144,0.60601,0.50567,0.4969,0.83838,0.52479,0.49849,0.55202,0.85677,0.51676,7.2
pool_hu_harm_llama70b_full-ai_dilemmas_650.jsonl,none+ga1bs16,10,3,5,5,10,0.52349,0.58559,0.52079,0.26756,0.78403,0.52158,0.52346,0.50312,0.806,0.50979,4.1
pool_hu_harm_llama70b_full-ai_dilemmas_650.jsonl,none+ga1bs16,10,4,5,5,10,0.54583,0.60694,0.50567,0.33884,0.75251,0.58632,0.52033,0.52851,0.78299,0.59595,4.3
pool_hu_harm_llama70b_full-ai_dilemmas_650.jsonl,none+ga1bs16,10,5,5,5,10,0.55465,0.5552,0.50945,0.47211,0.8082,0.42883,0.5093,0.4746,0.78317,0.45372,4.1
pool_hu_harm_llama70b_full-ai_dilemmas_650.jsonl,none+ga1bs16,10,6,5,5,10,0.61518,0.62742,0.50378,0.59917,0.82747,0.5303,0.5066,0.61595,0.84161,0.5455,4.0
pool_hu_harm_llama70b_full-ai_dilemmas_650.jsonl,none+ga1bs16,10,7,5,5,10,0.59912,0.62711,0.6172,0.3843,0.90599,0.48898,0.59883,0.44108,0.91638,0.55217,6.5
pool_hu_harm_llama70b_full-ant_hh_650.jsonl,none+ga1bs16,10,0,5,5,10,0.63052,0.6807,0.569,0.38017,0.91312,0.65978,0.54693,0.60281,0.90716,0.66592,6.7
pool_hu_harm_llama70b_full-ant_hh_650.jsonl,none+ga1bs16,10,1,5,5,10,0.62559,0.6735,0.53497,0.45971,0.84284,0.66483,0.51925,0.66362,0.84255,0.66858,7.1
pool_hu_harm_llama70b_full-ant_hh_650.jsonl,none+ga1bs16,10,2,5,5,10,0.64403,0.66607,0.57561,0.49483,0.90789,0.5978,0.54433,0.60893,0.90533,0.60569,6.7
pool_hu_harm_llama70b_full-ant_hh_650.jsonl,none+ga1bs16,10,3,5,5,10,0.70382,0.76038,0.62665,0.47107,0.85253,0.86501,0.60543,0.68233,0.86142,0.89234,5.8
pool_hu_harm_llama70b_full-ant_hh_650.jsonl,none+ga1bs16,10,4,5,5,10,0.71691,0.74076,0.59357,0.53616,0.89586,0.84206,0.57483,0.64268,0.90889,0.83663,6.1
pool_hu_harm_llama70b_full-ant_hh_650.jsonl,none+ga1bs16,10,5,5,5,10,0.68285,0.70623,0.6087,0.52066,0.8307,0.77135,0.5505,0.63266,0.84642,0.79535,4.1
pool_hu_harm_llama70b_full-ant_hh_650.jsonl,none+ga1bs16,10,6,5,5,10,0.62153,0.66482,0.56994,0.40702,0.91824,0.59091,0.53752,0.5939,0.91171,0.61615,6.4
pool_hu_harm_llama70b_full-ant_hh_650.jsonl,none+ga1bs16,10,7,5,5,10,0.70554,0.71813,0.5983,0.52789,0.85297,0.84298,0.5665,0.6047,0.88421,0.81711,5.9
pool_hu_harm_llama70b_full-balanced_refusal_650.jsonl,none+ga1bs16,10,0,5,5,10,0.55526,0.56871,0.55198,0.44008,0.93696,0.29201,0.5173,0.56661,0.93431,0.25661,4.0
pool_hu_harm_llama70b_full-balanced_refusal_650.jsonl,none+ga1bs16,10,1,5,5,10,0.62833,0.66675,0.53403,0.4938,0.94509,0.5404,0.52541,0.68623,0.89716,0.5582,4.1
pool_hu_harm_llama70b_full-balanced_refusal_650.jsonl,none+ga1bs16,10,2,5,5,10,0.60921,0.65057,0.65217,0.37087,0.95099,0.46281,0.60705,0.52517,0.97015,0.4999,4.3
pool_hu_harm_llama70b_full-balanced_refusal_650.jsonl,none+ga1bs16,10,3,5,5,10,0.66395,0.70524,0.57845,0.37087,0.96681,0.73967,0.55861,0.51359,0.97889,0.76989,4.4
pool_hu_harm_llama70b_full-balanced_refusal_650.jsonl,none+ga1bs16,10,4,5,5,10,0.66117,0.68866,0.62098,0.43802,0.9452,0.6405,0.56174,0.53921,0.97023,0.68347,4.9
pool_hu_harm_llama70b_full-balanced_refusal_650.jsonl,none+ga1bs16,10,5,5,5,10,0.63107,0.68436,0.5775,0.3688,0.9462,0.63177,0.57494,0.53765,0.96498,0.65988,4.5
pool_hu_harm_llama70b_full-balanced_refusal_650.jsonl,none+ga1bs16,10,6,5,5,10,0.63919,0.67061,0.56522,0.41736,0.96859,0.6056,0.5572,0.56538,0.97342,0.58642,4.5
pool_hu_harm_llama70b_full-balanced_refusal_650.jsonl,none+ga1bs16,10,7,5,5,10,0.51436,0.56878,0.52079,0.375,0.92337,0.23829,0.51146,0.54834,0.94496,0.27036,4.1
pool_hu_harm_llama70b_full-daily_dilemmas_650.jsonl,none+ga1bs16,10,0,5,5,10,0.60333,0.62948,0.5586,0.46488,0.75852,0.63131,0.52357,0.63166,0.76905,0.59366,4.5
pool_hu_harm_llama70b_full-daily_dilemmas_650.jsonl,none+ga1bs16,10,1,5,5,10,0.51863,0.57129,0.51229,0.42975,0.62286,0.50964,0.51362,0.636,0.62445,0.51109,4.2
pool_hu_harm_llama70b_full-daily_dilemmas_650.jsonl,none+ga1bs16,10,2,5,5,10,0.67238,0.69251,0.64367,0.46694,0.85576,0.72314,0.61419,0.62375,0.8273,0.70481,6.7
pool_hu_harm_llama70b_full-daily_dilemmas_650.jsonl,none+ga1bs16,10,3,5,5,10,0.53809,0.5656,0.55671,0.43285,0.57051,0.59229,0.55277,0.58588,0.56309,0.56065,4.1
pool_hu_harm_llama70b_full-daily_dilemmas_650.jsonl,none+ga1bs16,10,4,5,5,10,0.60034,0.61554,0.55104,0.52996,0.68857,0.63177,0.54325,0.66808,0.67997,0.57086,6.7
pool_hu_harm_llama70b_full-daily_dilemmas_650.jsonl,none+ga1bs16,10,5,5,5,10,0.64053,0.674,0.58885,0.50207,0.8082,0.66299,0.55288,0.66997,0.81498,0.65816,6.7
pool_hu_harm_llama70b_full-daily_dilemmas_650.jsonl,none+ga1bs16,10,6,5,5,10,0.60411,0.60319,0.56238,0.43698,0.77567,0.64141,0.56412,0.51882,0.74565,0.58418,7.0
pool_hu_harm_llama70b_full-daily_dilemmas_650.jsonl,none+ga1bs16,10,7,5,5,10,0.55781,0.56424,0.54253,0.52273,0.57184,0.59412,0.52509,0.63088,0.53534,0.56565,6.5
pool_hu_harm_llama70b_general_650.jsonl,none+ga1bs16,10,0,5,5,10,0.71787,0.72593,0.55955,0.57541,0.84763,0.88889,0.56996,0.67053,0.84659,0.81664,6.8
pool_hu_harm_llama70b_general_650.jsonl,none+ga1bs16,10,1,5,5,10,0.752,0.74479,0.60775,0.6219,0.88761,0.89073,0.60965,0.67465,0.8767,0.81815,5.8
pool_hu_harm_llama70b_general_650.jsonl,none+ga1bs16,10,2,5,5,10,0.7647,0.74969,0.72968,0.57955,0.82903,0.92057,0.72437,0.62107,0.80159,0.85173,5.1
pool_hu_harm_llama70b_general_650.jsonl,none+ga1bs16,10,3,5,5,10,0.77972,0.74717,0.71361,0.69318,0.82,0.8921,0.70285,0.71096,0.7916,0.78327,4.8
pool_hu_harm_llama70b_general_650.jsonl,none+ga1bs16,10,4,5,5,10,0.7631,0.77121,0.6758,0.59401,0.85743,0.92516,0.69864,0.66529,0.85996,0.86094,5.2
pool_hu_harm_llama70b_general_650.jsonl,none+ga1bs16,10,5,5,5,10,0.76508,0.75482,0.67202,0.63636,0.85342,0.89853,0.67744,0.67142,0.8417,0.82872,5.6
pool_hu_harm_llama70b_general_650.jsonl,none+ga1bs16,10,6,5,5,10,0.7329,0.73329,0.62287,0.63636,0.81377,0.85859,0.67193,0.63377,0.8267,0.80076,5.8
pool_hu_harm_llama70b_general_650.jsonl,none+ga1bs16,10,7,5,5,10,0.74291,0.75386,0.62004,0.68079,0.86823,0.80257,0.65257,0.73112,0.84019,0.79155,5.5
pool_hu_harm_llama70b_minimal-ai_dilemmas_650.jsonl,none+ga1bs16,10,0,5,5,10,0.66526,0.7149,0.55388,0.53719,0.817,0.75298,0.56445,0.7094,0.85066,0.73511,4.7
pool_hu_harm_llama70b_minimal-ai_dilemmas_650.jsonl,none+ga1bs16,10,1,5,5,10,0.68395,0.71607,0.53875,0.49793,0.91034,0.7888,0.54509,0.66852,0.91385,0.73683,6.0
pool_hu_harm_llama70b_minimal-ai_dilemmas_650.jsonl,none+ga1bs16,10,2,5,5,10,0.62628,0.68864,0.51229,0.36777,0.89318,0.73186,0.54693,0.63266,0.92124,0.65374,6.0
pool_hu_harm_llama70b_minimal-ai_dilemmas_650.jsonl,none+ga1bs16,10,3,5,5,10,0.6464,0.69056,0.569,0.4938,0.86623,0.65657,0.55169,0.66808,0.8891,0.65337,4.2
pool_hu_harm_llama70b_minimal-ai_dilemmas_650.jsonl,none+ga1bs16,10,4,5,5,10,0.56397,0.61833,0.50189,0.42872,0.80875,0.51653,0.50249,0.65104,0.81755,0.50224,4.4
pool_hu_harm_llama70b_minimal-ai_dilemmas_650.jsonl,none+ga1bs16,10,5,5,5,10,0.60068,0.65191,0.50473,0.39669,0.88282,0.61846,0.51773,0.61662,0.9102,0.5631,5.7
pool_hu_harm_llama70b_minimal-ai_dilemmas_650.jsonl,none+ga1bs16,10,6,5,5,10,0.653,0.67682,0.58318,0.50207,0.84495,0.68182,0.57753,0.67543,0.83584,0.61849,4.5
pool_hu_harm_llama70b_minimal-ai_dilemmas_650.jsonl,none+ga1bs16,10,7,5,5,10,0.56752,0.58044,0.49055,0.53616,0.74014,0.50321,0.50119,0.6311,0.7167,0.47277,4.3
pool_hu_harm_llama70b_minimal-ant_hh_650.jsonl,none+ga1bs16,10,0,5,5,10,0.76002,0.77557,0.79112,0.59814,0.87536,0.77548,0.67031,0.6389,0.93431,0.85876,6.5
pool_hu_harm_llama70b_minimal-ant_hh_650.jsonl,none+ga1bs16,10,1,5,5,10,0.70362,0.71353,0.70983,0.52789,0.92248,0.65427,0.6276,0.63544,0.91234,0.67873,6.9
pool_hu_harm_llama70b_minimal-ant_hh_650.jsonl,none+ga1bs16,10,2,5,5,10,0.68361,0.70148,0.62949,0.55888,0.86701,0.67906,0.59916,0.56349,0.88634,0.75692,6.8
pool_hu_harm_llama70b_minimal-ant_hh_650.jsonl,none+ga1bs16,10,3,5,5,10,0.68169,0.73183,0.69754,0.40393,0.90399,0.7213,0.62197,0.55992,0.94086,0.80456,6.8
pool_hu_harm_llama70b_minimal-ant_hh_650.jsonl,none+ga1bs16,10,4,5,5,10,0.66015,0.7403,0.65879,0.39566,0.83638,0.74977,0.63116,0.60704,0.8812,0.84178,6.5
pool_hu_harm_llama70b_minimal-ant_hh_650.jsonl,none+ga1bs16,10,5,5,5,10,0.70996,0.7338,0.66446,0.58884,0.87581,0.71074,0.61992,0.65026,0.89904,0.76598,6.5
pool_hu_harm_llama70b_minimal-ant_hh_650.jsonl,none+ga1bs16,10,6,5,5,10,0.68836,0.71117,0.63138,0.56921,0.90131,0.65152,0.60435,0.6761,0.90899,0.65525,6.4
pool_hu_harm_llama70b_minimal-ant_hh_650.jsonl,none+ga1bs16,10,7,5,5,10,0.72564,0.7415,0.73913,0.59091,0.9031,0.66942,0.65895,0.63967,0.92284,0.74453,6.6
pool_hu_harm_llama70b_minimal-balanced_refusal_650.jsonl,none+ga1bs16,10,0,5,5,10,0.67893,0.69965,0.69943,0.41942,0.8581,0.73875,0.60316,0.55536,0.88081,0.75927,5.2
pool_hu_harm_llama70b_minimal-balanced_refusal_650.jsonl,none+ga1bs16,10,1,5,5,10,0.85108,0.84724,0.90737,0.70455,0.9237,0.86869,0.86224,0.70472,0.90871,0.91327,5.0
pool_hu_harm_llama70b_minimal-balanced_refusal_650.jsonl,none+ga1bs16,10,2,5,5,10,0.75406,0.76741,0.73251,0.53202,0.87614,0.87557,0.67777,0.58008,0.90585,0.90592,6.7
pool_hu_harm_llama70b_minimal-balanced_refusal_650.jsonl,none+ga1bs16,10,3,5,5,10,0.72102,0.77762,0.76654,0.5031,0.8757,0.73875,0.78093,0.61606,0.88321,0.83028,6.9
pool_hu_harm_llama70b_minimal-balanced_refusal_650.jsonl,none+ga1bs16,10,4,5,5,10,0.79775,0.78485,0.87996,0.60434,0.90644,0.80028,0.80774,0.6174,0.90856,0.80571,6.9
pool_hu_harm_llama70b_minimal-balanced_refusal_650.jsonl,none+ga1bs16,10,5,5,5,10,0.68589,0.72203,0.66541,0.48657,0.91346,0.67815,0.58802,0.71675,0.93011,0.65322,6.1
pool_hu_harm_llama70b_minimal-balanced_refusal_650.jsonl,none+ga1bs16,10,6,5,5,10,0.7783,0.81186,0.89414,0.5155,0.87113,0.83242,0.82494,0.61495,0.93414,0.87344,6.9
pool_hu_harm_llama70b_minimal-balanced_refusal_650.jsonl,none+ga1bs16,10,7,5,5,10,0.72129,0.73482,0.65974,0.6157,0.83471,0.77502,0.61905,0.64368,0.87886,0.79769,6.9
pool_hu_harm_llama70b_minimal-daily_dilemmas_650.jsonl,none+ga1bs16,10,0,5,5,10,0.79797,0.83583,0.86673,0.44215,0.94865,0.93434,0.79628,0.67677,0.939,0.93128,4.7
pool_hu_harm_llama70b_minimal-daily_dilemmas_650.jsonl,none+ga1bs16,10,1,5,5,10,0.75032,0.77198,0.64178,0.55785,0.89808,0.90358,0.63181,0.68523,0.8854,0.88546,6.2
pool_hu_harm_llama70b_minimal-daily_dilemmas_650.jsonl,none+ga1bs16,10,2,5,5,10,0.69865,0.74003,0.55577,0.50517,0.86545,0.86823,0.5811,0.69069,0.86639,0.82195,6.9
pool_hu_harm_llama70b_minimal-daily_dilemmas_650.jsonl,none+ga1bs16,10,3,5,5,10,0.71889,0.77015,0.70038,0.41529,0.87469,0.88522,0.72578,0.63433,0.86659,0.85392,6.4
pool_hu_harm_llama70b_minimal-daily_dilemmas_650.jsonl,none+ga1bs16,10,4,5,5,10,0.74337,0.78769,0.69565,0.4938,0.9227,0.86134,0.68826,0.67097,0.93689,0.85464,7.1
pool_hu_harm_llama70b_minimal-daily_dilemmas_650.jsonl,none+ga1bs16,10,5,5,5,10,0.73847,0.78943,0.6862,0.50826,0.87235,0.88705,0.70891,0.6947,0.89443,0.85969,5.6
pool_hu_harm_llama70b_minimal-daily_dilemmas_650.jsonl,none+ga1bs16,10,6,5,5,10,0.70801,0.75163,0.62949,0.41116,0.86255,0.92883,0.65939,0.59323,0.87364,0.88026,6.6
pool_hu_harm_llama70b_minimal-daily_dilemmas_650.jsonl,none+ga1bs16,10,7,5,5,10,0.7429,0.79028,0.69849,0.48554,0.9198,0.86777,0.72621,0.6419,0.93134,0.86167,5.8
pool_hu_harm_nemotron_evaldescshape_650.jsonl,none+ga1bs16,10,0,5,5,10,0.56115,0.60519,0.53308,0.35227,0.8542,0.50505,0.51611,0.56315,0.85971,0.48178,6.9
pool_hu_harm_nemotron_evaldescshape_650.jsonl,none+ga1bs16,10,1,5,5,10,0.5621,0.58194,0.50945,0.54442,0.68579,0.50872,0.50108,0.61751,0.70926,0.4999,4.0
pool_hu_harm_nemotron_evaldescshape_650.jsonl,none+ga1bs16,10,2,5,5,10,0.54962,0.59409,0.50284,0.33781,0.7798,0.57805,0.49978,0.54099,0.81741,0.51817,4.1
pool_hu_harm_nemotron_evaldescshape_650.jsonl,none+ga1bs16,10,3,5,5,10,0.62888,0.65398,0.53308,0.47107,0.79327,0.71809,0.52444,0.69704,0.74691,0.64754,5.2
pool_hu_harm_nemotron_evaldescshape_650.jsonl,none+ga1bs16,10,4,5,5,10,0.55539,0.59233,0.52552,0.38223,0.78626,0.52755,0.51362,0.53219,0.81819,0.50531,4.1
pool_hu_harm_nemotron_evaldescshape_650.jsonl,none+ga1bs16,10,5,5,5,10,0.5641,0.60436,0.50095,0.58058,0.65649,0.51837,0.50162,0.72622,0.6658,0.52379,4.1
pool_hu_harm_nemotron_evaldescshape_650.jsonl,none+ga1bs16,10,6,5,5,10,0.65115,0.65839,0.58412,0.5031,0.82958,0.68779,0.54855,0.58989,0.88344,0.61167,6.2
pool_hu_harm_nemotron_evaldescshape_650.jsonl,none+ga1bs16,10,7,5,5,10,0.54927,0.60968,0.5104,0.43595,0.73925,0.51148,0.49773,0.6722,0.75785,0.51093,4.1
pool_hu_harm_nemotron_general_650.jsonl,none+ga1bs16,10,0,5,5,10,0.66361,0.71118,0.56711,0.39876,0.92916,0.75941,0.55288,0.64168,0.9172,0.73298,5.2
pool_hu_harm_nemotron_general_650.jsonl,none+ga1bs16,10,1,5,5,10,0.7315,0.7834,0.68715,0.39876,0.94386,0.89624,0.68523,0.64446,0.9523,0.85162,5.9
pool_hu_harm_nemotron_general_650.jsonl,none+ga1bs16,10,2,5,5,10,0.67202,0.70802,0.63705,0.45868,0.92292,0.66942,0.57504,0.66975,0.93794,0.64936,6.3
pool_hu_harm_nemotron_general_650.jsonl,none+ga1bs16,10,3,5,5,10,0.72524,0.7522,0.75992,0.59194,0.90677,0.64233,0.72243,0.65271,0.91948,0.71418,4.5
pool_hu_harm_nemotron_general_650.jsonl,none+ga1bs16,10,4,5,5,10,0.75604,0.7859,0.74764,0.44421,0.94019,0.8921,0.72697,0.62642,0.92929,0.86094,5.1
pool_hu_harm_nemotron_general_650.jsonl,none+ga1bs16,10,5,5,5,10,0.76062,0.80301,0.72401,0.50413,0.94932,0.86501,0.72253,0.68813,0.92325,0.87812,6.7
pool_hu_harm_nemotron_general_650.jsonl,none+ga1bs16,10,6,5,5,10,0.71118,0.7352,0.57561,0.51033,0.91947,0.8393,0.55623,0.67643,0.89992,0.8082,5.0
pool_hu_harm_nemotron_general_650.jsonl,none+ga1bs16,10,7,5,5,10,0.65726,0.686,0.56616,0.44525,0.92571,0.69192,0.52909,0.67654,0.92601,0.61235,5.3
