samples,base,n,draw,n_pos,n_neg,n_training_rows,dev_mean,eval_mean,dev_ai_dilemmas,dev_ant_hh,dev_balanced_refusal,dev_daily_dilemmas,eval_ai_dilemmas,eval_ant_hh,eval_balanced_refusal,eval_daily_dilemmas,seconds
pool_hu_harm_deepseekv4pro_evaldescshape_650.jsonl,none+ga4,590,0,295,295,590,0.87385,0.85086,0.94802,0.63223,0.97394,0.94123,0.91631,0.67354,0.9526,0.861,9.3
pool_hu_harm_deepseekv4pro_evaldescshape_650.jsonl,none+ga4,590,1,295,295,590,0.86938,0.84439,0.94045,0.63017,0.97349,0.93343,0.90009,0.65115,0.95662,0.86969,8.4
pool_hu_harm_deepseekv4pro_evaldescshape_650.jsonl,none+ga4,590,2,295,295,590,0.87376,0.84398,0.95652,0.6436,0.97204,0.92287,0.90301,0.65649,0.9487,0.86771,8.6
pool_hu_harm_deepseekv4pro_evaldescshape_650.jsonl,none+ga4,590,3,295,295,590,0.8787,0.85344,0.95652,0.63636,0.97795,0.94399,0.90852,0.66217,0.9585,0.88458,8.7
pool_hu_harm_deepseekv4pro_evaldescshape_650.jsonl,none+ga4,590,4,295,295,590,0.87587,0.83998,0.94423,0.64979,0.9765,0.93297,0.87305,0.66039,0.95354,0.87292,8.8
pool_hu_harm_deepseekv4pro_evaldescshape_650.jsonl,none+ga4,590,5,295,295,590,0.88034,0.85296,0.95841,0.64876,0.97572,0.93848,0.91977,0.66061,0.9554,0.87604,8.7
pool_hu_harm_deepseekv4pro_evaldescshape_650.jsonl,none+ga4,590,6,295,295,590,0.87161,0.84092,0.94802,0.64256,0.97438,0.92149,0.88506,0.66206,0.9541,0.86245,8.5
pool_hu_harm_deepseekv4pro_evaldescshape_650.jsonl,none+ga4,590,7,295,295,590,0.87546,0.85363,0.96219,0.6405,0.97171,0.92746,0.91187,0.66852,0.95144,0.88271,8.5
pool_hu_harm_deepseekv4pro_general_650.jsonl,none+ga4,590,0,295,295,590,0.84269,0.83755,0.98299,0.54752,0.97204,0.86823,0.94161,0.61751,0.97914,0.81195,10.5
pool_hu_harm_deepseekv4pro_general_650.jsonl,none+ga4,590,1,295,295,590,0.84816,0.84609,0.98299,0.54236,0.97427,0.89302,0.94442,0.62987,0.98104,0.82903,10.1
pool_hu_harm_deepseekv4pro_general_650.jsonl,none+ga4,590,2,295,295,590,0.84707,0.84065,0.98299,0.54959,0.97416,0.88154,0.94766,0.61762,0.97947,0.81784,16.5
pool_hu_harm_deepseekv4pro_general_650.jsonl,none+ga4,590,3,295,295,590,0.83596,0.83564,0.96692,0.53306,0.97149,0.87236,0.9308,0.61539,0.97811,0.81825,12.3
pool_hu_harm_deepseekv4pro_general_650.jsonl,none+ga4,590,4,295,295,590,0.8481,0.84404,0.98488,0.54855,0.97605,0.88292,0.94561,0.62675,0.98126,0.82252,20.8
pool_hu_harm_deepseekv4pro_general_650.jsonl,none+ga4,590,5,295,295,590,0.84708,0.84455,0.98204,0.54339,0.97494,0.88797,0.94377,0.62542,0.98031,0.82872,19.9
pool_hu_harm_deepseekv4pro_general_650.jsonl,none+ga4,590,6,295,295,590,0.84817,0.84475,0.97921,0.54752,0.97293,0.89302,0.94615,0.62597,0.9769,0.82997,11.2
pool_hu_harm_deepseekv4pro_general_650.jsonl,none+ga4,590,7,295,295,590,0.84951,0.84372,0.9811,0.55372,0.97527,0.88797,0.94345,0.62419,0.98091,0.82632,14.4
pool_hu_harm_gptoss_evaldescshape_650.jsonl,none+ga4,590,0,295,295,590,0.88236,0.86997,0.99433,0.67459,0.97026,0.89027,0.94204,0.727,0.95068,0.86016,8.7
pool_hu_harm_gptoss_evaldescshape_650.jsonl,none+ga4,590,1,295,295,590,0.88204,0.87667,0.99527,0.65083,0.9716,0.91047,0.94518,0.73056,0.95293,0.87802,9.0
pool_hu_harm_gptoss_evaldescshape_650.jsonl,none+ga4,590,2,295,295,590,0.87881,0.86431,0.99338,0.67149,0.9716,0.87879,0.93155,0.72466,0.95211,0.84892,8.7
pool_hu_harm_gptoss_evaldescshape_650.jsonl,none+ga4,590,3,295,295,590,0.8844,0.8725,0.99433,0.67149,0.97416,0.89761,0.93912,0.7231,0.95721,0.87057,9.0
pool_hu_harm_gptoss_evaldescshape_650.jsonl,none+ga4,590,4,295,295,590,0.88511,0.87399,0.99338,0.67355,0.9736,0.89991,0.94247,0.72767,0.95586,0.86995,8.4
pool_hu_harm_gptoss_evaldescshape_650.jsonl,none+ga4,590,5,295,295,590,0.8814,0.87095,0.99433,0.67355,0.9716,0.88613,0.93891,0.72655,0.9535,0.86485,9.4
pool_hu_harm_gptoss_evaldescshape_650.jsonl,none+ga4,590,6,295,295,590,0.88394,0.87254,0.99622,0.66529,0.97204,0.9022,0.94204,0.72344,0.9539,0.87078,8.9
pool_hu_harm_gptoss_evaldescshape_650.jsonl,none+ga4,590,7,295,295,590,0.88852,0.87268,0.99433,0.67975,0.97182,0.90817,0.94431,0.72098,0.95301,0.8724,8.9
pool_hu_harm_gptoss_general_650.jsonl,none+ga4,590,0,295,295,590,0.88128,0.87053,0.98866,0.59607,0.98218,0.95822,0.95923,0.65961,0.9728,0.89046,8.2
pool_hu_harm_gptoss_general_650.jsonl,none+ga4,590,1,295,295,590,0.87875,0.86423,0.98488,0.59401,0.97928,0.95684,0.95058,0.65794,0.9676,0.88078,8.2
pool_hu_harm_gptoss_general_650.jsonl,none+ga4,590,2,295,295,590,0.87094,0.8624,0.98015,0.57541,0.97917,0.94904,0.94799,0.65627,0.97039,0.87495,8.9
pool_hu_harm_gptoss_general_650.jsonl,none+ga4,590,3,295,295,590,0.87363,0.86116,0.98299,0.58471,0.97962,0.9472,0.94518,0.65672,0.97236,0.87037,8.0
pool_hu_harm_gptoss_general_650.jsonl,none+ga4,590,4,295,295,590,0.868,0.86072,0.97732,0.57231,0.97884,0.94353,0.94356,0.66017,0.96849,0.87068,7.9
pool_hu_harm_gptoss_general_650.jsonl,none+ga4,590,5,295,295,590,0.86734,0.86076,0.97921,0.57438,0.98006,0.93572,0.94291,0.6624,0.97139,0.86636,8.0
pool_hu_harm_gptoss_general_650.jsonl,none+ga4,590,6,295,295,590,0.86739,0.8645,0.98393,0.55682,0.97884,0.94995,0.95048,0.65738,0.97392,0.8762,8.1
pool_hu_harm_gptoss_general_650.jsonl,none+ga4,590,7,295,295,590,0.873,0.86167,0.98582,0.58161,0.97828,0.94628,0.94896,0.65649,0.96769,0.87354,8.1
pool_hu_harm_llama70b_evaldescshape_650.jsonl,none+ga4,590,0,295,295,590,0.84451,0.86128,0.9603,0.60021,0.94286,0.87466,0.93609,0.71753,0.94301,0.8485,9.3
pool_hu_harm_llama70b_evaldescshape_650.jsonl,none+ga4,590,1,295,295,590,0.84135,0.84882,0.95463,0.60331,0.92593,0.88154,0.93577,0.6937,0.9286,0.8372,20.3
pool_hu_harm_llama70b_evaldescshape_650.jsonl,none+ga4,590,2,295,295,590,0.83962,0.85557,0.95841,0.57541,0.94954,0.87511,0.92831,0.69815,0.95071,0.84512,17.9
pool_hu_harm_llama70b_evaldescshape_650.jsonl,none+ga4,590,3,295,295,590,0.83467,0.85172,0.94707,0.58368,0.94152,0.86639,0.92323,0.71519,0.94261,0.82585,9.1
pool_hu_harm_llama70b_evaldescshape_650.jsonl,none+ga4,590,4,295,295,590,0.83007,0.83811,0.93289,0.59504,0.94342,0.84894,0.89857,0.71452,0.94328,0.79607,10.6
pool_hu_harm_llama70b_evaldescshape_650.jsonl,none+ga4,590,5,295,295,590,0.83574,0.85238,0.95463,0.58471,0.94364,0.85996,0.93004,0.70617,0.94214,0.83116,9.7
pool_hu_harm_llama70b_evaldescshape_650.jsonl,none+ga4,590,6,295,295,590,0.83469,0.847,0.93667,0.58884,0.94041,0.87282,0.91339,0.70483,0.94417,0.82559,17.1
pool_hu_harm_llama70b_evaldescshape_650.jsonl,none+ga4,590,7,295,295,590,0.83809,0.84587,0.94991,0.59917,0.94331,0.85996,0.91544,0.69771,0.9458,0.82455,8.4
pool_hu_harm_llama70b_full-ai_dilemmas_650.jsonl,none+ga4,590,0,295,295,590,0.89218,0.89176,1.0,0.59711,0.98998,0.98163,0.98281,0.64747,0.9883,0.94846,13.6
pool_hu_harm_llama70b_full-ai_dilemmas_650.jsonl,none+ga4,590,1,295,295,590,0.89695,0.89058,1.0,0.61054,0.98964,0.9876,0.98086,0.64747,0.98309,0.95091,17.6
pool_hu_harm_llama70b_full-ai_dilemmas_650.jsonl,none+ga4,590,2,295,295,590,0.88405,0.89513,1.0,0.57231,0.9873,0.97658,0.98465,0.65816,0.98679,0.95091,15.5
pool_hu_harm_llama70b_full-ai_dilemmas_650.jsonl,none+ga4,590,3,295,295,590,0.88929,0.89386,1.0,0.58368,0.98864,0.98485,0.98475,0.64892,0.98861,0.95314,16.6
pool_hu_harm_llama70b_full-ai_dilemmas_650.jsonl,none+ga4,590,4,295,295,590,0.88414,0.89427,1.0,0.56612,0.9902,0.98026,0.98356,0.65026,0.98867,0.9546,14.4
pool_hu_harm_llama70b_full-ai_dilemmas_650.jsonl,none+ga4,590,5,295,295,590,0.89196,0.89264,1.0,0.59917,0.98886,0.9798,0.98356,0.64903,0.98862,0.94934,15.6
pool_hu_harm_llama70b_full-ai_dilemmas_650.jsonl,none+ga4,590,6,295,295,590,0.89422,0.89094,1.0,0.60227,0.9902,0.98439,0.98183,0.64435,0.98651,0.95106,14.6
pool_hu_harm_llama70b_full-ai_dilemmas_650.jsonl,none+ga4,590,7,295,295,590,0.89214,0.89074,1.0,0.59607,0.98764,0.98485,0.98259,0.64691,0.98519,0.94825,14.6
pool_hu_harm_llama70b_full-ant_hh_650.jsonl,none+ga4,590,0,295,295,590,0.81218,0.79578,0.79868,0.64979,0.95133,0.84894,0.82991,0.67509,0.92874,0.74938,19.7
pool_hu_harm_llama70b_full-ant_hh_650.jsonl,none+ga4,590,1,295,295,590,0.81874,0.80399,0.82892,0.64979,0.95556,0.84068,0.84299,0.68601,0.93306,0.7539,21.1
pool_hu_harm_llama70b_full-ant_hh_650.jsonl,none+ga4,590,2,295,295,590,0.77893,0.75591,0.7448,0.68388,0.85509,0.83196,0.76244,0.69926,0.8322,0.72975,8.0
pool_hu_harm_llama70b_full-ant_hh_650.jsonl,none+ga4,590,3,295,295,590,0.80597,0.78352,0.8138,0.64876,0.9413,0.82002,0.80753,0.67487,0.92261,0.72907,14.7
pool_hu_harm_llama70b_full-ant_hh_650.jsonl,none+ga4,590,4,295,295,590,0.80613,0.79297,0.7949,0.65496,0.94364,0.83104,0.83088,0.683,0.92427,0.7337,19.6
pool_hu_harm_llama70b_full-ant_hh_650.jsonl,none+ga4,590,5,295,295,590,0.80149,0.78507,0.75709,0.65806,0.94921,0.8416,0.80666,0.6742,0.92755,0.73188,21.3
pool_hu_harm_llama70b_full-ant_hh_650.jsonl,none+ga4,590,6,295,295,590,0.81649,0.80372,0.82987,0.65083,0.95834,0.82691,0.8497,0.68144,0.93624,0.7475,19.9
pool_hu_harm_llama70b_full-ant_hh_650.jsonl,none+ga4,590,7,295,295,590,0.81737,0.79887,0.80057,0.65599,0.96124,0.8517,0.8324,0.67944,0.9373,0.74636,20.6
pool_hu_harm_llama70b_full-balanced_refusal_650.jsonl,none+ga4,590,0,295,295,590,0.75419,0.75634,0.89792,0.4969,0.96536,0.65657,0.79996,0.68133,0.96964,0.57445,17.4
pool_hu_harm_llama70b_full-balanced_refusal_650.jsonl,none+ga4,590,1,295,295,590,0.74533,0.74718,0.87335,0.5062,0.96402,0.63774,0.78309,0.67487,0.96744,0.56331,13.9
pool_hu_harm_llama70b_full-balanced_refusal_650.jsonl,none+ga4,590,2,295,295,590,0.75104,0.74693,0.89036,0.50103,0.96402,0.64876,0.78676,0.66997,0.96735,0.56362,19.5
pool_hu_harm_llama70b_full-balanced_refusal_650.jsonl,none+ga4,590,3,295,295,590,0.75274,0.75555,0.89792,0.50517,0.96369,0.64417,0.80677,0.67766,0.96818,0.56961,15.3
pool_hu_harm_llama70b_full-balanced_refusal_650.jsonl,none+ga4,590,4,295,295,590,0.744,0.74577,0.89603,0.48657,0.95935,0.63407,0.7859,0.67387,0.9627,0.5606,13.5
pool_hu_harm_llama70b_full-balanced_refusal_650.jsonl,none+ga4,590,5,295,295,590,0.74885,0.75005,0.89319,0.4907,0.96503,0.64646,0.79066,0.67142,0.97006,0.56804,19.5
pool_hu_harm_llama70b_full-balanced_refusal_650.jsonl,none+ga4,590,6,295,295,590,0.75077,0.74959,0.89887,0.49793,0.96302,0.64325,0.78536,0.67565,0.96611,0.57122,16.7
pool_hu_harm_llama70b_full-balanced_refusal_650.jsonl,none+ga4,590,7,295,295,590,0.74518,0.74139,0.88752,0.50103,0.96224,0.62994,0.77747,0.67354,0.96526,0.5493,16.6
pool_hu_harm_llama70b_full-daily_dilemmas_650.jsonl,none+ga4,590,0,295,295,590,0.88442,0.88075,0.99338,0.58988,0.96681,0.9876,0.97881,0.61083,0.96059,0.97277,12.3
pool_hu_harm_llama70b_full-daily_dilemmas_650.jsonl,none+ga4,590,1,295,295,590,0.88752,0.87871,0.99527,0.60434,0.96425,0.98623,0.97946,0.60515,0.95846,0.97178,9.6
pool_hu_harm_llama70b_full-daily_dilemmas_650.jsonl,none+ga4,590,2,295,295,590,0.88916,0.88146,0.99433,0.60331,0.97416,0.98485,0.97891,0.61005,0.96589,0.971,14.1
pool_hu_harm_llama70b_full-daily_dilemmas_650.jsonl,none+ga4,590,3,295,295,590,0.88427,0.87922,0.99433,0.59814,0.96024,0.98439,0.97827,0.60671,0.96093,0.971,10.2
pool_hu_harm_llama70b_full-daily_dilemmas_650.jsonl,none+ga4,590,4,295,295,590,0.88354,0.88007,0.99244,0.59401,0.96057,0.98714,0.98064,0.60838,0.95934,0.97194,10.7
pool_hu_harm_llama70b_full-daily_dilemmas_650.jsonl,none+ga4,590,5,295,295,590,0.88907,0.88028,0.99433,0.60124,0.97538,0.98531,0.97794,0.60615,0.96692,0.97012,11.0
pool_hu_harm_llama70b_full-daily_dilemmas_650.jsonl,none+ga4,590,6,295,295,590,0.88594,0.87877,0.99244,0.60124,0.96246,0.9876,0.98021,0.60437,0.95847,0.97204,10.4
pool_hu_harm_llama70b_full-daily_dilemmas_650.jsonl,none+ga4,590,7,295,295,590,0.88654,0.87902,0.99433,0.60744,0.96001,0.98439,0.97827,0.6096,0.95748,0.97074,12.5
pool_hu_harm_llama70b_general_650.jsonl,none+ga4,590,0,295,295,590,0.8388,0.85021,0.90548,0.55269,0.97048,0.92654,0.89349,0.69292,0.96852,0.8459,20.6
pool_hu_harm_llama70b_general_650.jsonl,none+ga4,590,1,295,295,590,0.83974,0.8496,0.9017,0.56612,0.96736,0.92378,0.89392,0.70038,0.96621,0.83788,18.0
pool_hu_harm_llama70b_general_650.jsonl,none+ga4,590,2,295,295,590,0.83398,0.84607,0.88752,0.55682,0.96826,0.92332,0.88516,0.69247,0.96786,0.83877,20.9
pool_hu_harm_llama70b_general_650.jsonl,none+ga4,590,3,295,295,590,0.82763,0.84018,0.88941,0.54752,0.96358,0.91001,0.88073,0.69615,0.96418,0.81966,15.7
pool_hu_harm_llama70b_general_650.jsonl,none+ga4,590,4,295,295,590,0.84178,0.8554,0.90737,0.55269,0.97271,0.93434,0.9043,0.69804,0.96968,0.84959,18.8
pool_hu_harm_llama70b_general_650.jsonl,none+ga4,590,5,295,295,590,0.83435,0.84701,0.89603,0.55062,0.9697,0.92103,0.88635,0.69581,0.967,0.83887,21.8
pool_hu_harm_llama70b_general_650.jsonl,none+ga4,590,6,295,295,590,0.83593,0.84623,0.89981,0.56198,0.97238,0.90955,0.88062,0.69659,0.97044,0.83726,15.1
pool_hu_harm_llama70b_general_650.jsonl,none+ga4,590,7,295,295,590,0.83457,0.8476,0.90359,0.55165,0.96658,0.91644,0.89338,0.69448,0.96665,0.8359,18.5
pool_hu_harm_llama70b_minimal-ai_dilemmas_650.jsonl,none+ga4,590,0,295,295,590,0.77766,0.72973,0.67108,0.71798,0.88917,0.83242,0.61051,0.73001,0.86624,0.71215,18.8
pool_hu_harm_llama70b_minimal-ai_dilemmas_650.jsonl,none+ga4,590,1,295,295,590,0.77856,0.74863,0.67958,0.68182,0.90388,0.84894,0.64154,0.72221,0.88254,0.74823,20.9
pool_hu_harm_llama70b_minimal-ai_dilemmas_650.jsonl,none+ga4,590,2,295,295,590,0.78726,0.74877,0.6862,0.70971,0.89407,0.85904,0.63592,0.72878,0.87672,0.75364,19.7
pool_hu_harm_llama70b_minimal-ai_dilemmas_650.jsonl,none+ga4,590,3,295,295,590,0.76758,0.7359,0.65784,0.69731,0.88594,0.8292,0.61667,0.73067,0.87096,0.72527,19.8
pool_hu_harm_llama70b_minimal-ai_dilemmas_650.jsonl,none+ga4,590,4,295,295,590,0.78797,0.75336,0.69282,0.70145,0.90042,0.85721,0.65117,0.72566,0.88362,0.75297,22.7
pool_hu_harm_llama70b_minimal-ai_dilemmas_650.jsonl,none+ga4,590,5,295,295,590,0.78835,0.74538,0.71078,0.71281,0.89096,0.83884,0.64468,0.7397,0.87319,0.72397,23.0
pool_hu_harm_llama70b_minimal-ai_dilemmas_650.jsonl,none+ga4,590,6,295,295,590,0.77866,0.74104,0.6862,0.69421,0.89586,0.83838,0.62273,0.72555,0.8857,0.73016,23.2
pool_hu_harm_llama70b_minimal-ai_dilemmas_650.jsonl,none+ga4,590,7,295,295,590,0.76937,0.74124,0.66919,0.68388,0.89886,0.82553,0.6276,0.73468,0.8875,0.71517,22.2
pool_hu_harm_llama70b_minimal-ant_hh_650.jsonl,none+ga4,590,0,295,295,590,0.876,0.86777,0.98866,0.6312,0.9902,0.89394,0.96734,0.65148,0.99001,0.86224,11.5
pool_hu_harm_llama70b_minimal-ant_hh_650.jsonl,none+ga4,590,1,295,295,590,0.87473,0.86631,0.98866,0.62913,0.99042,0.89073,0.96529,0.65059,0.9902,0.85917,12.8
pool_hu_harm_llama70b_minimal-ant_hh_650.jsonl,none+ga4,590,2,295,295,590,0.87686,0.86675,0.99055,0.62293,0.99176,0.9022,0.96702,0.64591,0.99119,0.86287,12.4
pool_hu_harm_llama70b_minimal-ant_hh_650.jsonl,none+ga4,590,3,295,295,590,0.87493,0.86916,0.98866,0.61674,0.99076,0.90358,0.96853,0.64613,0.991,0.87099,14.9
pool_hu_harm_llama70b_minimal-ant_hh_650.jsonl,none+ga4,590,4,295,295,590,0.86897,0.86695,0.98866,0.61054,0.99009,0.88659,0.96324,0.65148,0.99079,0.8623,11.8
pool_hu_harm_llama70b_minimal-ant_hh_650.jsonl,none+ga4,590,5,295,295,590,0.87613,0.8704,0.99149,0.62913,0.99042,0.89348,0.96659,0.65883,0.99155,0.86464,11.8
pool_hu_harm_llama70b_minimal-ant_hh_650.jsonl,none+ga4,590,6,295,295,590,0.87592,0.86853,0.99055,0.61983,0.99109,0.9022,0.96832,0.64836,0.99129,0.86615,13.6
pool_hu_harm_llama70b_minimal-ant_hh_650.jsonl,none+ga4,590,7,295,295,590,0.8763,0.86647,0.98771,0.6343,0.99109,0.8921,0.96269,0.65404,0.99033,0.85881,11.8
pool_hu_harm_llama70b_minimal-balanced_refusal_650.jsonl,none+ga4,590,0,295,295,590,0.87444,0.86919,0.99055,0.61364,0.98998,0.90358,0.9601,0.65939,0.99028,0.86698,18.3
pool_hu_harm_llama70b_minimal-balanced_refusal_650.jsonl,none+ga4,590,1,295,295,590,0.87463,0.86862,0.98866,0.6126,0.98953,0.90771,0.95923,0.65872,0.99052,0.86599,10.4
pool_hu_harm_llama70b_minimal-balanced_refusal_650.jsonl,none+ga4,590,2,295,295,590,0.87468,0.86917,0.99055,0.61983,0.9912,0.89715,0.96313,0.66318,0.99025,0.86011,10.2
pool_hu_harm_llama70b_minimal-balanced_refusal_650.jsonl,none+ga4,590,3,295,295,590,0.87175,0.86702,0.99055,0.6064,0.99153,0.89853,0.95815,0.66017,0.99123,0.85855,20.3
pool_hu_harm_llama70b_minimal-balanced_refusal_650.jsonl,none+ga4,590,4,295,295,590,0.87256,0.8685,0.98866,0.60744,0.98964,0.9045,0.95869,0.66184,0.99013,0.86334,16.4
pool_hu_harm_llama70b_minimal-balanced_refusal_650.jsonl,none+ga4,590,5,295,295,590,0.87533,0.87033,0.98866,0.61983,0.99153,0.90129,0.96096,0.66418,0.99046,0.86573,14.3
pool_hu_harm_llama70b_minimal-balanced_refusal_650.jsonl,none+ga4,590,6,295,295,590,0.87218,0.86921,0.98866,0.60847,0.99076,0.90083,0.95988,0.65972,0.99031,0.86693,16.4
pool_hu_harm_llama70b_minimal-balanced_refusal_650.jsonl,none+ga4,590,7,295,295,590,0.87209,0.86726,0.98866,0.61674,0.99042,0.89256,0.95869,0.66351,0.98962,0.85719,17.5
pool_hu_harm_llama70b_minimal-daily_dilemmas_650.jsonl,none+ga4,590,0,295,295,590,0.87068,0.87247,0.99055,0.57541,0.95211,0.96465,0.95134,0.69336,0.93509,0.91009,17.6
pool_hu_harm_llama70b_minimal-daily_dilemmas_650.jsonl,none+ga4,590,1,295,295,590,0.86942,0.86985,0.9811,0.58058,0.95779,0.95822,0.93912,0.69347,0.94418,0.90264,11.4
pool_hu_harm_llama70b_minimal-daily_dilemmas_650.jsonl,none+ga4,590,2,295,295,590,0.86888,0.87321,0.9811,0.57438,0.95266,0.9674,0.95037,0.69303,0.94321,0.90624,13.3
pool_hu_harm_llama70b_minimal-daily_dilemmas_650.jsonl,none+ga4,590,3,295,295,590,0.87045,0.87416,0.99149,0.56818,0.95701,0.96511,0.94896,0.69414,0.94026,0.91327,11.4
pool_hu_harm_llama70b_minimal-daily_dilemmas_650.jsonl,none+ga4,590,4,295,295,590,0.86589,0.87224,0.98299,0.56715,0.94787,0.96556,0.95296,0.69303,0.92891,0.91405,10.7
pool_hu_harm_llama70b_minimal-daily_dilemmas_650.jsonl,none+ga4,590,5,295,295,590,0.86592,0.86617,0.98866,0.57645,0.94542,0.95317,0.94301,0.69336,0.9306,0.8977,11.4
pool_hu_harm_llama70b_minimal-daily_dilemmas_650.jsonl,none+ga4,590,6,295,295,590,0.86585,0.86802,0.98866,0.56818,0.95155,0.955,0.94399,0.69136,0.93835,0.89838,9.4
pool_hu_harm_llama70b_minimal-daily_dilemmas_650.jsonl,none+ga4,590,7,295,295,590,0.8773,0.8789,0.99433,0.57335,0.96358,0.97796,0.95804,0.68323,0.95019,0.92415,14.2
pool_hu_harm_nemotron_evaldescshape_650.jsonl,none+ga4,590,0,295,295,590,0.85195,0.86576,0.87902,0.60021,0.9667,0.96189,0.90128,0.69035,0.96363,0.9078,11.0
pool_hu_harm_nemotron_evaldescshape_650.jsonl,none+ga4,590,1,295,295,590,0.86588,0.877,0.91777,0.60744,0.96814,0.97016,0.92777,0.69526,0.96685,0.91811,11.3
pool_hu_harm_nemotron_evaldescshape_650.jsonl,none+ga4,590,2,295,295,590,0.85066,0.86598,0.88091,0.59711,0.96503,0.9596,0.90311,0.69058,0.96211,0.90811,12.2
pool_hu_harm_nemotron_evaldescshape_650.jsonl,none+ga4,590,3,295,295,590,0.85573,0.86472,0.89319,0.60434,0.96581,0.9596,0.90647,0.68846,0.96296,0.90098,10.3
pool_hu_harm_nemotron_evaldescshape_650.jsonl,none+ga4,590,4,295,295,590,0.86018,0.87595,0.91493,0.59504,0.96748,0.96327,0.9229,0.69648,0.96934,0.91509,9.5
pool_hu_harm_nemotron_evaldescshape_650.jsonl,none+ga4,590,5,295,295,590,0.86074,0.87486,0.91115,0.60021,0.96926,0.96235,0.9242,0.69615,0.96824,0.91087,9.5
pool_hu_harm_nemotron_evaldescshape_650.jsonl,none+ga4,590,6,295,295,590,0.8632,0.87522,0.91682,0.6064,0.96814,0.96143,0.92344,0.69526,0.965,0.91717,10.0
pool_hu_harm_nemotron_evaldescshape_650.jsonl,none+ga4,590,7,295,295,590,0.86088,0.87504,0.91304,0.59401,0.97137,0.96511,0.92096,0.69837,0.96755,0.91327,11.0
pool_hu_harm_nemotron_general_650.jsonl,none+ga4,590,0,295,295,590,0.80277,0.81277,0.84688,0.5062,0.97739,0.88062,0.8218,0.66173,0.97981,0.78774,12.2
pool_hu_harm_nemotron_general_650.jsonl,none+ga4,590,1,295,295,590,0.8201,0.82857,0.87051,0.52169,0.98184,0.90634,0.84548,0.6546,0.98339,0.8308,15.2
pool_hu_harm_nemotron_general_650.jsonl,none+ga4,590,2,295,295,590,0.81669,0.82727,0.86484,0.51963,0.97962,0.90266,0.84105,0.6595,0.98258,0.82596,11.6
pool_hu_harm_nemotron_general_650.jsonl,none+ga4,590,3,295,295,590,0.81782,0.83225,0.88469,0.50517,0.97739,0.90404,0.86073,0.65761,0.98105,0.8296,8.1
pool_hu_harm_nemotron_general_650.jsonl,none+ga4,590,4,295,295,590,0.79846,0.81513,0.84121,0.50517,0.97739,0.87006,0.82612,0.6673,0.97921,0.7879,8.2
pool_hu_harm_nemotron_general_650.jsonl,none+ga4,590,5,295,295,590,0.80562,0.81238,0.85917,0.50723,0.97683,0.87925,0.80688,0.66429,0.97977,0.79857,8.7
pool_hu_harm_nemotron_general_650.jsonl,none+ga4,590,6,295,295,590,0.81565,0.8255,0.87618,0.51756,0.97951,0.88935,0.84808,0.66195,0.98179,0.81018,7.6
pool_hu_harm_nemotron_general_650.jsonl,none+ga4,590,7,295,295,590,0.81541,0.82875,0.86767,0.5,0.98441,0.90955,0.84732,0.6546,0.98352,0.82955,12.5
pool_hu_harm_deepseekv4pro_evaldescshape_650.jsonl,none+ga4,350,0,175,175,350,0.89206,0.87491,0.96597,0.64153,0.98095,0.9798,0.94377,0.65282,0.9686,0.93445,7.8
pool_hu_harm_deepseekv4pro_evaldescshape_650.jsonl,none+ga4,350,1,175,175,350,0.87122,0.84797,0.94707,0.625,0.97572,0.9371,0.87976,0.66429,0.95603,0.89182,6.1
pool_hu_harm_deepseekv4pro_evaldescshape_650.jsonl,none+ga4,350,2,175,175,350,0.85367,0.82938,0.92439,0.60744,0.97561,0.90725,0.9042,0.66607,0.95601,0.79123,6.0
pool_hu_harm_deepseekv4pro_evaldescshape_650.jsonl,none+ga4,350,3,175,175,350,0.89164,0.86839,0.95841,0.63946,0.98062,0.98806,0.9269,0.66418,0.95876,0.92373,9.3
pool_hu_harm_deepseekv4pro_evaldescshape_650.jsonl,none+ga4,350,4,175,175,350,0.88056,0.87405,0.95463,0.62603,0.96959,0.97199,0.93826,0.6712,0.95741,0.92935,8.2
pool_hu_harm_deepseekv4pro_evaldescshape_650.jsonl,none+ga4,350,5,175,175,350,0.85713,0.82621,0.88091,0.63326,0.97772,0.93664,0.82818,0.65816,0.96474,0.85376,6.4
pool_hu_harm_deepseekv4pro_evaldescshape_650.jsonl,none+ga4,350,6,175,175,350,0.86796,0.83932,0.9017,0.63636,0.98151,0.95225,0.88073,0.65906,0.96362,0.85386,9.5
pool_hu_harm_deepseekv4pro_evaldescshape_650.jsonl,none+ga4,350,7,175,175,350,0.88456,0.87149,0.93384,0.64153,0.97572,0.98714,0.93317,0.67554,0.96624,0.91103,7.2
pool_hu_harm_deepseekv4pro_general_650.jsonl,none+ga4,350,0,175,175,350,0.8399,0.83345,0.98204,0.52376,0.97639,0.87741,0.93263,0.60414,0.98225,0.81476,9.7
pool_hu_harm_deepseekv4pro_general_650.jsonl,none+ga4,350,1,175,175,350,0.84661,0.84552,0.97921,0.53822,0.97093,0.89807,0.94301,0.63321,0.97295,0.83288,7.3
pool_hu_harm_deepseekv4pro_general_650.jsonl,none+ga4,350,2,175,175,350,0.82288,0.82769,0.94234,0.5124,0.97037,0.86639,0.89641,0.62174,0.97972,0.81289,6.6
pool_hu_harm_deepseekv4pro_general_650.jsonl,none+ga4,350,3,175,175,350,0.83626,0.8278,0.97543,0.54339,0.96948,0.85675,0.93242,0.61105,0.9739,0.79384,13.7
pool_hu_harm_deepseekv4pro_general_650.jsonl,none+ga4,350,4,175,175,350,0.84697,0.83774,0.98299,0.55475,0.97917,0.87098,0.93415,0.62553,0.9835,0.80779,11.0
pool_hu_harm_deepseekv4pro_general_650.jsonl,none+ga4,350,5,175,175,350,0.8481,0.84344,0.9811,0.53719,0.97327,0.90083,0.94604,0.62319,0.97904,0.82549,9.3
pool_hu_harm_deepseekv4pro_general_650.jsonl,none+ga4,350,6,175,175,350,0.83481,0.83661,0.96975,0.52893,0.97004,0.87052,0.92204,0.62987,0.97389,0.82065,15.3
pool_hu_harm_deepseekv4pro_general_650.jsonl,none+ga4,350,7,175,175,350,0.85012,0.84867,0.9811,0.54649,0.97115,0.90174,0.94496,0.64847,0.96885,0.83241,14.9
pool_hu_harm_gptoss_evaldescshape_650.jsonl,none+ga4,350,0,175,175,350,0.88007,0.8674,0.99244,0.66219,0.98274,0.88292,0.94366,0.73379,0.96419,0.82794,11.7
pool_hu_harm_gptoss_evaldescshape_650.jsonl,none+ga4,350,1,175,175,350,0.87412,0.86183,0.9811,0.66116,0.97316,0.88108,0.93274,0.72945,0.9564,0.82872,7.1
pool_hu_harm_gptoss_evaldescshape_650.jsonl,none+ga4,350,2,175,175,350,0.87483,0.86052,0.98866,0.65599,0.9667,0.88797,0.92625,0.71697,0.94986,0.84897,7.3
pool_hu_harm_gptoss_evaldescshape_650.jsonl,none+ga4,350,3,175,175,350,0.86799,0.84965,0.97353,0.6343,0.98029,0.88384,0.89738,0.71363,0.9542,0.8334,12.5
pool_hu_harm_gptoss_evaldescshape_650.jsonl,none+ga4,350,4,175,175,350,0.87805,0.86192,0.99338,0.64153,0.98151,0.89578,0.93728,0.70528,0.9514,0.85371,7.3
pool_hu_harm_gptoss_evaldescshape_650.jsonl,none+ga4,350,5,175,175,350,0.88051,0.85374,0.98488,0.65186,0.97895,0.90634,0.90474,0.70105,0.95109,0.85808,9.8
pool_hu_harm_gptoss_evaldescshape_650.jsonl,none+ga4,350,6,175,175,350,0.88491,0.87726,0.99244,0.68285,0.96859,0.89578,0.94918,0.74582,0.95321,0.86084,8.6
pool_hu_harm_gptoss_evaldescshape_650.jsonl,none+ga4,350,7,175,175,350,0.87601,0.86335,0.98488,0.65083,0.98084,0.88751,0.94128,0.71965,0.96236,0.83012,7.3
pool_hu_harm_gptoss_general_650.jsonl,none+ga4,350,0,175,175,350,0.87255,0.86047,0.98677,0.58884,0.97382,0.94077,0.9535,0.66151,0.96339,0.86349,6.0
pool_hu_harm_gptoss_general_650.jsonl,none+ga4,350,1,175,175,350,0.86844,0.85989,0.98488,0.56818,0.97717,0.94353,0.94453,0.65861,0.96808,0.86834,6.3
pool_hu_harm_gptoss_general_650.jsonl,none+ga4,350,2,175,175,350,0.87274,0.86587,0.98677,0.57335,0.98318,0.94766,0.94583,0.66652,0.97445,0.87667,6.4
pool_hu_harm_gptoss_general_650.jsonl,none+ga4,350,3,175,175,350,0.86392,0.8546,0.96881,0.57955,0.97572,0.93159,0.93826,0.65906,0.96674,0.85433,6.2
pool_hu_harm_gptoss_general_650.jsonl,none+ga4,350,4,175,175,350,0.87377,0.86639,0.98866,0.58058,0.97728,0.94858,0.95037,0.66351,0.96998,0.88172,12.1
pool_hu_harm_gptoss_general_650.jsonl,none+ga4,350,5,175,175,350,0.87255,0.86198,0.98488,0.58471,0.97984,0.94077,0.95556,0.65906,0.97175,0.86157,6.0
pool_hu_harm_gptoss_general_650.jsonl,none+ga4,350,6,175,175,350,0.86659,0.85187,0.97826,0.58471,0.96814,0.93526,0.93858,0.6624,0.9567,0.8498,6.1
pool_hu_harm_gptoss_general_650.jsonl,none+ga4,350,7,175,175,350,0.87686,0.86679,0.98771,0.59814,0.97806,0.94353,0.9575,0.65761,0.96714,0.88489,14.4
pool_hu_harm_llama70b_evaldescshape_650.jsonl,none+ga4,350,0,175,175,350,0.80365,0.80108,0.90265,0.59607,0.92615,0.78972,0.8723,0.69704,0.91574,0.71923,6.4
pool_hu_harm_llama70b_evaldescshape_650.jsonl,none+ga4,350,1,175,175,350,0.84378,0.85119,0.94802,0.60744,0.95467,0.86501,0.93545,0.68601,0.95183,0.83148,7.6
pool_hu_harm_llama70b_evaldescshape_650.jsonl,none+ga4,350,2,175,175,350,0.8386,0.85425,0.95747,0.61467,0.95812,0.82415,0.92582,0.71341,0.95905,0.81872,12.1
pool_hu_harm_llama70b_evaldescshape_650.jsonl,none+ga4,350,3,175,175,350,0.81663,0.81748,0.91115,0.58988,0.95467,0.81084,0.86484,0.70606,0.95519,0.74386,12.4
pool_hu_harm_llama70b_evaldescshape_650.jsonl,none+ga4,350,4,175,175,350,0.82845,0.84362,0.94518,0.59401,0.93395,0.84068,0.90744,0.7221,0.93538,0.80956,9.1
pool_hu_harm_llama70b_evaldescshape_650.jsonl,none+ga4,350,5,175,175,350,0.78757,0.80357,0.88658,0.52789,0.93462,0.80119,0.80926,0.71787,0.94253,0.74464,5.9
pool_hu_harm_llama70b_evaldescshape_650.jsonl,none+ga4,350,6,175,175,350,0.832,0.83177,0.9225,0.60227,0.94509,0.85813,0.90528,0.69202,0.93636,0.79342,12.5
pool_hu_harm_llama70b_evaldescshape_650.jsonl,none+ga4,350,7,175,175,350,0.82122,0.83083,0.91304,0.58988,0.95645,0.82553,0.86332,0.7172,0.95794,0.78488,14.4
pool_hu_harm_llama70b_full-ai_dilemmas_650.jsonl,none+ga4,350,0,175,175,350,0.8792,0.89164,0.99622,0.54339,0.9873,0.9899,0.97362,0.65672,0.98404,0.95221,10.0
pool_hu_harm_llama70b_full-ai_dilemmas_650.jsonl,none+ga4,350,1,175,175,350,0.87559,0.88081,1.0,0.53616,0.98686,0.97934,0.97286,0.61305,0.9918,0.94554,9.5
pool_hu_harm_llama70b_full-ai_dilemmas_650.jsonl,none+ga4,350,2,175,175,350,0.88624,0.88564,0.99149,0.58884,0.98942,0.97521,0.96497,0.65861,0.97996,0.93904,8.6
pool_hu_harm_llama70b_full-ai_dilemmas_650.jsonl,none+ga4,350,3,175,175,350,0.88294,0.8875,1.0,0.56095,0.99009,0.98072,0.9814,0.63277,0.98706,0.94877,12.5
pool_hu_harm_llama70b_full-ai_dilemmas_650.jsonl,none+ga4,350,4,175,175,350,0.88062,0.89478,0.99811,0.56095,0.98407,0.97934,0.97243,0.67665,0.97871,0.95132,9.4
pool_hu_harm_llama70b_full-ai_dilemmas_650.jsonl,none+ga4,350,5,175,175,350,0.88606,0.89266,1.0,0.58161,0.98652,0.97612,0.9774,0.65761,0.97992,0.9557,13.3
pool_hu_harm_llama70b_full-ai_dilemmas_650.jsonl,none+ga4,350,6,175,175,350,0.8806,0.88646,1.0,0.55475,0.98875,0.97888,0.97816,0.62965,0.99086,0.94716,6.1
pool_hu_harm_llama70b_full-ai_dilemmas_650.jsonl,none+ga4,350,7,175,175,350,0.88705,0.89511,1.0,0.57541,0.98886,0.98393,0.98346,0.65828,0.98411,0.9546,11.0
pool_hu_harm_llama70b_full-ant_hh_650.jsonl,none+ga4,350,0,175,175,350,0.77041,0.75667,0.76276,0.66116,0.89875,0.75895,0.75768,0.6967,0.88067,0.69164,6.3
pool_hu_harm_llama70b_full-ant_hh_650.jsonl,none+ga4,350,1,175,175,350,0.80264,0.7853,0.82798,0.65806,0.88294,0.8416,0.8218,0.69258,0.8642,0.7626,6.3
pool_hu_harm_llama70b_full-ant_hh_650.jsonl,none+ga4,350,2,175,175,350,0.79197,0.78364,0.79584,0.65909,0.92459,0.78834,0.80471,0.66741,0.91583,0.74662,10.4
pool_hu_harm_llama70b_full-ant_hh_650.jsonl,none+ga4,350,3,175,175,350,0.79559,0.78327,0.79206,0.64256,0.96124,0.7865,0.7926,0.67264,0.94168,0.72616,15.3
pool_hu_harm_llama70b_full-ant_hh_650.jsonl,none+ga4,350,4,175,175,350,0.82182,0.80104,0.85633,0.63017,0.96425,0.83655,0.8564,0.66741,0.94736,0.73298,14.7
pool_hu_harm_llama70b_full-ant_hh_650.jsonl,none+ga4,350,5,175,175,350,0.76942,0.74864,0.76465,0.67769,0.89385,0.74151,0.75487,0.69492,0.87302,0.67175,6.2
pool_hu_harm_llama70b_full-ant_hh_650.jsonl,none+ga4,350,6,175,175,350,0.76829,0.76496,0.70699,0.64566,0.93261,0.78788,0.75627,0.69002,0.91291,0.70065,14.9
pool_hu_harm_llama70b_full-ant_hh_650.jsonl,none+ga4,350,7,175,175,350,0.80065,0.79005,0.80624,0.6343,0.95121,0.81084,0.82353,0.66618,0.93141,0.73907,15.8
pool_hu_harm_llama70b_full-balanced_refusal_650.jsonl,none+ga4,350,0,175,175,350,0.72776,0.73387,0.85917,0.47107,0.96692,0.61387,0.76654,0.66897,0.97614,0.52384,14.0
pool_hu_harm_llama70b_full-balanced_refusal_650.jsonl,none+ga4,350,1,175,175,350,0.71669,0.73497,0.86767,0.45764,0.96658,0.57484,0.76881,0.67665,0.97341,0.52098,11.0
pool_hu_harm_llama70b_full-balanced_refusal_650.jsonl,none+ga4,350,2,175,175,350,0.70456,0.71124,0.77883,0.5,0.96458,0.57484,0.70978,0.68133,0.9702,0.48365,10.2
pool_hu_harm_llama70b_full-balanced_refusal_650.jsonl,none+ga4,350,3,175,175,350,0.72843,0.73048,0.84972,0.48864,0.96335,0.61203,0.73713,0.67977,0.96713,0.5379,9.8
pool_hu_harm_llama70b_full-balanced_refusal_650.jsonl,none+ga4,350,4,175,175,350,0.71521,0.72763,0.81758,0.48244,0.96625,0.59458,0.7606,0.67142,0.97174,0.50677,10.6
pool_hu_harm_llama70b_full-balanced_refusal_650.jsonl,none+ga4,350,5,175,175,350,0.72314,0.73367,0.85444,0.47211,0.96915,0.59688,0.77984,0.66875,0.97821,0.50786,14.3
pool_hu_harm_llama70b_full-balanced_refusal_650.jsonl,none+ga4,350,6,175,175,350,0.71014,0.72336,0.83554,0.47521,0.96647,0.56336,0.74978,0.68144,0.97326,0.48896,12.0
pool_hu_harm_llama70b_full-balanced_refusal_650.jsonl,none+ga4,350,7,175,175,350,0.72532,0.73288,0.83648,0.47727,0.96491,0.62259,0.75519,0.68245,0.96905,0.52483,11.3
pool_hu_harm_llama70b_full-daily_dilemmas_650.jsonl,none+ga4,350,0,175,175,350,0.88825,0.87989,0.99244,0.6064,0.96792,0.98623,0.97654,0.60793,0.96394,0.97116,6.4
pool_hu_harm_llama70b_full-daily_dilemmas_650.jsonl,none+ga4,350,1,175,175,350,0.89091,0.88523,0.99622,0.59917,0.98017,0.98806,0.97989,0.61729,0.97174,0.97199,12.4
pool_hu_harm_llama70b_full-daily_dilemmas_650.jsonl,none+ga4,350,2,175,175,350,0.88074,0.87287,0.99244,0.56818,0.9775,0.98485,0.97426,0.57886,0.9671,0.97126,15.0
pool_hu_harm_llama70b_full-daily_dilemmas_650.jsonl,none+ga4,350,3,175,175,350,0.88851,0.88082,0.99527,0.59917,0.97427,0.98531,0.97913,0.60515,0.96837,0.97064,13.2
pool_hu_harm_llama70b_full-daily_dilemmas_650.jsonl,none+ga4,350,4,175,175,350,0.88957,0.87622,0.99055,0.6095,0.97015,0.98806,0.97297,0.60949,0.95049,0.97194,7.9
pool_hu_harm_llama70b_full-daily_dilemmas_650.jsonl,none+ga4,350,5,175,175,350,0.88098,0.87655,0.99055,0.59917,0.95166,0.98255,0.97805,0.60971,0.94865,0.9698,7.2
pool_hu_harm_llama70b_full-daily_dilemmas_650.jsonl,none+ga4,350,6,175,175,350,0.88394,0.87372,0.99244,0.59298,0.96458,0.98577,0.97545,0.59846,0.94863,0.97236,11.8
pool_hu_harm_llama70b_full-daily_dilemmas_650.jsonl,none+ga4,350,7,175,175,350,0.88916,0.87649,0.99244,0.6095,0.96848,0.98623,0.97751,0.60225,0.9561,0.97012,15.7
pool_hu_harm_llama70b_general_650.jsonl,none+ga4,350,0,175,175,350,0.83787,0.84084,0.9121,0.56818,0.9589,0.9123,0.88452,0.69726,0.95824,0.82335,14.6
pool_hu_harm_llama70b_general_650.jsonl,none+ga4,350,1,175,175,350,0.83566,0.84176,0.90643,0.56302,0.96135,0.91185,0.88062,0.69481,0.96111,0.83049,15.1
pool_hu_harm_llama70b_general_650.jsonl,none+ga4,350,2,175,175,350,0.81709,0.81975,0.86673,0.55165,0.95923,0.89073,0.83986,0.68746,0.95935,0.79233,14.8
pool_hu_harm_llama70b_general_650.jsonl,none+ga4,350,3,175,175,350,0.83842,0.84233,0.90926,0.57541,0.96725,0.90174,0.87889,0.70461,0.96429,0.82153,12.3
pool_hu_harm_llama70b_general_650.jsonl,none+ga4,350,4,175,175,350,0.82945,0.84097,0.88469,0.55372,0.96937,0.91001,0.87695,0.69236,0.9695,0.82507,11.6
pool_hu_harm_llama70b_general_650.jsonl,none+ga4,350,5,175,175,350,0.80981,0.81595,0.81947,0.57128,0.955,0.89348,0.8191,0.70105,0.9521,0.79155,12.1
pool_hu_harm_llama70b_general_650.jsonl,none+ga4,350,6,175,175,350,0.83739,0.84516,0.89792,0.56818,0.97071,0.91276,0.879,0.69626,0.97087,0.8345,11.9
pool_hu_harm_llama70b_general_650.jsonl,none+ga4,350,7,175,175,350,0.82878,0.83164,0.88091,0.57335,0.95912,0.90174,0.85727,0.70996,0.95778,0.80154,15.2
pool_hu_harm_llama70b_minimal-ai_dilemmas_650.jsonl,none+ga4,350,0,175,175,350,0.74924,0.72402,0.65312,0.63533,0.9119,0.7966,0.59818,0.71185,0.8985,0.68753,13.0
pool_hu_harm_llama70b_minimal-ai_dilemmas_650.jsonl,none+ga4,350,1,175,175,350,0.74726,0.71895,0.66446,0.68492,0.86556,0.7741,0.6104,0.74493,0.84626,0.6742,11.2
pool_hu_harm_llama70b_minimal-ai_dilemmas_650.jsonl,none+ga4,350,2,175,175,350,0.71939,0.70056,0.5879,0.71798,0.8444,0.72727,0.56531,0.76498,0.82232,0.64963,6.9
pool_hu_harm_llama70b_minimal-ai_dilemmas_650.jsonl,none+ga4,350,3,175,175,350,0.75152,0.70822,0.63705,0.74277,0.82279,0.80349,0.60186,0.74727,0.7944,0.68935,6.9
pool_hu_harm_llama70b_minimal-ai_dilemmas_650.jsonl,none+ga4,350,4,175,175,350,0.75222,0.71386,0.65879,0.71281,0.86456,0.77273,0.60467,0.73468,0.83876,0.67732,12.5
pool_hu_harm_llama70b_minimal-ai_dilemmas_650.jsonl,none+ga4,350,5,175,175,350,0.74979,0.72141,0.62949,0.69628,0.85932,0.81405,0.60283,0.7368,0.84186,0.70413,15.0
pool_hu_harm_llama70b_minimal-ai_dilemmas_650.jsonl,none+ga4,350,6,175,175,350,0.74973,0.71715,0.63516,0.71591,0.84573,0.80211,0.60867,0.7378,0.82415,0.69799,15.9
pool_hu_harm_llama70b_minimal-ai_dilemmas_650.jsonl,none+ga4,350,7,175,175,350,0.75745,0.72359,0.65406,0.71798,0.85153,0.80624,0.61873,0.74137,0.82848,0.7058,6.1
pool_hu_harm_llama70b_minimal-ant_hh_650.jsonl,none+ga4,350,0,175,175,350,0.8702,0.8664,0.98299,0.62397,0.98908,0.88476,0.95956,0.65928,0.9888,0.85798,10.4
pool_hu_harm_llama70b_minimal-ant_hh_650.jsonl,none+ga4,350,1,175,175,350,0.87269,0.86951,0.9896,0.62087,0.98864,0.89164,0.96529,0.66151,0.99003,0.8612,9.0
pool_hu_harm_llama70b_minimal-ant_hh_650.jsonl,none+ga4,350,2,175,175,350,0.86675,0.85832,0.98866,0.6219,0.99187,0.86455,0.96248,0.6438,0.98805,0.83897,9.7
pool_hu_harm_llama70b_minimal-ant_hh_650.jsonl,none+ga4,350,3,175,175,350,0.87736,0.86482,0.98866,0.62913,0.99176,0.89991,0.9668,0.64123,0.99041,0.86084,13.9
pool_hu_harm_llama70b_minimal-ant_hh_650.jsonl,none+ga4,350,4,175,175,350,0.86985,0.86466,0.98677,0.6343,0.9892,0.86915,0.96226,0.65427,0.99151,0.85058,13.8
pool_hu_harm_llama70b_minimal-ant_hh_650.jsonl,none+ga4,350,5,175,175,350,0.86855,0.86573,0.98866,0.625,0.98908,0.87144,0.96291,0.66429,0.99029,0.84543,10.1
pool_hu_harm_llama70b_minimal-ant_hh_650.jsonl,none+ga4,350,6,175,175,350,0.8718,0.85913,0.98866,0.62293,0.99131,0.8843,0.96183,0.63221,0.99009,0.85241,7.2
pool_hu_harm_llama70b_minimal-ant_hh_650.jsonl,none+ga4,350,7,175,175,350,0.86744,0.85941,0.98771,0.61157,0.98986,0.88062,0.9654,0.64669,0.98802,0.83752,11.7
pool_hu_harm_llama70b_minimal-balanced_refusal_650.jsonl,none+ga4,350,0,175,175,350,0.87021,0.86489,0.99149,0.59917,0.9912,0.89899,0.96032,0.64636,0.99,0.86287,9.5
pool_hu_harm_llama70b_minimal-balanced_refusal_650.jsonl,none+ga4,350,1,175,175,350,0.87549,0.86862,0.99244,0.625,0.99243,0.8921,0.95999,0.66529,0.991,0.85818,11.5
pool_hu_harm_llama70b_minimal-balanced_refusal_650.jsonl,none+ga4,350,2,175,175,350,0.8717,0.86737,0.99433,0.6095,0.99087,0.8921,0.95859,0.65839,0.98936,0.86313,13.1
pool_hu_harm_llama70b_minimal-balanced_refusal_650.jsonl,none+ga4,350,3,175,175,350,0.8726,0.86561,0.98677,0.61467,0.99042,0.89853,0.9548,0.65583,0.98806,0.86375,9.8
pool_hu_harm_llama70b_minimal-balanced_refusal_650.jsonl,none+ga4,350,4,175,175,350,0.86379,0.8619,0.98677,0.60744,0.99042,0.87052,0.95588,0.66151,0.98821,0.84199,7.3
pool_hu_harm_llama70b_minimal-balanced_refusal_650.jsonl,none+ga4,350,5,175,175,350,0.86542,0.86033,0.9811,0.61467,0.98942,0.87649,0.95458,0.65493,0.98824,0.84355,6.5
pool_hu_harm_llama70b_minimal-balanced_refusal_650.jsonl,none+ga4,350,6,175,175,350,0.86869,0.86499,0.98677,0.61054,0.99087,0.88659,0.95945,0.65883,0.98946,0.8522,8.3
pool_hu_harm_llama70b_minimal-balanced_refusal_650.jsonl,none+ga4,350,7,175,175,350,0.86848,0.86278,0.99055,0.61054,0.99176,0.88108,0.95642,0.64669,0.99159,0.85641,7.5
pool_hu_harm_llama70b_minimal-daily_dilemmas_650.jsonl,none+ga4,350,0,175,175,350,0.87262,0.87596,0.99244,0.57128,0.9667,0.96006,0.94734,0.69425,0.9592,0.90306,10.9
pool_hu_harm_llama70b_minimal-daily_dilemmas_650.jsonl,none+ga4,350,1,175,175,350,0.8639,0.86249,0.97353,0.57335,0.96012,0.94858,0.92809,0.68679,0.94904,0.88604,11.1
pool_hu_harm_llama70b_minimal-daily_dilemmas_650.jsonl,none+ga4,350,2,175,175,350,0.87218,0.87976,0.99622,0.54649,0.97538,0.97062,0.96064,0.67409,0.96605,0.91826,15.0
pool_hu_harm_llama70b_minimal-daily_dilemmas_650.jsonl,none+ga4,350,3,175,175,350,0.87404,0.88181,0.98866,0.57748,0.95667,0.97337,0.96767,0.68835,0.95164,0.91956,14.8
pool_hu_harm_llama70b_minimal-daily_dilemmas_650.jsonl,none+ga4,350,4,175,175,350,0.86746,0.86562,0.98582,0.57438,0.9638,0.94582,0.93339,0.68712,0.95826,0.88369,8.5
pool_hu_harm_llama70b_minimal-daily_dilemmas_650.jsonl,none+ga4,350,5,175,175,350,0.85897,0.85402,0.98393,0.56508,0.93462,0.95225,0.92982,0.68345,0.92004,0.88276,6.6
pool_hu_harm_llama70b_minimal-daily_dilemmas_650.jsonl,none+ga4,350,6,175,175,350,0.87541,0.87167,0.99338,0.57438,0.97338,0.96051,0.93696,0.68724,0.96403,0.89848,10.6
pool_hu_harm_llama70b_minimal-daily_dilemmas_650.jsonl,none+ga4,350,7,175,175,350,0.87899,0.88613,0.99622,0.57025,0.97059,0.97888,0.95848,0.68957,0.9642,0.93227,14.7
pool_hu_harm_nemotron_evaldescshape_650.jsonl,none+ga4,350,0,175,175,350,0.84427,0.85192,0.88658,0.58574,0.96904,0.93572,0.87219,0.68768,0.97483,0.87297,8.7
pool_hu_harm_nemotron_evaldescshape_650.jsonl,none+ga4,350,1,175,175,350,0.84855,0.85924,0.88847,0.59194,0.96982,0.94399,0.89695,0.68935,0.96884,0.88182,11.8
pool_hu_harm_nemotron_evaldescshape_650.jsonl,none+ga4,350,2,175,175,350,0.8153,0.82606,0.79584,0.57955,0.95834,0.92746,0.81801,0.69247,0.9541,0.83965,6.8
pool_hu_harm_nemotron_evaldescshape_650.jsonl,none+ga4,350,3,175,175,350,0.86236,0.87677,0.90643,0.59091,0.97783,0.97429,0.91728,0.69949,0.97195,0.91837,10.1
pool_hu_harm_nemotron_evaldescshape_650.jsonl,none+ga4,350,4,175,175,350,0.8499,0.86926,0.90832,0.56612,0.97293,0.95225,0.91176,0.6918,0.97218,0.90129,8.8
pool_hu_harm_nemotron_evaldescshape_650.jsonl,none+ga4,350,5,175,175,350,0.85911,0.87226,0.90548,0.58574,0.9746,0.97062,0.90787,0.68879,0.97776,0.91462,10.5
pool_hu_harm_nemotron_evaldescshape_650.jsonl,none+ga4,350,6,175,175,350,0.85255,0.86344,0.88847,0.59298,0.96503,0.96373,0.88571,0.69225,0.96526,0.91056,9.5
pool_hu_harm_nemotron_evaldescshape_650.jsonl,none+ga4,350,7,175,175,350,0.86282,0.87295,0.90926,0.58574,0.98106,0.97521,0.90225,0.69191,0.97931,0.91832,11.9
pool_hu_harm_nemotron_general_650.jsonl,none+ga4,350,0,175,175,350,0.81147,0.8247,0.87335,0.50826,0.97906,0.88522,0.84948,0.66173,0.97899,0.80862,8.7
pool_hu_harm_nemotron_general_650.jsonl,none+ga4,350,1,175,175,350,0.82652,0.83754,0.90926,0.51136,0.97683,0.90863,0.88516,0.64847,0.98255,0.83398,13.0
pool_hu_harm_nemotron_general_650.jsonl,none+ga4,350,2,175,175,350,0.82689,0.8368,0.91021,0.52273,0.97884,0.89578,0.88581,0.6605,0.97878,0.82211,6.6
pool_hu_harm_nemotron_general_650.jsonl,none+ga4,350,3,175,175,350,0.81242,0.82701,0.88752,0.49174,0.98062,0.88981,0.85316,0.6546,0.98261,0.81768,11.0
pool_hu_harm_nemotron_general_650.jsonl,none+ga4,350,4,175,175,350,0.80367,0.81275,0.86295,0.50207,0.98051,0.86915,0.82418,0.65638,0.97858,0.79186,6.0
pool_hu_harm_nemotron_general_650.jsonl,none+ga4,350,5,175,175,350,0.80966,0.81836,0.85444,0.52273,0.97717,0.8843,0.83488,0.65705,0.98037,0.80112,6.3
pool_hu_harm_nemotron_general_650.jsonl,none+ga4,350,6,175,175,350,0.79853,0.81522,0.84216,0.49587,0.98006,0.87603,0.82515,0.66217,0.98005,0.79352,6.0
pool_hu_harm_nemotron_general_650.jsonl,none+ga4,350,7,175,175,350,0.78565,0.79544,0.82987,0.46798,0.97973,0.86501,0.77747,0.65115,0.98242,0.77072,6.1
pool_hu_harm_deepseekv4pro_evaldescshape_650.jsonl,none+ga4,170,0,85,85,170,0.86623,0.84405,0.93573,0.6095,0.97293,0.94674,0.89295,0.65984,0.96725,0.85615,6.3
pool_hu_harm_deepseekv4pro_evaldescshape_650.jsonl,none+ga4,170,1,85,85,170,0.84979,0.82063,0.91304,0.59814,0.97338,0.9146,0.86927,0.64714,0.95688,0.80925,6.2
pool_hu_harm_deepseekv4pro_evaldescshape_650.jsonl,none+ga4,170,2,85,85,170,0.77433,0.77622,0.69754,0.59194,0.97082,0.83701,0.73627,0.67944,0.96249,0.72668,5.5
pool_hu_harm_deepseekv4pro_evaldescshape_650.jsonl,none+ga4,170,3,85,85,170,0.88939,0.866,0.9603,0.63533,0.98441,0.9775,0.93285,0.66841,0.97549,0.88723,9.7
pool_hu_harm_deepseekv4pro_evaldescshape_650.jsonl,none+ga4,170,4,85,85,170,0.85734,0.82089,0.90359,0.6188,0.9648,0.94215,0.79909,0.68913,0.97184,0.82351,8.9
pool_hu_harm_deepseekv4pro_evaldescshape_650.jsonl,none+ga4,170,5,85,85,170,0.87968,0.86296,0.94234,0.62707,0.98786,0.96143,0.89836,0.66997,0.97691,0.9066,5.8
pool_hu_harm_deepseekv4pro_evaldescshape_650.jsonl,none+ga4,170,6,85,85,170,0.86904,0.85617,0.89225,0.65496,0.97761,0.95133,0.87457,0.6967,0.97962,0.8738,7.5
pool_hu_harm_deepseekv4pro_evaldescshape_650.jsonl,none+ga4,170,7,85,85,170,0.82716,0.82248,0.8327,0.58058,0.96792,0.92746,0.84375,0.68523,0.9712,0.78972,10.5
pool_hu_harm_deepseekv4pro_general_650.jsonl,none+ga4,170,0,85,85,170,0.84128,0.83908,0.96219,0.54855,0.97694,0.87741,0.91933,0.63299,0.98019,0.82382,8.8
pool_hu_harm_deepseekv4pro_general_650.jsonl,none+ga4,170,1,85,85,170,0.81538,0.82166,0.94423,0.48967,0.96581,0.8618,0.891,0.61584,0.97652,0.80326,5.7
pool_hu_harm_deepseekv4pro_general_650.jsonl,none+ga4,170,2,85,85,170,0.80899,0.8128,0.93478,0.49897,0.96614,0.83609,0.89198,0.59356,0.97194,0.79373,9.8
pool_hu_harm_deepseekv4pro_general_650.jsonl,none+ga4,170,3,85,85,170,0.82358,0.81409,0.93762,0.54132,0.96826,0.84711,0.88873,0.60503,0.97423,0.78837,8.7
pool_hu_harm_deepseekv4pro_general_650.jsonl,none+ga4,170,4,85,85,170,0.81346,0.80407,0.94707,0.5186,0.97093,0.81726,0.88862,0.58966,0.97628,0.76171,7.6
pool_hu_harm_deepseekv4pro_general_650.jsonl,none+ga4,170,5,85,85,170,0.8385,0.82868,0.97732,0.53099,0.97472,0.87098,0.91923,0.60659,0.97815,0.81076,6.7
pool_hu_harm_deepseekv4pro_general_650.jsonl,none+ga4,170,6,85,85,170,0.82612,0.82207,0.96503,0.50103,0.96926,0.86915,0.9109,0.60359,0.97782,0.79597,5.8
pool_hu_harm_deepseekv4pro_general_650.jsonl,none+ga4,170,7,85,85,170,0.81879,0.80764,0.9414,0.52686,0.96302,0.84389,0.87965,0.592,0.97018,0.78873,5.6
pool_hu_harm_gptoss_evaldescshape_650.jsonl,none+ga4,170,0,85,85,170,0.81505,0.79488,0.8913,0.62707,0.96681,0.77502,0.79487,0.71876,0.94966,0.71621,9.3
pool_hu_harm_gptoss_evaldescshape_650.jsonl,none+ga4,170,1,85,85,170,0.83646,0.80574,0.90926,0.65186,0.94954,0.83517,0.84418,0.71542,0.89665,0.76671,9.6
pool_hu_harm_gptoss_evaldescshape_650.jsonl,none+ga4,170,2,85,85,170,0.84747,0.8326,0.97921,0.64153,0.98173,0.78742,0.88592,0.72566,0.95846,0.76036,9.8
pool_hu_harm_gptoss_evaldescshape_650.jsonl,none+ga4,170,3,85,85,170,0.87275,0.85411,0.98677,0.6281,0.98218,0.89394,0.89598,0.71219,0.9614,0.84689,9.3
pool_hu_harm_gptoss_evaldescshape_650.jsonl,none+ga4,170,4,85,85,170,0.85308,0.83185,0.9518,0.60744,0.98441,0.86869,0.86603,0.69514,0.96895,0.79727,7.4
pool_hu_harm_gptoss_evaldescshape_650.jsonl,none+ga4,170,5,85,85,170,0.87763,0.84915,0.96975,0.68182,0.97371,0.88522,0.9162,0.71152,0.94563,0.82325,10.7
pool_hu_harm_gptoss_evaldescshape_650.jsonl,none+ga4,170,6,85,85,170,0.84057,0.82437,0.93762,0.6436,0.97939,0.80165,0.867,0.7104,0.94616,0.7739,9.4
pool_hu_harm_gptoss_evaldescshape_650.jsonl,none+ga4,170,7,85,85,170,0.8827,0.84504,0.98866,0.67459,0.98507,0.88246,0.90344,0.70806,0.96486,0.80378,9.5
pool_hu_harm_gptoss_general_650.jsonl,none+ga4,170,0,85,85,170,0.87543,0.86151,0.98204,0.58368,0.97962,0.95638,0.94431,0.6546,0.96818,0.87896,5.9
pool_hu_harm_gptoss_general_650.jsonl,none+ga4,170,1,85,85,170,0.86189,0.85499,0.97543,0.55269,0.98374,0.93572,0.93253,0.65583,0.97755,0.85407,5.8
pool_hu_harm_gptoss_general_650.jsonl,none+ga4,170,2,85,85,170,0.88381,0.87107,0.99433,0.60124,0.98741,0.95225,0.95631,0.66073,0.97839,0.88885,10.9
pool_hu_harm_gptoss_general_650.jsonl,none+ga4,170,3,85,85,170,0.86979,0.86047,0.98677,0.55992,0.98663,0.94582,0.94777,0.64112,0.98151,0.87146,5.8
pool_hu_harm_gptoss_general_650.jsonl,none+ga4,170,4,85,85,170,0.87635,0.86108,0.98866,0.59814,0.97416,0.94444,0.94626,0.66429,0.96175,0.87203,5.3
pool_hu_harm_gptoss_general_650.jsonl,none+ga4,170,5,85,85,170,0.86321,0.85108,0.97921,0.57851,0.97683,0.91827,0.94388,0.64213,0.97011,0.84819,10.9
pool_hu_harm_gptoss_general_650.jsonl,none+ga4,170,6,85,85,170,0.86831,0.85768,0.97543,0.57851,0.97438,0.9449,0.94334,0.66195,0.96046,0.86495,5.6
pool_hu_harm_gptoss_general_650.jsonl,none+ga4,170,7,85,85,170,0.86947,0.85913,0.98299,0.58678,0.97516,0.93297,0.95112,0.64703,0.97039,0.86797,5.7
pool_hu_harm_llama70b_evaldescshape_650.jsonl,none+ga4,170,0,85,85,170,0.82157,0.82442,0.93006,0.57748,0.9716,0.80716,0.859,0.69904,0.96341,0.77624,5.3
pool_hu_harm_llama70b_evaldescshape_650.jsonl,none+ga4,170,1,85,85,170,0.76381,0.76164,0.81002,0.56818,0.95344,0.7236,0.762,0.70227,0.9551,0.62719,5.2
pool_hu_harm_llama70b_evaldescshape_650.jsonl,none+ga4,170,2,85,85,170,0.76501,0.75952,0.83743,0.56198,0.94576,0.71488,0.75097,0.69202,0.95685,0.63822,5.0
pool_hu_harm_llama70b_evaldescshape_650.jsonl,none+ga4,170,3,85,85,170,0.80162,0.79616,0.90359,0.57335,0.93339,0.79614,0.83391,0.68835,0.94261,0.71975,5.2
pool_hu_harm_llama70b_evaldescshape_650.jsonl,none+ga4,170,4,85,85,170,0.78434,0.77436,0.86389,0.56921,0.93428,0.76997,0.78233,0.68623,0.92984,0.69903,5.5
pool_hu_harm_llama70b_evaldescshape_650.jsonl,none+ga4,170,5,85,85,170,0.80754,0.78504,0.88658,0.58988,0.96168,0.79201,0.77563,0.71051,0.95937,0.69466,11.3
pool_hu_harm_llama70b_evaldescshape_650.jsonl,none+ga4,170,6,85,85,170,0.80748,0.80088,0.90076,0.57851,0.94119,0.80946,0.83175,0.69837,0.94386,0.72954,11.6
pool_hu_harm_llama70b_evaldescshape_650.jsonl,none+ga4,170,7,85,85,170,0.78932,0.78478,0.87429,0.55682,0.95021,0.77594,0.76384,0.72288,0.9579,0.6945,9.1
pool_hu_harm_llama70b_full-ai_dilemmas_650.jsonl,none+ga4,170,0,85,85,170,0.85155,0.86848,0.99244,0.45764,0.97817,0.97796,0.95707,0.60715,0.97301,0.93669,5.6
pool_hu_harm_llama70b_full-ai_dilemmas_650.jsonl,none+ga4,170,1,85,85,170,0.87434,0.89148,1.0,0.52169,0.98485,0.99082,0.97859,0.64368,0.98496,0.95866,6.7
pool_hu_harm_llama70b_full-ai_dilemmas_650.jsonl,none+ga4,170,2,85,85,170,0.83727,0.87019,1.0,0.40083,0.97305,0.97521,0.9455,0.61873,0.97355,0.94299,10.0
pool_hu_harm_llama70b_full-ai_dilemmas_650.jsonl,none+ga4,170,3,85,85,170,0.87829,0.88669,0.99622,0.55475,0.98975,0.97245,0.95783,0.65293,0.98498,0.95101,6.5
pool_hu_harm_llama70b_full-ai_dilemmas_650.jsonl,none+ga4,170,4,85,85,170,0.87502,0.88704,1.0,0.53099,0.98652,0.98255,0.96875,0.64558,0.99491,0.93893,5.1
pool_hu_harm_llama70b_full-ai_dilemmas_650.jsonl,none+ga4,170,5,85,85,170,0.84705,0.87127,0.99811,0.44318,0.97538,0.97153,0.94821,0.62653,0.96968,0.94065,5.4
pool_hu_harm_llama70b_full-ai_dilemmas_650.jsonl,none+ga4,170,6,85,85,170,0.86836,0.87911,0.99622,0.51756,0.98719,0.97245,0.96518,0.62954,0.98101,0.9407,5.7
pool_hu_harm_llama70b_full-ai_dilemmas_650.jsonl,none+ga4,170,7,85,85,170,0.87022,0.88289,0.99244,0.52479,0.97973,0.98393,0.96075,0.64123,0.98086,0.94872,5.5
pool_hu_harm_llama70b_full-ant_hh_650.jsonl,none+ga4,170,0,85,85,170,0.74023,0.73348,0.66257,0.69525,0.88316,0.71993,0.68339,0.71051,0.87809,0.66191,4.5
pool_hu_harm_llama70b_full-ant_hh_650.jsonl,none+ga4,170,1,85,85,170,0.77748,0.76567,0.75142,0.64876,0.9168,0.79293,0.75162,0.67933,0.91416,0.71757,10.1
pool_hu_harm_llama70b_full-ant_hh_650.jsonl,none+ga4,170,2,85,85,170,0.76858,0.77039,0.72023,0.65393,0.91089,0.78926,0.77422,0.70227,0.90855,0.69653,4.5
pool_hu_harm_llama70b_full-ant_hh_650.jsonl,none+ga4,170,3,85,85,170,0.80318,0.79339,0.80151,0.625,0.96436,0.82185,0.79022,0.67509,0.95636,0.75187,9.4
pool_hu_harm_llama70b_full-ant_hh_650.jsonl,none+ga4,170,4,85,85,170,0.75376,0.75834,0.72117,0.63533,0.9501,0.70845,0.74405,0.67487,0.94591,0.66852,10.6
pool_hu_harm_llama70b_full-ant_hh_650.jsonl,none+ga4,170,5,85,85,170,0.74641,0.7325,0.69471,0.67149,0.94453,0.67493,0.69096,0.67988,0.93038,0.6288,10.7
pool_hu_harm_llama70b_full-ant_hh_650.jsonl,none+ga4,170,6,85,85,170,0.77923,0.75999,0.74953,0.64566,0.94119,0.78053,0.74589,0.68078,0.91556,0.69773,9.2
pool_hu_harm_llama70b_full-ant_hh_650.jsonl,none+ga4,170,7,85,85,170,0.77325,0.75931,0.7448,0.65186,0.94932,0.74702,0.75087,0.68657,0.923,0.6768,10.2
pool_hu_harm_llama70b_full-balanced_refusal_650.jsonl,none+ga4,170,0,85,85,170,0.69001,0.69553,0.81285,0.47211,0.96636,0.50872,0.68988,0.6605,0.97255,0.45918,9.1
pool_hu_harm_llama70b_full-balanced_refusal_650.jsonl,none+ga4,170,1,85,85,170,0.64267,0.69943,0.76087,0.3905,0.97349,0.44582,0.72827,0.68033,0.97833,0.41082,9.3
pool_hu_harm_llama70b_full-balanced_refusal_650.jsonl,none+ga4,170,2,85,85,170,0.71247,0.7326,0.82892,0.46074,0.97572,0.58448,0.77141,0.67175,0.9853,0.50193,9.9
pool_hu_harm_llama70b_full-balanced_refusal_650.jsonl,none+ga4,170,3,85,85,170,0.68254,0.70227,0.76181,0.48037,0.96915,0.51882,0.71291,0.67966,0.97269,0.44383,9.6
pool_hu_harm_llama70b_full-balanced_refusal_650.jsonl,none+ga4,170,4,85,85,170,0.70227,0.68935,0.85633,0.46074,0.96859,0.52342,0.71713,0.64279,0.97405,0.42342,5.8
pool_hu_harm_llama70b_full-balanced_refusal_650.jsonl,none+ga4,170,5,85,85,170,0.64042,0.67125,0.71928,0.42149,0.96636,0.45455,0.65192,0.67866,0.97354,0.38088,6.1
pool_hu_harm_llama70b_full-balanced_refusal_650.jsonl,none+ga4,170,6,85,85,170,0.65515,0.6777,0.71361,0.45971,0.9716,0.47567,0.66176,0.67521,0.97723,0.39661,5.6
pool_hu_harm_llama70b_full-balanced_refusal_650.jsonl,none+ga4,170,7,85,85,170,0.69356,0.70587,0.80435,0.45455,0.9667,0.54867,0.71626,0.65984,0.97332,0.47407,11.0
pool_hu_harm_llama70b_full-daily_dilemmas_650.jsonl,none+ga4,170,0,85,85,170,0.8727,0.86601,0.98488,0.57025,0.94899,0.98669,0.97091,0.57864,0.94046,0.97402,8.9
pool_hu_harm_llama70b_full-daily_dilemmas_650.jsonl,none+ga4,170,1,85,85,170,0.87843,0.86684,0.99244,0.56818,0.96781,0.98531,0.97221,0.57741,0.9485,0.96923,9.8
pool_hu_harm_llama70b_full-daily_dilemmas_650.jsonl,none+ga4,170,2,85,85,170,0.88737,0.87945,0.99055,0.59814,0.97227,0.98852,0.97372,0.60893,0.96113,0.97402,11.3
pool_hu_harm_llama70b_full-daily_dilemmas_650.jsonl,none+ga4,170,3,85,85,170,0.88284,0.86724,0.99055,0.59091,0.96369,0.98623,0.9668,0.58276,0.94895,0.97043,11.5
pool_hu_harm_llama70b_full-daily_dilemmas_650.jsonl,none+ga4,170,4,85,85,170,0.87814,0.86659,0.99055,0.58884,0.94787,0.98531,0.96421,0.58989,0.94074,0.97152,10.1
pool_hu_harm_llama70b_full-daily_dilemmas_650.jsonl,none+ga4,170,5,85,85,170,0.8729,0.87989,0.99433,0.53616,0.97628,0.98485,0.97297,0.5949,0.97914,0.97256,10.1
pool_hu_harm_llama70b_full-daily_dilemmas_650.jsonl,none+ga4,170,6,85,85,170,0.86165,0.84304,0.98866,0.55269,0.91902,0.98623,0.96734,0.5098,0.92296,0.97204,11.1
pool_hu_harm_llama70b_full-daily_dilemmas_650.jsonl,none+ga4,170,7,85,85,170,0.88808,0.87675,0.98488,0.62603,0.95656,0.98485,0.96442,0.62531,0.94595,0.97131,6.2
pool_hu_harm_llama70b_general_650.jsonl,none+ga4,170,0,85,85,170,0.7861,0.7884,0.78072,0.59814,0.92303,0.84252,0.76265,0.72143,0.92625,0.74328,10.4
pool_hu_harm_llama70b_general_650.jsonl,none+ga4,170,1,85,85,170,0.78932,0.7933,0.78828,0.6126,0.92537,0.83104,0.75779,0.71943,0.93996,0.75604,10.3
pool_hu_harm_llama70b_general_650.jsonl,none+ga4,170,2,85,85,170,0.82576,0.82892,0.87051,0.58988,0.95834,0.8843,0.86235,0.69548,0.96048,0.79738,10.4
pool_hu_harm_llama70b_general_650.jsonl,none+ga4,170,3,85,85,170,0.81104,0.81174,0.8327,0.60847,0.94531,0.85767,0.81272,0.726,0.94341,0.76484,10.8
pool_hu_harm_llama70b_general_650.jsonl,none+ga4,170,4,85,85,170,0.79708,0.80716,0.8034,0.59504,0.93451,0.85537,0.80471,0.70595,0.93955,0.77843,10.8
pool_hu_harm_llama70b_general_650.jsonl,none+ga4,170,5,85,85,170,0.79593,0.79938,0.79962,0.59917,0.94286,0.84206,0.78374,0.71029,0.94579,0.75771,10.7
pool_hu_harm_llama70b_general_650.jsonl,none+ga4,170,6,85,85,170,0.80034,0.79762,0.78355,0.61054,0.93952,0.86777,0.77779,0.7035,0.93692,0.77228,10.9
pool_hu_harm_llama70b_general_650.jsonl,none+ga4,170,7,85,85,170,0.78381,0.7852,0.79773,0.61467,0.91613,0.8067,0.766,0.72856,0.92471,0.72152,10.8
pool_hu_harm_llama70b_minimal-ai_dilemmas_650.jsonl,none+ga4,170,0,85,85,170,0.73896,0.7099,0.6276,0.66942,0.89942,0.75941,0.58964,0.72589,0.88733,0.63677,8.8
pool_hu_harm_llama70b_minimal-ai_dilemmas_650.jsonl,none+ga4,170,1,85,85,170,0.74447,0.70983,0.64178,0.68388,0.88683,0.76538,0.59343,0.73368,0.86296,0.64926,9.2
pool_hu_harm_llama70b_minimal-ai_dilemmas_650.jsonl,none+ga4,170,2,85,85,170,0.75855,0.72501,0.67864,0.7376,0.84752,0.77043,0.65182,0.75707,0.82103,0.67014,10.3
pool_hu_harm_llama70b_minimal-ai_dilemmas_650.jsonl,none+ga4,170,3,85,85,170,0.71479,0.70853,0.61626,0.6188,0.91245,0.71166,0.5825,0.72221,0.91595,0.61344,6.8
pool_hu_harm_llama70b_minimal-ai_dilemmas_650.jsonl,none+ga4,170,4,85,85,170,0.73263,0.69286,0.63233,0.72211,0.81299,0.76309,0.57634,0.73947,0.78687,0.66873,5.1
pool_hu_harm_llama70b_minimal-ai_dilemmas_650.jsonl,none+ga4,170,5,85,85,170,0.69792,0.69557,0.57467,0.66219,0.86935,0.68549,0.55201,0.73357,0.88113,0.61558,5.0
pool_hu_harm_llama70b_minimal-ai_dilemmas_650.jsonl,none+ga4,170,6,85,85,170,0.73531,0.70668,0.63516,0.73657,0.82067,0.74885,0.59234,0.7544,0.80222,0.67774,5.1
pool_hu_harm_llama70b_minimal-ai_dilemmas_650.jsonl,none+ga4,170,7,85,85,170,0.7145,0.6971,0.58318,0.63533,0.91223,0.72727,0.55536,0.7104,0.8993,0.62333,8.6
pool_hu_harm_llama70b_minimal-ant_hh_650.jsonl,none+ga4,170,0,85,85,170,0.87307,0.8605,0.99244,0.62707,0.99354,0.87925,0.96075,0.63633,0.99091,0.85402,8.7
pool_hu_harm_llama70b_minimal-ant_hh_650.jsonl,none+ga4,170,1,85,85,170,0.85757,0.85052,0.99055,0.59607,0.99243,0.85124,0.95534,0.63021,0.99069,0.82585,8.8
pool_hu_harm_llama70b_minimal-ant_hh_650.jsonl,none+ga4,170,2,85,85,170,0.85652,0.85078,0.97921,0.6095,0.98797,0.8494,0.95383,0.63734,0.98559,0.82637,9.0
pool_hu_harm_llama70b_minimal-ant_hh_650.jsonl,none+ga4,170,3,85,85,170,0.85096,0.84725,0.9811,0.6157,0.98886,0.81818,0.95523,0.65527,0.9859,0.79259,10.5
pool_hu_harm_llama70b_minimal-ant_hh_650.jsonl,none+ga4,170,4,85,85,170,0.86527,0.85602,0.98677,0.62087,0.99165,0.8618,0.96096,0.62843,0.99079,0.84392,7.7
pool_hu_harm_llama70b_minimal-ant_hh_650.jsonl,none+ga4,170,5,85,85,170,0.85961,0.85142,0.98299,0.60847,0.99254,0.85445,0.95167,0.63979,0.98821,0.82601,9.1
pool_hu_harm_llama70b_minimal-ant_hh_650.jsonl,none+ga4,170,6,85,85,170,0.86302,0.86007,0.98866,0.59401,0.99064,0.87879,0.95621,0.6389,0.9874,0.85777,6.6
pool_hu_harm_llama70b_minimal-ant_hh_650.jsonl,none+ga4,170,7,85,85,170,0.87049,0.86758,0.99244,0.60847,0.98986,0.89118,0.96215,0.65917,0.98499,0.86401,8.5
pool_hu_harm_llama70b_minimal-balanced_refusal_650.jsonl,none+ga4,170,0,85,85,170,0.85948,0.84548,0.9811,0.61157,0.99265,0.85262,0.94702,0.63711,0.98788,0.80992,6.8
pool_hu_harm_llama70b_minimal-balanced_refusal_650.jsonl,none+ga4,170,1,85,85,170,0.87268,0.85632,0.99149,0.625,0.99087,0.88338,0.95696,0.6517,0.98686,0.82976,8.4
pool_hu_harm_llama70b_minimal-balanced_refusal_650.jsonl,none+ga4,170,2,85,85,170,0.87075,0.8604,0.98771,0.6219,0.99276,0.88062,0.95275,0.65538,0.98591,0.84756,6.7
pool_hu_harm_llama70b_minimal-balanced_refusal_650.jsonl,none+ga4,170,3,85,85,170,0.85831,0.84927,0.98299,0.59814,0.99076,0.86134,0.95091,0.64725,0.98664,0.81227,9.6
pool_hu_harm_llama70b_minimal-balanced_refusal_650.jsonl,none+ga4,170,4,85,85,170,0.85833,0.84557,0.98677,0.61467,0.99165,0.84022,0.9468,0.64146,0.98885,0.80519,9.2
pool_hu_harm_llama70b_minimal-balanced_refusal_650.jsonl,none+ga4,170,5,85,85,170,0.86958,0.86128,0.99055,0.62707,0.99064,0.87006,0.95329,0.67365,0.98776,0.83044,8.9
pool_hu_harm_llama70b_minimal-balanced_refusal_650.jsonl,none+ga4,170,6,85,85,170,0.86584,0.85159,0.98393,0.62707,0.99009,0.86226,0.94929,0.6507,0.98526,0.82112,6.3
pool_hu_harm_llama70b_minimal-balanced_refusal_650.jsonl,none+ga4,170,7,85,85,170,0.85959,0.85072,0.98299,0.6188,0.98808,0.84848,0.95112,0.66373,0.98425,0.80378,7.1
pool_hu_harm_llama70b_minimal-daily_dilemmas_650.jsonl,none+ga4,170,0,85,85,170,0.85421,0.85213,0.98771,0.54649,0.96068,0.92195,0.92679,0.67409,0.95126,0.85636,6.0
pool_hu_harm_llama70b_minimal-daily_dilemmas_650.jsonl,none+ga4,170,1,85,85,170,0.87979,0.87761,0.9896,0.57025,0.98641,0.97291,0.93739,0.68122,0.98981,0.90202,8.0
pool_hu_harm_llama70b_minimal-daily_dilemmas_650.jsonl,none+ga4,170,2,85,85,170,0.8409,0.83567,0.9707,0.55372,0.93607,0.90312,0.8963,0.68311,0.93144,0.83184,6.1
pool_hu_harm_llama70b_minimal-daily_dilemmas_650.jsonl,none+ga4,170,3,85,85,170,0.85819,0.85125,0.98582,0.55165,0.94487,0.95041,0.92561,0.67175,0.93107,0.87656,5.5
pool_hu_harm_llama70b_minimal-daily_dilemmas_650.jsonl,none+ga4,170,4,85,85,170,0.87143,0.86362,0.9811,0.60744,0.94676,0.95041,0.93004,0.70673,0.93591,0.88182,7.9
pool_hu_harm_llama70b_minimal-daily_dilemmas_650.jsonl,none+ga4,170,5,85,85,170,0.86211,0.85641,0.99338,0.58471,0.93874,0.93159,0.95177,0.6712,0.93485,0.86782,7.9
pool_hu_harm_llama70b_minimal-daily_dilemmas_650.jsonl,none+ga4,170,6,85,85,170,0.82439,0.82472,0.92439,0.54959,0.94386,0.87971,0.88084,0.68412,0.93481,0.79909,5.4
pool_hu_harm_llama70b_minimal-daily_dilemmas_650.jsonl,none+ga4,170,7,85,85,170,0.84825,0.85076,0.9518,0.55475,0.94798,0.93848,0.90571,0.69136,0.93559,0.87037,5.6
pool_hu_harm_nemotron_evaldescshape_650.jsonl,none+ga4,170,0,85,85,170,0.82491,0.8336,0.8327,0.54545,0.98073,0.94077,0.81488,0.67532,0.98157,0.86261,8.8
pool_hu_harm_nemotron_evaldescshape_650.jsonl,none+ga4,170,1,85,85,170,0.84344,0.84397,0.87335,0.55992,0.97538,0.96511,0.85521,0.66206,0.96911,0.88947,9.2
pool_hu_harm_nemotron_evaldescshape_650.jsonl,none+ga4,170,2,85,85,170,0.85756,0.86032,0.89036,0.58988,0.98352,0.96648,0.89284,0.67075,0.97482,0.90285,10.2
pool_hu_harm_nemotron_evaldescshape_650.jsonl,none+ga4,170,3,85,85,170,0.81548,0.81744,0.85444,0.53512,0.96324,0.90909,0.81769,0.683,0.96294,0.80612,6.2
pool_hu_harm_nemotron_evaldescshape_650.jsonl,none+ga4,170,4,85,85,170,0.84237,0.8523,0.87051,0.59091,0.97004,0.93802,0.88776,0.69804,0.96619,0.85719,6.7
pool_hu_harm_nemotron_evaldescshape_650.jsonl,none+ga4,170,5,85,85,170,0.82779,0.824,0.85728,0.55269,0.97327,0.92792,0.82883,0.66418,0.96315,0.83986,9.3
pool_hu_harm_nemotron_evaldescshape_650.jsonl,none+ga4,170,6,85,85,170,0.82956,0.83278,0.85444,0.56715,0.97561,0.92103,0.84029,0.68935,0.97059,0.8309,8.2
pool_hu_harm_nemotron_evaldescshape_650.jsonl,none+ga4,170,7,85,85,170,0.79905,0.80879,0.77127,0.53616,0.97371,0.91506,0.75973,0.66785,0.96746,0.84012,10.3
pool_hu_harm_nemotron_general_650.jsonl,none+ga4,170,0,85,85,170,0.78768,0.80632,0.8327,0.45868,0.97962,0.87971,0.80569,0.66128,0.97846,0.77983,7.7
pool_hu_harm_nemotron_general_650.jsonl,none+ga4,170,1,85,85,170,0.81666,0.81601,0.88847,0.50413,0.97828,0.89578,0.83488,0.64703,0.98418,0.79795,5.6
pool_hu_harm_nemotron_general_650.jsonl,none+ga4,170,2,85,85,170,0.79108,0.79857,0.82514,0.50413,0.97783,0.85721,0.79682,0.65404,0.97994,0.76348,5.4
pool_hu_harm_nemotron_general_650.jsonl,none+ga4,170,3,85,85,170,0.80831,0.81633,0.86389,0.49277,0.97527,0.90129,0.81304,0.65337,0.97732,0.82158,5.7
pool_hu_harm_nemotron_general_650.jsonl,none+ga4,170,4,85,85,170,0.82001,0.82214,0.87618,0.50723,0.97928,0.91736,0.82558,0.66295,0.97625,0.82377,5.9
pool_hu_harm_nemotron_general_650.jsonl,none+ga4,170,5,85,85,170,0.77671,0.79621,0.80151,0.4876,0.97338,0.84435,0.80547,0.65014,0.9762,0.75302,5.4
pool_hu_harm_nemotron_general_650.jsonl,none+ga4,170,6,85,85,170,0.80349,0.80081,0.86389,0.52996,0.97483,0.84527,0.81639,0.66785,0.97257,0.74641,5.4
pool_hu_harm_nemotron_general_650.jsonl,none+ga4,170,7,85,85,170,0.80164,0.81224,0.84594,0.50103,0.9785,0.88108,0.8058,0.6634,0.9803,0.79946,11.0
pool_hu_harm_deepseekv4pro_evaldescshape_650.jsonl,none+ga4,110,0,55,55,110,0.87249,0.84878,0.95558,0.60434,0.97917,0.95087,0.90809,0.67821,0.9645,0.84434,9.5
pool_hu_harm_deepseekv4pro_evaldescshape_650.jsonl,none+ga4,110,1,55,55,110,0.86872,0.85835,0.91588,0.61157,0.98095,0.96648,0.90733,0.65226,0.98226,0.89156,8.2
pool_hu_harm_deepseekv4pro_evaldescshape_650.jsonl,none+ga4,110,2,55,55,110,0.82754,0.80682,0.79679,0.62707,0.96436,0.92195,0.77519,0.67877,0.9576,0.8157,8.1
pool_hu_harm_deepseekv4pro_evaldescshape_650.jsonl,none+ga4,110,3,55,55,110,0.89278,0.87759,0.97353,0.6157,0.99198,0.9899,0.93772,0.66229,0.98006,0.93029,8.1
pool_hu_harm_deepseekv4pro_evaldescshape_650.jsonl,none+ga4,110,4,55,55,110,0.74052,0.74074,0.64934,0.54855,0.94553,0.81864,0.63473,0.66808,0.96196,0.6982,6.1
pool_hu_harm_deepseekv4pro_evaldescshape_650.jsonl,none+ga4,110,5,55,55,110,0.72623,0.72916,0.62382,0.61467,0.92905,0.73737,0.62349,0.68345,0.94809,0.6616,5.2
pool_hu_harm_deepseekv4pro_evaldescshape_650.jsonl,none+ga4,110,6,55,55,110,0.70668,0.70616,0.59641,0.58678,0.92682,0.71671,0.6104,0.65872,0.92288,0.63265,8.6
pool_hu_harm_deepseekv4pro_evaldescshape_650.jsonl,none+ga4,110,7,55,55,110,0.89313,0.87706,0.97164,0.64773,0.98619,0.96694,0.94734,0.66384,0.97004,0.92701,6.4
pool_hu_harm_deepseekv4pro_general_650.jsonl,none+ga4,110,0,55,55,110,0.84262,0.82968,0.97543,0.54236,0.96748,0.88522,0.92496,0.62464,0.97083,0.79831,7.1
pool_hu_harm_deepseekv4pro_general_650.jsonl,none+ga4,110,1,55,55,110,0.80079,0.80337,0.89036,0.49174,0.9804,0.84068,0.83878,0.61005,0.98494,0.77973,8.2
pool_hu_harm_deepseekv4pro_general_650.jsonl,none+ga4,110,2,55,55,110,0.81387,0.8148,0.92533,0.5062,0.96948,0.85445,0.88722,0.60682,0.97504,0.79014,6.9
pool_hu_harm_deepseekv4pro_general_650.jsonl,none+ga4,110,3,55,55,110,0.82384,0.81837,0.94991,0.53099,0.95678,0.85767,0.90701,0.63667,0.95624,0.77358,7.0
pool_hu_harm_deepseekv4pro_general_650.jsonl,none+ga4,110,4,55,55,110,0.82405,0.81017,0.95747,0.52893,0.96959,0.84022,0.89522,0.58888,0.97665,0.77994,8.5
pool_hu_harm_deepseekv4pro_general_650.jsonl,none+ga4,110,5,55,55,110,0.81131,0.80071,0.9206,0.55269,0.96113,0.81084,0.85024,0.60793,0.9687,0.77598,8.0
pool_hu_harm_deepseekv4pro_general_650.jsonl,none+ga4,110,6,55,55,110,0.84079,0.83375,0.97448,0.52686,0.97616,0.88567,0.93004,0.6096,0.97815,0.81721,8.4
pool_hu_harm_deepseekv4pro_general_650.jsonl,none+ga4,110,7,55,55,110,0.83006,0.82394,0.96125,0.53099,0.97126,0.85675,0.89587,0.62052,0.97771,0.80165,7.4
pool_hu_harm_gptoss_evaldescshape_650.jsonl,none+ga4,110,0,55,55,110,0.81592,0.80298,0.85444,0.64979,0.97984,0.77961,0.80623,0.70038,0.95928,0.74604,8.3
pool_hu_harm_gptoss_evaldescshape_650.jsonl,none+ga4,110,1,55,55,110,0.87071,0.85739,0.97259,0.64876,0.97583,0.88567,0.90106,0.71898,0.96101,0.8485,6.0
pool_hu_harm_gptoss_evaldescshape_650.jsonl,none+ga4,110,2,55,55,110,0.85096,0.83223,0.92911,0.64153,0.97371,0.8595,0.85272,0.71441,0.95337,0.80841,7.3
pool_hu_harm_gptoss_evaldescshape_650.jsonl,none+ga4,110,3,55,55,110,0.77733,0.76183,0.75331,0.66322,0.96001,0.73278,0.70599,0.73814,0.91776,0.68544,7.3
pool_hu_harm_gptoss_evaldescshape_650.jsonl,none+ga4,110,4,55,55,110,0.70637,0.72196,0.67486,0.625,0.95444,0.57117,0.63744,0.74282,0.9216,0.58601,7.3
pool_hu_harm_gptoss_evaldescshape_650.jsonl,none+ga4,110,5,55,55,110,0.77842,0.7487,0.84026,0.6095,0.96603,0.69789,0.73702,0.69737,0.92839,0.63203,7.8
pool_hu_harm_gptoss_evaldescshape_650.jsonl,none+ga4,110,6,55,55,110,0.82013,0.78601,0.87618,0.66219,0.97494,0.76722,0.78633,0.69871,0.94663,0.71236,8.0
pool_hu_harm_gptoss_evaldescshape_650.jsonl,none+ga4,110,7,55,55,110,0.83403,0.80865,0.90454,0.67562,0.96581,0.79017,0.8059,0.71653,0.93765,0.77452,7.9
pool_hu_harm_gptoss_general_650.jsonl,none+ga4,110,0,55,55,110,0.86704,0.85396,0.9896,0.57335,0.98051,0.9247,0.94096,0.66162,0.97621,0.83705,7.9
pool_hu_harm_gptoss_general_650.jsonl,none+ga4,110,1,55,55,110,0.87183,0.84974,0.99433,0.6064,0.98207,0.9045,0.93004,0.65716,0.97361,0.83814,5.4
pool_hu_harm_gptoss_general_650.jsonl,none+ga4,110,2,55,55,110,0.87634,0.86178,0.98488,0.60331,0.97962,0.93756,0.94128,0.67554,0.96725,0.86303,5.5
pool_hu_harm_gptoss_general_650.jsonl,none+ga4,110,3,55,55,110,0.8616,0.85152,0.98299,0.57438,0.98084,0.90817,0.93966,0.65872,0.97282,0.83486,5.5
pool_hu_harm_gptoss_general_650.jsonl,none+ga4,110,4,55,55,110,0.86585,0.84641,0.99149,0.57025,0.98062,0.92103,0.9136,0.66451,0.97244,0.83507,5.1
pool_hu_harm_gptoss_general_650.jsonl,none+ga4,110,5,55,55,110,0.85236,0.84179,0.98299,0.56508,0.98073,0.88062,0.92896,0.64937,0.9772,0.81164,5.7
pool_hu_harm_gptoss_general_650.jsonl,none+ga4,110,6,55,55,110,0.88072,0.86244,0.99622,0.61157,0.98073,0.93434,0.95502,0.66273,0.97319,0.85881,6.2
pool_hu_harm_gptoss_general_650.jsonl,none+ga4,110,7,55,55,110,0.87726,0.86044,0.97921,0.62397,0.97427,0.93159,0.94247,0.67832,0.95996,0.861,5.5
pool_hu_harm_llama70b_evaldescshape_650.jsonl,none+ga4,110,0,55,55,110,0.71559,0.72509,0.73629,0.54959,0.93139,0.64509,0.6848,0.70829,0.94225,0.56502,5.1
pool_hu_harm_llama70b_evaldescshape_650.jsonl,none+ga4,110,1,55,55,110,0.75585,0.75136,0.78072,0.58264,0.94698,0.71304,0.70815,0.70795,0.9611,0.62823,9.0
pool_hu_harm_llama70b_evaldescshape_650.jsonl,none+ga4,110,2,55,55,110,0.80566,0.77479,0.87618,0.55785,0.97227,0.81635,0.72946,0.65694,0.96567,0.74708,7.7
pool_hu_harm_llama70b_evaldescshape_650.jsonl,none+ga4,110,3,55,55,110,0.76847,0.74184,0.81002,0.58471,0.94821,0.73095,0.67452,0.682,0.95365,0.65717,4.8
pool_hu_harm_llama70b_evaldescshape_650.jsonl,none+ga4,110,4,55,55,110,0.76297,0.75724,0.85444,0.55992,0.94286,0.69467,0.76871,0.68334,0.95389,0.62302,5.0
pool_hu_harm_llama70b_evaldescshape_650.jsonl,none+ga4,110,5,55,55,110,0.75909,0.76052,0.7845,0.58988,0.95444,0.70753,0.72567,0.70517,0.95962,0.6516,4.7
pool_hu_harm_llama70b_evaldescshape_650.jsonl,none+ga4,110,6,55,55,110,0.82326,0.81359,0.88563,0.64153,0.92704,0.83884,0.83824,0.68623,0.93649,0.79342,8.8
pool_hu_harm_llama70b_evaldescshape_650.jsonl,none+ga4,110,7,55,55,110,0.80382,0.79208,0.88091,0.59194,0.95043,0.79201,0.81596,0.67365,0.95689,0.72183,9.2
pool_hu_harm_llama70b_full-ai_dilemmas_650.jsonl,none+ga4,110,0,55,55,110,0.83721,0.84569,0.9896,0.45455,0.94141,0.96327,0.9362,0.58955,0.94695,0.91004,6.0
pool_hu_harm_llama70b_full-ai_dilemmas_650.jsonl,none+ga4,110,1,55,55,110,0.84346,0.87693,0.98677,0.44938,0.99142,0.94628,0.93242,0.65204,0.98565,0.93763,8.2
pool_hu_harm_llama70b_full-ai_dilemmas_650.jsonl,none+ga4,110,2,55,55,110,0.86025,0.86548,0.99622,0.4969,0.98507,0.96281,0.93945,0.63756,0.97862,0.90629,6.1
pool_hu_harm_llama70b_full-ai_dilemmas_650.jsonl,none+ga4,110,3,55,55,110,0.86953,0.86316,0.99811,0.54442,0.97048,0.96511,0.94896,0.65404,0.95118,0.89848,7.1
pool_hu_harm_llama70b_full-ai_dilemmas_650.jsonl,none+ga4,110,4,55,55,110,0.85463,0.86648,0.99716,0.46488,0.97483,0.98163,0.95167,0.60971,0.9759,0.92862,5.3
pool_hu_harm_llama70b_full-ai_dilemmas_650.jsonl,none+ga4,110,5,55,55,110,0.811,0.84834,0.96786,0.38223,0.97059,0.92332,0.93588,0.60147,0.96186,0.89416,8.3
pool_hu_harm_llama70b_full-ai_dilemmas_650.jsonl,none+ga4,110,6,55,55,110,0.87854,0.8715,0.99622,0.59711,0.96859,0.95225,0.9508,0.65438,0.96354,0.91727,6.2
pool_hu_harm_llama70b_full-ai_dilemmas_650.jsonl,none+ga4,110,7,55,55,110,0.84274,0.85167,0.95747,0.4907,0.97561,0.9472,0.92106,0.62085,0.9687,0.89608,5.8
pool_hu_harm_llama70b_full-ant_hh_650.jsonl,none+ga4,110,0,55,55,110,0.7696,0.76124,0.7344,0.6405,0.94364,0.75987,0.75087,0.65872,0.94255,0.69284,8.1
pool_hu_harm_llama70b_full-ant_hh_650.jsonl,none+ga4,110,1,55,55,110,0.71417,0.70651,0.63611,0.64876,0.89964,0.67218,0.63841,0.68813,0.8881,0.61141,4.4
pool_hu_harm_llama70b_full-ant_hh_650.jsonl,none+ga4,110,2,55,55,110,0.77085,0.75574,0.73629,0.65186,0.92159,0.77365,0.74924,0.64636,0.92031,0.70705,9.1
pool_hu_harm_llama70b_full-ant_hh_650.jsonl,none+ga4,110,3,55,55,110,0.74065,0.74229,0.70038,0.62397,0.94498,0.6933,0.71096,0.66518,0.94158,0.65145,9.0
pool_hu_harm_llama70b_full-ant_hh_650.jsonl,none+ga4,110,4,55,55,110,0.73914,0.72781,0.67958,0.63223,0.9129,0.73186,0.66825,0.64725,0.91966,0.67607,4.7
pool_hu_harm_llama70b_full-ant_hh_650.jsonl,none+ga4,110,5,55,55,110,0.74031,0.73582,0.72117,0.59401,0.90365,0.74242,0.7128,0.67654,0.9011,0.65285,4.5
pool_hu_harm_llama70b_full-ant_hh_650.jsonl,none+ga4,110,6,55,55,110,0.77098,0.76976,0.77221,0.62603,0.94876,0.73691,0.78547,0.65449,0.94337,0.6957,8.2
pool_hu_harm_llama70b_full-ant_hh_650.jsonl,none+ga4,110,7,55,55,110,0.75544,0.7529,0.72873,0.6405,0.92849,0.72406,0.74654,0.66574,0.91331,0.68602,4.2
pool_hu_harm_llama70b_full-balanced_refusal_650.jsonl,none+ga4,110,0,55,55,110,0.69127,0.70892,0.83081,0.44525,0.96881,0.5202,0.75184,0.66663,0.9775,0.43971,8.2
pool_hu_harm_llama70b_full-balanced_refusal_650.jsonl,none+ga4,110,1,55,55,110,0.63606,0.67454,0.72968,0.39153,0.98274,0.44031,0.68058,0.65794,0.98495,0.37469,8.0
pool_hu_harm_llama70b_full-balanced_refusal_650.jsonl,none+ga4,110,2,55,55,110,0.65615,0.67009,0.74575,0.44112,0.96068,0.47704,0.6782,0.64981,0.96813,0.38421,4.6
pool_hu_harm_llama70b_full-balanced_refusal_650.jsonl,none+ga4,110,3,55,55,110,0.62728,0.68098,0.70699,0.38326,0.96525,0.45363,0.66858,0.67977,0.97505,0.40051,6.4
pool_hu_harm_llama70b_full-balanced_refusal_650.jsonl,none+ga4,110,4,55,55,110,0.6737,0.7071,0.75142,0.42769,0.97115,0.54454,0.69334,0.69581,0.97937,0.45986,8.0
pool_hu_harm_llama70b_full-balanced_refusal_650.jsonl,none+ga4,110,5,55,55,110,0.65707,0.68794,0.74386,0.46074,0.97282,0.45087,0.69929,0.68779,0.97871,0.38599,6.1
pool_hu_harm_llama70b_full-balanced_refusal_650.jsonl,none+ga4,110,6,55,55,110,0.67293,0.69451,0.78166,0.43905,0.97193,0.49908,0.72978,0.66307,0.97835,0.40686,6.9
pool_hu_harm_llama70b_full-balanced_refusal_650.jsonl,none+ga4,110,7,55,55,110,0.64988,0.68258,0.78733,0.37913,0.98262,0.45041,0.71907,0.64168,0.99156,0.37802,7.1
pool_hu_harm_llama70b_full-daily_dilemmas_650.jsonl,none+ga4,110,0,55,55,110,0.87792,0.88398,0.98866,0.55785,0.97895,0.98623,0.97491,0.61205,0.97769,0.97126,8.7
pool_hu_harm_llama70b_full-daily_dilemmas_650.jsonl,none+ga4,110,1,55,55,110,0.88429,0.86952,0.9896,0.59504,0.96904,0.98347,0.97048,0.58732,0.95129,0.96897,7.7
pool_hu_harm_llama70b_full-daily_dilemmas_650.jsonl,none+ga4,110,2,55,55,110,0.88135,0.87582,0.98488,0.57025,0.98129,0.98898,0.96583,0.58198,0.98355,0.97194,8.0
pool_hu_harm_llama70b_full-daily_dilemmas_650.jsonl,none+ga4,110,3,55,55,110,0.87656,0.87646,0.98866,0.55579,0.98017,0.98163,0.96799,0.59846,0.96819,0.97121,7.5
pool_hu_harm_llama70b_full-daily_dilemmas_650.jsonl,none+ga4,110,4,55,55,110,0.87025,0.85893,0.98488,0.55682,0.954,0.98531,0.95804,0.53754,0.96881,0.97131,6.8
pool_hu_harm_llama70b_full-daily_dilemmas_650.jsonl,none+ga4,110,5,55,55,110,0.87852,0.86394,0.98677,0.58471,0.95456,0.98806,0.96659,0.56906,0.94937,0.97074,8.4
pool_hu_harm_llama70b_full-daily_dilemmas_650.jsonl,none+ga4,110,6,55,55,110,0.88779,0.87529,0.99055,0.6219,0.95433,0.98439,0.97297,0.63099,0.92709,0.97012,6.7
pool_hu_harm_llama70b_full-daily_dilemmas_650.jsonl,none+ga4,110,7,55,55,110,0.89032,0.87737,0.99622,0.60744,0.97004,0.9876,0.98248,0.57908,0.97666,0.97126,7.8
pool_hu_harm_llama70b_general_650.jsonl,none+ga4,110,0,55,55,110,0.79754,0.80217,0.82042,0.60227,0.94286,0.82461,0.81228,0.70717,0.94625,0.74297,8.4
pool_hu_harm_llama70b_general_650.jsonl,none+ga4,110,1,55,55,110,0.80925,0.80089,0.78733,0.67045,0.91925,0.85996,0.79044,0.74237,0.91535,0.75541,8.0
pool_hu_harm_llama70b_general_650.jsonl,none+ga4,110,2,55,55,110,0.79293,0.78302,0.77505,0.61983,0.94119,0.83563,0.75692,0.71118,0.92675,0.73724,7.4
pool_hu_harm_llama70b_general_650.jsonl,none+ga4,110,3,55,55,110,0.76484,0.76335,0.74386,0.59711,0.92181,0.7966,0.71194,0.7104,0.91871,0.71236,6.7
pool_hu_harm_llama70b_general_650.jsonl,none+ga4,110,4,55,55,110,0.79905,0.79686,0.81474,0.62707,0.92749,0.82691,0.80709,0.71029,0.92761,0.74245,8.1
pool_hu_harm_llama70b_general_650.jsonl,none+ga4,110,5,55,55,110,0.76765,0.77165,0.72495,0.625,0.92315,0.79752,0.7234,0.72889,0.9249,0.70939,7.6
pool_hu_harm_llama70b_general_650.jsonl,none+ga4,110,6,55,55,110,0.78111,0.78767,0.75898,0.59091,0.93985,0.83471,0.76633,0.69559,0.94017,0.74859,8.5
pool_hu_harm_llama70b_general_650.jsonl,none+ga4,110,7,55,55,110,0.74239,0.75304,0.71267,0.62397,0.91346,0.71947,0.71042,0.71976,0.92055,0.66144,8.4
pool_hu_harm_llama70b_minimal-ai_dilemmas_650.jsonl,none+ga4,110,0,55,55,110,0.72029,0.69361,0.60208,0.72107,0.84863,0.70937,0.56163,0.76598,0.82689,0.61995,5.3
pool_hu_harm_llama70b_minimal-ai_dilemmas_650.jsonl,none+ga4,110,1,55,55,110,0.70338,0.68819,0.58318,0.68905,0.86133,0.67998,0.56131,0.7515,0.85072,0.58923,5.0
pool_hu_harm_llama70b_minimal-ai_dilemmas_650.jsonl,none+ga4,110,2,55,55,110,0.72934,0.7037,0.62854,0.68285,0.87959,0.72635,0.59494,0.72722,0.85132,0.6413,8.9
pool_hu_harm_llama70b_minimal-ai_dilemmas_650.jsonl,none+ga4,110,3,55,55,110,0.7478,0.71166,0.61059,0.71074,0.86823,0.80165,0.5718,0.74148,0.84427,0.68909,6.5
pool_hu_harm_llama70b_minimal-ai_dilemmas_650.jsonl,none+ga4,110,4,55,55,110,0.73673,0.71044,0.63611,0.70248,0.86912,0.73921,0.59818,0.74293,0.8698,0.63083,8.9
pool_hu_harm_llama70b_minimal-ai_dilemmas_650.jsonl,none+ga4,110,5,55,55,110,0.71961,0.69508,0.63894,0.66116,0.8708,0.70753,0.58348,0.73023,0.84844,0.61818,6.4
pool_hu_harm_llama70b_minimal-ai_dilemmas_650.jsonl,none+ga4,110,6,55,55,110,0.74034,0.71722,0.66446,0.67252,0.88839,0.736,0.63679,0.73491,0.86449,0.63271,5.5
pool_hu_harm_llama70b_minimal-ai_dilemmas_650.jsonl,none+ga4,110,7,55,55,110,0.7455,0.71221,0.63233,0.69112,0.87391,0.78466,0.61148,0.7202,0.85609,0.66108,6.6
pool_hu_harm_llama70b_minimal-ant_hh_650.jsonl,none+ga4,110,0,55,55,110,0.85137,0.84204,0.98677,0.60227,0.98541,0.83104,0.94864,0.62063,0.98631,0.81258,7.8
pool_hu_harm_llama70b_minimal-ant_hh_650.jsonl,none+ga4,110,1,55,55,110,0.84115,0.83029,0.97826,0.58161,0.98519,0.81956,0.93512,0.6076,0.9883,0.79014,9.0
pool_hu_harm_llama70b_minimal-ant_hh_650.jsonl,none+ga4,110,2,55,55,110,0.85294,0.85,0.97921,0.61054,0.98775,0.83425,0.95491,0.65148,0.98718,0.80643,7.5
pool_hu_harm_llama70b_minimal-ant_hh_650.jsonl,none+ga4,110,3,55,55,110,0.85625,0.84898,0.98488,0.59917,0.98741,0.85354,0.94237,0.62876,0.98716,0.83762,8.9
pool_hu_harm_llama70b_minimal-ant_hh_650.jsonl,none+ga4,110,4,55,55,110,0.85519,0.85047,0.97353,0.62293,0.9873,0.83701,0.94301,0.65583,0.98495,0.8181,8.6
pool_hu_harm_llama70b_minimal-ant_hh_650.jsonl,none+ga4,110,5,55,55,110,0.84168,0.84182,0.97353,0.59091,0.98318,0.8191,0.9441,0.63411,0.98462,0.80446,7.9
pool_hu_harm_llama70b_minimal-ant_hh_650.jsonl,none+ga4,110,6,55,55,110,0.84115,0.83094,0.97543,0.60331,0.9902,0.79568,0.93815,0.61773,0.98955,0.77832,8.3
pool_hu_harm_llama70b_minimal-ant_hh_650.jsonl,none+ga4,110,7,55,55,110,0.83514,0.82231,0.97543,0.59607,0.98897,0.78007,0.9335,0.60748,0.98894,0.75932,8.5
pool_hu_harm_llama70b_minimal-balanced_refusal_650.jsonl,none+ga4,110,0,55,55,110,0.84971,0.83086,0.97637,0.61467,0.99009,0.81772,0.92939,0.64714,0.98805,0.75885,7.2
pool_hu_harm_llama70b_minimal-balanced_refusal_650.jsonl,none+ga4,110,1,55,55,110,0.85725,0.84128,0.9811,0.59917,0.99198,0.85675,0.93772,0.61461,0.98891,0.82388,8.5
pool_hu_harm_llama70b_minimal-balanced_refusal_650.jsonl,none+ga4,110,2,55,55,110,0.85879,0.84204,0.98393,0.61054,0.98897,0.8517,0.95177,0.65137,0.98524,0.77978,6.4
pool_hu_harm_llama70b_minimal-balanced_refusal_650.jsonl,none+ga4,110,3,55,55,110,0.84355,0.82648,0.97637,0.6126,0.98953,0.79568,0.92301,0.6292,0.98562,0.76807,7.2
pool_hu_harm_llama70b_minimal-balanced_refusal_650.jsonl,none+ga4,110,4,55,55,110,0.86033,0.84954,0.97732,0.6157,0.99064,0.85767,0.95188,0.65493,0.98664,0.80472,7.8
pool_hu_harm_llama70b_minimal-balanced_refusal_650.jsonl,none+ga4,110,5,55,55,110,0.86857,0.85505,0.99244,0.61983,0.99009,0.8719,0.95415,0.66741,0.9886,0.81003,7.6
pool_hu_harm_llama70b_minimal-balanced_refusal_650.jsonl,none+ga4,110,6,55,55,110,0.8568,0.84506,0.99055,0.6126,0.99254,0.8315,0.94345,0.64268,0.98686,0.80727,8.5
pool_hu_harm_llama70b_minimal-balanced_refusal_650.jsonl,none+ga4,110,7,55,55,110,0.84901,0.8346,0.97921,0.59504,0.9912,0.83058,0.93523,0.6106,0.9888,0.80378,7.8
pool_hu_harm_llama70b_minimal-daily_dilemmas_650.jsonl,none+ga4,110,0,55,55,110,0.85209,0.844,0.9707,0.54545,0.97438,0.91781,0.89695,0.66585,0.9698,0.8434,7.0
pool_hu_harm_llama70b_minimal-daily_dilemmas_650.jsonl,none+ga4,110,1,55,55,110,0.85147,0.85392,0.95274,0.52893,0.96736,0.95684,0.89901,0.69492,0.96122,0.86053,7.7
pool_hu_harm_llama70b_minimal-daily_dilemmas_650.jsonl,none+ga4,110,2,55,55,110,0.84351,0.83323,0.97921,0.56612,0.93707,0.89164,0.89263,0.69871,0.93293,0.80867,8.1
pool_hu_harm_llama70b_minimal-daily_dilemmas_650.jsonl,none+ga4,110,3,55,55,110,0.83486,0.83565,0.92344,0.55165,0.92816,0.93618,0.87554,0.6918,0.9176,0.85766,5.0
pool_hu_harm_llama70b_minimal-daily_dilemmas_650.jsonl,none+ga4,110,4,55,55,110,0.87141,0.86238,0.99622,0.56921,0.9785,0.94169,0.92366,0.67042,0.97931,0.87615,8.9
pool_hu_harm_llama70b_minimal-daily_dilemmas_650.jsonl,none+ga4,110,5,55,55,110,0.85013,0.82905,0.96975,0.54132,0.98218,0.90725,0.85673,0.66719,0.98028,0.81201,7.5
pool_hu_harm_llama70b_minimal-daily_dilemmas_650.jsonl,none+ga4,110,6,55,55,110,0.85737,0.84164,0.98488,0.60744,0.95288,0.8843,0.90052,0.69392,0.95021,0.8219,8.3
pool_hu_harm_llama70b_minimal-daily_dilemmas_650.jsonl,none+ga4,110,7,55,55,110,0.86788,0.85995,0.99055,0.57748,0.94988,0.95363,0.93847,0.68857,0.93889,0.87385,7.1
pool_hu_harm_nemotron_evaldescshape_650.jsonl,none+ga4,110,0,55,55,110,0.74659,0.76465,0.68526,0.5062,0.96892,0.82599,0.68317,0.67565,0.96992,0.72985,8.6
pool_hu_harm_nemotron_evaldescshape_650.jsonl,none+ga4,110,1,55,55,110,0.76127,0.76066,0.6758,0.53719,0.96569,0.86639,0.66349,0.68222,0.96639,0.73053,6.7
pool_hu_harm_nemotron_evaldescshape_650.jsonl,none+ga4,110,2,55,55,110,0.77428,0.79873,0.70699,0.52479,0.97048,0.89486,0.73064,0.67988,0.9715,0.81289,8.7
pool_hu_harm_nemotron_evaldescshape_650.jsonl,none+ga4,110,3,55,55,110,0.76565,0.77347,0.6758,0.53306,0.9667,0.88705,0.6636,0.6908,0.96345,0.77603,8.1
pool_hu_harm_nemotron_evaldescshape_650.jsonl,none+ga4,110,4,55,55,110,0.81738,0.81624,0.83459,0.53409,0.97293,0.92792,0.79996,0.66719,0.97609,0.82174,6.5
pool_hu_harm_nemotron_evaldescshape_650.jsonl,none+ga4,110,5,55,55,110,0.81168,0.81491,0.80057,0.56405,0.96246,0.91965,0.79141,0.69113,0.95857,0.81851,6.0
pool_hu_harm_nemotron_evaldescshape_650.jsonl,none+ga4,110,6,55,55,110,0.76502,0.78042,0.72212,0.51446,0.96491,0.85859,0.72005,0.68991,0.96405,0.74766,8.2
pool_hu_harm_nemotron_evaldescshape_650.jsonl,none+ga4,110,7,55,55,110,0.78467,0.79445,0.78072,0.4938,0.9716,0.89256,0.75941,0.66418,0.9726,0.7816,5.5
pool_hu_harm_nemotron_general_650.jsonl,none+ga4,110,0,55,55,110,0.81925,0.82202,0.89319,0.50207,0.97861,0.90312,0.84743,0.64781,0.98048,0.81237,5.5
pool_hu_harm_nemotron_general_650.jsonl,none+ga4,110,1,55,55,110,0.76834,0.77619,0.7552,0.4876,0.97472,0.85583,0.71237,0.65649,0.97516,0.76072,6.2
pool_hu_harm_nemotron_general_650.jsonl,none+ga4,110,2,55,55,110,0.82854,0.83615,0.9121,0.50207,0.98262,0.91736,0.86613,0.65326,0.98467,0.84054,5.4
pool_hu_harm_nemotron_general_650.jsonl,none+ga4,110,3,55,55,110,0.81856,0.8214,0.86957,0.51033,0.97928,0.91506,0.80785,0.66396,0.98034,0.83345,7.2
pool_hu_harm_nemotron_general_650.jsonl,none+ga4,110,4,55,55,110,0.80856,0.81683,0.89698,0.48554,0.97661,0.87511,0.84667,0.66429,0.97581,0.78056,5.3
pool_hu_harm_nemotron_general_650.jsonl,none+ga4,110,5,55,55,110,0.77868,0.79692,0.79112,0.47521,0.97694,0.87144,0.79433,0.64224,0.97426,0.77686,5.5
pool_hu_harm_nemotron_general_650.jsonl,none+ga4,110,6,55,55,110,0.8027,0.80478,0.88469,0.5062,0.97739,0.84252,0.83986,0.64836,0.9813,0.74958,5.9
pool_hu_harm_nemotron_general_650.jsonl,none+ga4,110,7,55,55,110,0.78168,0.78314,0.7949,0.50517,0.97405,0.85262,0.73335,0.66318,0.97551,0.76052,7.7
pool_hu_harm_deepseekv4pro_evaldescshape_650.jsonl,none+ga5,80,0,40,40,80,0.83886,0.82523,0.86011,0.58058,0.97628,0.93848,0.79455,0.70205,0.97637,0.82794,9.2
pool_hu_harm_deepseekv4pro_evaldescshape_650.jsonl,none+ga5,80,1,40,40,80,0.8144,0.80105,0.83932,0.57438,0.98118,0.86272,0.82126,0.68133,0.97612,0.72548,8.1
pool_hu_harm_deepseekv4pro_evaldescshape_650.jsonl,none+ga5,80,2,40,40,80,0.80068,0.78585,0.74197,0.6157,0.96948,0.87557,0.77682,0.66451,0.9715,0.73058,7.4
pool_hu_harm_deepseekv4pro_evaldescshape_650.jsonl,none+ga5,80,3,40,40,80,0.77172,0.7473,0.74669,0.55579,0.96302,0.8214,0.69604,0.62597,0.95934,0.70783,6.5
pool_hu_harm_deepseekv4pro_evaldescshape_650.jsonl,none+ga5,80,4,40,40,80,0.731,0.73256,0.67958,0.57748,0.95344,0.7135,0.67571,0.65839,0.9617,0.63442,7.9
pool_hu_harm_deepseekv4pro_evaldescshape_650.jsonl,none+ga5,80,5,40,40,80,0.74166,0.73213,0.67864,0.59814,0.93595,0.7539,0.64554,0.69537,0.93555,0.65207,5.2
pool_hu_harm_deepseekv4pro_evaldescshape_650.jsonl,none+ga5,80,6,40,40,80,0.77565,0.77136,0.7344,0.57335,0.96012,0.83471,0.70469,0.69136,0.9678,0.72157,7.6
pool_hu_harm_deepseekv4pro_evaldescshape_650.jsonl,none+ga5,80,7,40,40,80,0.77876,0.76256,0.76654,0.61054,0.96982,0.76814,0.73908,0.68467,0.95327,0.67321,5.1
pool_hu_harm_deepseekv4pro_general_650.jsonl,none+ga5,80,0,40,40,80,0.80228,0.79803,0.91399,0.48967,0.96157,0.84389,0.86354,0.58398,0.96843,0.77619,7.9
pool_hu_harm_deepseekv4pro_general_650.jsonl,none+ga5,80,1,40,40,80,0.83254,0.82197,0.97732,0.53616,0.96592,0.85078,0.91652,0.60838,0.96496,0.798,7.6
pool_hu_harm_deepseekv4pro_general_650.jsonl,none+ga5,80,2,40,40,80,0.80818,0.80308,0.92155,0.51033,0.96703,0.83379,0.86019,0.60437,0.97478,0.77301,7.8
pool_hu_harm_deepseekv4pro_general_650.jsonl,none+ga5,80,3,40,40,80,0.84618,0.84002,0.97826,0.52996,0.98118,0.89532,0.92582,0.61272,0.98336,0.83819,5.4
pool_hu_harm_deepseekv4pro_general_650.jsonl,none+ga5,80,4,40,40,80,0.83476,0.82391,0.95558,0.54752,0.9746,0.86134,0.9109,0.6086,0.97829,0.79784,7.5
pool_hu_harm_deepseekv4pro_general_650.jsonl,none+ga5,80,5,40,40,80,0.80714,0.80494,0.91588,0.53202,0.96937,0.81129,0.8724,0.62364,0.98054,0.74318,8.1
pool_hu_harm_deepseekv4pro_general_650.jsonl,none+ga5,80,6,40,40,80,0.81599,0.81986,0.91871,0.51343,0.96269,0.86915,0.85478,0.6556,0.97016,0.79889,5.6
pool_hu_harm_deepseekv4pro_general_650.jsonl,none+ga5,80,7,40,40,80,0.80628,0.79902,0.90832,0.54132,0.95912,0.81635,0.84916,0.60882,0.96512,0.77296,8.6
pool_hu_harm_gptoss_evaldescshape_650.jsonl,none+ga5,80,0,40,40,80,0.69694,0.71652,0.71739,0.52273,0.97327,0.57438,0.65949,0.69938,0.95936,0.54784,8.6
pool_hu_harm_gptoss_evaldescshape_650.jsonl,none+ga5,80,1,40,40,80,0.79033,0.76995,0.78355,0.68388,0.95879,0.73508,0.75097,0.71586,0.93776,0.67519,7.6
pool_hu_harm_gptoss_evaldescshape_650.jsonl,none+ga5,80,2,40,40,80,0.72777,0.71925,0.69565,0.66116,0.94776,0.60652,0.63084,0.75418,0.89394,0.59803,7.1
pool_hu_harm_gptoss_evaldescshape_650.jsonl,none+ga5,80,3,40,40,80,0.76187,0.7533,0.81947,0.60537,0.96881,0.65381,0.74978,0.68089,0.95012,0.63239,7.9
pool_hu_harm_gptoss_evaldescshape_650.jsonl,none+ga5,80,4,40,40,80,0.76588,0.74715,0.73346,0.68182,0.96001,0.68825,0.66858,0.7221,0.93621,0.6617,7.9
pool_hu_harm_gptoss_evaldescshape_650.jsonl,none+ga5,80,5,40,40,80,0.74108,0.73801,0.73535,0.55579,0.95144,0.72176,0.68696,0.67643,0.92517,0.66347,7.6
pool_hu_harm_gptoss_evaldescshape_650.jsonl,none+ga5,80,6,40,40,80,0.73486,0.74786,0.7552,0.59917,0.95834,0.62672,0.71745,0.71486,0.93084,0.62828,7.9
pool_hu_harm_gptoss_evaldescshape_650.jsonl,none+ga5,80,7,40,40,80,0.76677,0.75036,0.78828,0.6436,0.93685,0.69835,0.71237,0.71185,0.89859,0.67862,7.4
pool_hu_harm_gptoss_general_650.jsonl,none+ga5,80,0,40,40,80,0.85918,0.82827,0.98866,0.61467,0.94219,0.89118,0.90571,0.6634,0.92454,0.81945,4.9
pool_hu_harm_gptoss_general_650.jsonl,none+ga5,80,1,40,40,80,0.87786,0.86953,0.99244,0.59091,0.98274,0.94536,0.9575,0.66741,0.97326,0.87995,7.4
pool_hu_harm_gptoss_general_650.jsonl,none+ga5,80,2,40,40,80,0.86488,0.85924,0.98299,0.55579,0.98686,0.93388,0.95015,0.63578,0.98151,0.86953,4.8
pool_hu_harm_gptoss_general_650.jsonl,none+ga5,80,3,40,40,80,0.86448,0.86017,0.97353,0.56921,0.98452,0.93067,0.93718,0.65872,0.98137,0.86339,5.0
pool_hu_harm_gptoss_general_650.jsonl,none+ga5,80,4,40,40,80,0.86869,0.85743,0.98866,0.58988,0.98162,0.9146,0.94128,0.65984,0.975,0.8536,4.9
pool_hu_harm_gptoss_general_650.jsonl,none+ga5,80,5,40,40,80,0.86808,0.85065,0.98393,0.58161,0.98619,0.92057,0.92063,0.65683,0.97923,0.8459,5.2
pool_hu_harm_gptoss_general_650.jsonl,none+ga5,80,6,40,40,80,0.87259,0.86016,0.9811,0.59091,0.97806,0.94031,0.93642,0.6605,0.96631,0.87739,4.8
pool_hu_harm_gptoss_general_650.jsonl,none+ga5,80,7,40,40,80,0.86751,0.85819,0.99055,0.57335,0.97227,0.93388,0.94453,0.67186,0.95505,0.86131,4.9
pool_hu_harm_llama70b_evaldescshape_650.jsonl,none+ga5,80,0,40,40,80,0.72929,0.7274,0.74291,0.58678,0.95066,0.63682,0.66274,0.7202,0.95808,0.56857,4.5
pool_hu_harm_llama70b_evaldescshape_650.jsonl,none+ga5,80,1,40,40,80,0.75528,0.75467,0.82892,0.56198,0.93506,0.69513,0.72102,0.69537,0.94255,0.65973,4.6
pool_hu_harm_llama70b_evaldescshape_650.jsonl,none+ga5,80,2,40,40,80,0.72684,0.73133,0.77788,0.52376,0.93996,0.66575,0.7088,0.67398,0.94621,0.59631,4.7
pool_hu_harm_llama70b_evaldescshape_650.jsonl,none+ga5,80,3,40,40,80,0.7985,0.7688,0.87335,0.59814,0.93829,0.78421,0.7673,0.66785,0.94919,0.69086,5.1
pool_hu_harm_llama70b_evaldescshape_650.jsonl,none+ga5,80,4,40,40,80,0.73541,0.73217,0.80813,0.51446,0.9579,0.66116,0.70167,0.68891,0.96815,0.56997,4.7
pool_hu_harm_llama70b_evaldescshape_650.jsonl,none+ga5,80,5,40,40,80,0.77312,0.77586,0.78828,0.55579,0.96603,0.78237,0.75087,0.70339,0.9663,0.68289,6.7
pool_hu_harm_llama70b_evaldescshape_650.jsonl,none+ga5,80,6,40,40,80,0.78374,0.76831,0.85822,0.60744,0.95489,0.71442,0.74113,0.68846,0.96362,0.68003,5.0
pool_hu_harm_llama70b_evaldescshape_650.jsonl,none+ga5,80,7,40,40,80,0.75629,0.75402,0.77694,0.56095,0.95678,0.73049,0.69788,0.70283,0.96704,0.64832,4.6
pool_hu_harm_llama70b_full-ai_dilemmas_650.jsonl,none+ga5,80,0,40,40,80,0.80561,0.86168,0.97826,0.32955,0.95322,0.96143,0.94485,0.61049,0.97036,0.92102,5.3
pool_hu_harm_llama70b_full-ai_dilemmas_650.jsonl,none+ga5,80,1,40,40,80,0.8091,0.83155,0.95085,0.42252,0.96681,0.89624,0.88722,0.63667,0.96183,0.84048,6.3
pool_hu_harm_llama70b_full-ai_dilemmas_650.jsonl,none+ga5,80,2,40,40,80,0.88198,0.84965,0.99622,0.61674,0.94988,0.96511,0.93523,0.63344,0.93812,0.89182,5.2
pool_hu_harm_llama70b_full-ai_dilemmas_650.jsonl,none+ga5,80,3,40,40,80,0.8453,0.86556,0.97921,0.45455,0.97728,0.97016,0.93728,0.62252,0.97225,0.93019,7.3
pool_hu_harm_llama70b_full-ai_dilemmas_650.jsonl,none+ga5,80,4,40,40,80,0.86246,0.85298,0.99055,0.56198,0.9354,0.96189,0.94745,0.6487,0.92235,0.89343,5.1
pool_hu_harm_llama70b_full-ai_dilemmas_650.jsonl,none+ga5,80,5,40,40,80,0.82168,0.81044,0.94518,0.4938,0.94876,0.89899,0.88668,0.60158,0.92802,0.82549,5.2
pool_hu_harm_llama70b_full-ai_dilemmas_650.jsonl,none+ga5,80,6,40,40,80,0.84554,0.85339,0.98488,0.45868,0.97672,0.96189,0.92539,0.61094,0.98429,0.89296,5.1
pool_hu_harm_llama70b_full-ai_dilemmas_650.jsonl,none+ga5,80,7,40,40,80,0.81148,0.83262,0.97732,0.36777,0.94676,0.95409,0.9016,0.60069,0.93608,0.89213,6.1
pool_hu_harm_llama70b_full-ant_hh_650.jsonl,none+ga5,80,0,40,40,80,0.70092,0.69949,0.61437,0.60124,0.86768,0.72039,0.62165,0.67253,0.85675,0.64702,4.0
pool_hu_harm_llama70b_full-ant_hh_650.jsonl,none+ga5,80,1,40,40,80,0.72993,0.71941,0.65974,0.61777,0.9393,0.70294,0.65333,0.65883,0.91987,0.64562,5.2
pool_hu_harm_llama70b_full-ant_hh_650.jsonl,none+ga5,80,2,40,40,80,0.72167,0.69731,0.64367,0.66942,0.84908,0.72452,0.6343,0.67309,0.84695,0.63489,4.0
pool_hu_harm_llama70b_full-ant_hh_650.jsonl,none+ga5,80,3,40,40,80,0.73548,0.72048,0.67958,0.64256,0.9462,0.67355,0.67225,0.64992,0.93047,0.62927,5.3
pool_hu_harm_llama70b_full-ant_hh_650.jsonl,none+ga5,80,4,40,40,80,0.74263,0.77273,0.74008,0.60847,0.93417,0.68779,0.77779,0.67019,0.953,0.68992,7.4
pool_hu_harm_llama70b_full-ant_hh_650.jsonl,none+ga5,80,5,40,40,80,0.72673,0.73407,0.67675,0.58678,0.94687,0.69651,0.69496,0.64279,0.94207,0.65645,7.7
pool_hu_harm_llama70b_full-ant_hh_650.jsonl,none+ga5,80,6,40,40,80,0.74236,0.72697,0.70227,0.60847,0.94564,0.71304,0.67215,0.62932,0.94971,0.65671,7.2
pool_hu_harm_llama70b_full-ant_hh_650.jsonl,none+ga5,80,7,40,40,80,0.72294,0.70427,0.6465,0.63636,0.90688,0.70202,0.63473,0.6693,0.88811,0.62495,4.0
pool_hu_harm_llama70b_full-balanced_refusal_650.jsonl,none+ga5,80,0,40,40,80,0.63914,0.678,0.76465,0.43595,0.98084,0.37511,0.74849,0.6497,0.98706,0.32674,8.5
pool_hu_harm_llama70b_full-balanced_refusal_650.jsonl,none+ga5,80,1,40,40,80,0.60751,0.64492,0.70132,0.3781,0.98285,0.36777,0.66998,0.62352,0.98864,0.29753,7.3
pool_hu_harm_llama70b_full-balanced_refusal_650.jsonl,none+ga5,80,2,40,40,80,0.59584,0.63697,0.71267,0.35331,0.98407,0.33333,0.67409,0.61773,0.98954,0.2665,6.1
pool_hu_harm_llama70b_full-balanced_refusal_650.jsonl,none+ga5,80,3,40,40,80,0.62053,0.66204,0.74008,0.37087,0.98184,0.38935,0.68545,0.64391,0.98791,0.3309,5.3
pool_hu_harm_llama70b_full-balanced_refusal_650.jsonl,none+ga5,80,4,40,40,80,0.67479,0.69086,0.7741,0.44421,0.96937,0.51148,0.68653,0.64703,0.97409,0.4558,7.5
pool_hu_harm_llama70b_full-balanced_refusal_650.jsonl,none+ga5,80,5,40,40,80,0.6682,0.70604,0.75047,0.46591,0.96926,0.48714,0.73962,0.67175,0.9775,0.43529,5.9
pool_hu_harm_llama70b_full-balanced_refusal_650.jsonl,none+ga5,80,6,40,40,80,0.66951,0.69625,0.79017,0.43079,0.97683,0.48026,0.71183,0.6556,0.9843,0.43326,6.4
pool_hu_harm_llama70b_full-balanced_refusal_650.jsonl,none+ga5,80,7,40,40,80,0.69162,0.72109,0.78922,0.43698,0.97783,0.56244,0.73043,0.67409,0.98525,0.49459,7.0
pool_hu_harm_llama70b_full-daily_dilemmas_650.jsonl,none+ga5,80,0,40,40,80,0.87881,0.86997,0.98299,0.59401,0.96213,0.97612,0.95221,0.61172,0.94801,0.96793,7.2
pool_hu_harm_llama70b_full-daily_dilemmas_650.jsonl,none+ga5,80,1,40,40,80,0.86687,0.85891,0.98488,0.54752,0.94977,0.98531,0.97005,0.55647,0.93709,0.97204,7.9
pool_hu_harm_llama70b_full-daily_dilemmas_650.jsonl,none+ga5,80,2,40,40,80,0.85709,0.84949,0.96786,0.53616,0.94732,0.97704,0.93609,0.54678,0.95266,0.96241,6.1
pool_hu_harm_llama70b_full-daily_dilemmas_650.jsonl,none+ga5,80,3,40,40,80,0.88489,0.869,0.98488,0.6095,0.95756,0.9876,0.95923,0.59935,0.94694,0.97048,7.3
pool_hu_harm_llama70b_full-daily_dilemmas_650.jsonl,none+ga5,80,4,40,40,80,0.90117,0.88458,0.99055,0.65702,0.97271,0.98439,0.9747,0.65059,0.94184,0.97121,6.1
pool_hu_harm_llama70b_full-daily_dilemmas_650.jsonl,none+ga5,80,5,40,40,80,0.86684,0.83808,0.99433,0.62293,0.86478,0.98531,0.97664,0.55848,0.84557,0.97163,7.8
pool_hu_harm_llama70b_full-daily_dilemmas_650.jsonl,none+ga5,80,6,40,40,80,0.87896,0.87473,0.97732,0.57541,0.9824,0.98072,0.95988,0.59835,0.97475,0.96595,7.6
pool_hu_harm_llama70b_full-daily_dilemmas_650.jsonl,none+ga5,80,7,40,40,80,0.85415,0.84437,0.98299,0.51446,0.93428,0.98485,0.95556,0.50835,0.94378,0.9698,7.1
pool_hu_harm_llama70b_general_650.jsonl,none+ga5,80,0,40,40,80,0.78523,0.78393,0.77599,0.57335,0.94954,0.84206,0.76752,0.68846,0.95957,0.72017,7.5
pool_hu_harm_llama70b_general_650.jsonl,none+ga5,80,1,40,40,80,0.78061,0.78362,0.74953,0.60021,0.95177,0.82094,0.76427,0.69938,0.95614,0.7147,7.4
pool_hu_harm_llama70b_general_650.jsonl,none+ga5,80,2,40,40,80,0.82006,0.80466,0.82042,0.63223,0.93551,0.8921,0.80969,0.71129,0.94057,0.75708,7.8
pool_hu_harm_llama70b_general_650.jsonl,none+ga5,80,3,40,40,80,0.78718,0.7687,0.78544,0.64153,0.9247,0.79706,0.74567,0.71219,0.92969,0.68727,8.5
pool_hu_harm_llama70b_general_650.jsonl,none+ga5,80,4,40,40,80,0.82137,0.82232,0.87051,0.60227,0.94219,0.87052,0.85316,0.70004,0.95552,0.78056,8.7
pool_hu_harm_llama70b_general_650.jsonl,none+ga5,80,5,40,40,80,0.801,0.78275,0.8138,0.62707,0.93117,0.83196,0.77844,0.69581,0.9236,0.73313,7.9
pool_hu_harm_llama70b_general_650.jsonl,none+ga5,80,6,40,40,80,0.77285,0.76068,0.75331,0.65289,0.92259,0.76263,0.70869,0.72321,0.91929,0.69153,7.5
pool_hu_harm_llama70b_general_650.jsonl,none+ga5,80,7,40,40,80,0.79666,0.79773,0.80246,0.61054,0.93206,0.8416,0.78979,0.71263,0.93909,0.74943,7.1
pool_hu_harm_llama70b_minimal-ai_dilemmas_650.jsonl,none+ga5,80,0,40,40,80,0.73801,0.70235,0.64272,0.67975,0.87703,0.75253,0.59753,0.71085,0.8466,0.65441,5.1
pool_hu_harm_llama70b_minimal-ai_dilemmas_650.jsonl,none+ga5,80,1,40,40,80,0.71955,0.70609,0.60113,0.6219,0.89942,0.75574,0.58077,0.72154,0.89876,0.62328,5.7
pool_hu_harm_llama70b_minimal-ai_dilemmas_650.jsonl,none+ga5,80,2,40,40,80,0.71542,0.69344,0.638,0.67355,0.88026,0.66988,0.59224,0.75562,0.85401,0.5719,4.7
pool_hu_harm_llama70b_minimal-ai_dilemmas_650.jsonl,none+ga5,80,3,40,40,80,0.70598,0.69513,0.58129,0.65083,0.89898,0.69284,0.56434,0.7104,0.90394,0.60183,5.8
pool_hu_harm_llama70b_minimal-ai_dilemmas_650.jsonl,none+ga5,80,4,40,40,80,0.71314,0.69654,0.62193,0.64773,0.88962,0.6933,0.58521,0.69102,0.89041,0.61953,4.6
pool_hu_harm_llama70b_minimal-ai_dilemmas_650.jsonl,none+ga5,80,5,40,40,80,0.72592,0.69707,0.60113,0.68905,0.88394,0.72957,0.56726,0.72421,0.86353,0.63328,4.7
pool_hu_harm_llama70b_minimal-ai_dilemmas_650.jsonl,none+ga5,80,6,40,40,80,0.68722,0.68199,0.56805,0.69318,0.82513,0.66253,0.54271,0.74449,0.82481,0.61594,4.2
pool_hu_harm_llama70b_minimal-ai_dilemmas_650.jsonl,none+ga5,80,7,40,40,80,0.71532,0.69744,0.59357,0.6436,0.90466,0.71947,0.56823,0.71285,0.88244,0.62625,5.2
pool_hu_harm_llama70b_minimal-ant_hh_650.jsonl,none+ga5,80,0,40,40,80,0.84074,0.83105,0.98015,0.62293,0.98853,0.77135,0.93231,0.66084,0.98145,0.74958,5.6
pool_hu_harm_llama70b_minimal-ant_hh_650.jsonl,none+ga5,80,1,40,40,80,0.86781,0.85761,0.96786,0.62603,0.99076,0.88659,0.95437,0.64591,0.98562,0.84454,6.8
pool_hu_harm_llama70b_minimal-ant_hh_650.jsonl,none+ga5,80,2,40,40,80,0.82295,0.82059,0.93289,0.6126,0.97405,0.77227,0.91328,0.63232,0.97545,0.7613,7.4
pool_hu_harm_llama70b_minimal-ant_hh_650.jsonl,none+ga5,80,3,40,40,80,0.83508,0.8325,0.96786,0.59917,0.98496,0.78834,0.93166,0.63533,0.9825,0.78051,6.0
pool_hu_harm_llama70b_minimal-ant_hh_650.jsonl,none+ga5,80,4,40,40,80,0.83557,0.83655,0.9518,0.6157,0.98552,0.78926,0.93199,0.65126,0.98059,0.78238,7.7
pool_hu_harm_llama70b_minimal-ant_hh_650.jsonl,none+ga5,80,5,40,40,80,0.83999,0.84261,0.95841,0.58988,0.98385,0.82782,0.92474,0.64591,0.98803,0.81175,6.6
pool_hu_harm_llama70b_minimal-ant_hh_650.jsonl,none+ga5,80,6,40,40,80,0.85659,0.84928,0.98677,0.60124,0.98619,0.85216,0.93696,0.63689,0.98764,0.83564,7.9
pool_hu_harm_llama70b_minimal-ant_hh_650.jsonl,none+ga5,80,7,40,40,80,0.83639,0.83957,0.94991,0.6219,0.98084,0.79293,0.91869,0.67877,0.96923,0.7916,7.0
pool_hu_harm_llama70b_minimal-balanced_refusal_650.jsonl,none+ga5,80,0,40,40,80,0.85133,0.84291,0.99055,0.59814,0.98741,0.8292,0.93804,0.66273,0.9887,0.78217,7.0
pool_hu_harm_llama70b_minimal-balanced_refusal_650.jsonl,none+ga5,80,1,40,40,80,0.84633,0.83654,0.99338,0.56818,0.9863,0.83747,0.93609,0.62041,0.98844,0.80123,7.3
pool_hu_harm_llama70b_minimal-balanced_refusal_650.jsonl,none+ga5,80,2,40,40,80,0.86788,0.84828,0.99433,0.625,0.99131,0.86088,0.94799,0.65538,0.98857,0.80118,7.3
pool_hu_harm_llama70b_minimal-balanced_refusal_650.jsonl,none+ga5,80,3,40,40,80,0.8321,0.81176,0.95841,0.60021,0.98697,0.78283,0.91166,0.59011,0.99013,0.75515,6.9
pool_hu_harm_llama70b_minimal-balanced_refusal_650.jsonl,none+ga5,80,4,40,40,80,0.85178,0.8343,0.98299,0.58368,0.99243,0.84803,0.93382,0.60437,0.99297,0.80602,7.4
pool_hu_harm_llama70b_minimal-balanced_refusal_650.jsonl,none+ga5,80,5,40,40,80,0.86283,0.85049,0.9707,0.59607,0.99198,0.89256,0.94139,0.63076,0.98614,0.84366,7.1
pool_hu_harm_llama70b_minimal-balanced_refusal_650.jsonl,none+ga5,80,6,40,40,80,0.84636,0.84065,0.96786,0.59607,0.98864,0.83287,0.94237,0.65716,0.98673,0.77634,7.2
pool_hu_harm_llama70b_minimal-balanced_refusal_650.jsonl,none+ga5,80,7,40,40,80,0.87015,0.86404,0.9896,0.59607,0.99042,0.9045,0.95296,0.64402,0.98695,0.87224,7.3
pool_hu_harm_llama70b_minimal-daily_dilemmas_650.jsonl,none+ga5,80,0,40,40,80,0.85427,0.84156,0.96503,0.53202,0.9765,0.94353,0.87619,0.6693,0.97703,0.84371,6.8
pool_hu_harm_llama70b_minimal-daily_dilemmas_650.jsonl,none+ga5,80,1,40,40,80,0.85712,0.853,0.97732,0.54132,0.9755,0.93434,0.90993,0.66708,0.97515,0.85985,6.6
pool_hu_harm_llama70b_minimal-daily_dilemmas_650.jsonl,none+ga5,80,2,40,40,80,0.8448,0.82645,0.98771,0.56818,0.95968,0.86364,0.89619,0.67164,0.96309,0.77489,5.2
pool_hu_harm_llama70b_minimal-daily_dilemmas_650.jsonl,none+ga5,80,3,40,40,80,0.85021,0.83167,0.97259,0.56715,0.94743,0.91368,0.89425,0.6732,0.94627,0.81294,7.3
pool_hu_harm_llama70b_minimal-daily_dilemmas_650.jsonl,none+ga5,80,4,40,40,80,0.84859,0.82692,0.90832,0.60744,0.96035,0.91827,0.85305,0.68144,0.94779,0.82539,5.3
pool_hu_harm_llama70b_minimal-daily_dilemmas_650.jsonl,none+ga5,80,5,40,40,80,0.83717,0.80366,0.96408,0.58678,0.94843,0.8494,0.84721,0.67966,0.94506,0.74271,5.6
pool_hu_harm_llama70b_minimal-daily_dilemmas_650.jsonl,none+ga5,80,6,40,40,80,0.86951,0.8492,0.98299,0.59401,0.9814,0.91965,0.90149,0.67042,0.98359,0.84132,7.9
pool_hu_harm_llama70b_minimal-daily_dilemmas_650.jsonl,none+ga5,80,7,40,40,80,0.84004,0.82796,0.9603,0.4938,0.95701,0.94904,0.86127,0.66073,0.94744,0.84241,5.2
pool_hu_harm_nemotron_evaldescshape_650.jsonl,none+ga5,80,0,40,40,80,0.80059,0.80312,0.81285,0.54029,0.9755,0.87374,0.78428,0.66351,0.9771,0.78759,6.5
pool_hu_harm_nemotron_evaldescshape_650.jsonl,none+ga5,80,1,40,40,80,0.79597,0.79203,0.80529,0.56921,0.95355,0.85583,0.78633,0.69358,0.95535,0.73287,5.4
pool_hu_harm_nemotron_evaldescshape_650.jsonl,none+ga5,80,2,40,40,80,0.73511,0.74858,0.67391,0.49174,0.95522,0.81956,0.67485,0.6536,0.94379,0.72209,6.1
pool_hu_harm_nemotron_evaldescshape_650.jsonl,none+ga5,80,3,40,40,80,0.79956,0.78993,0.77316,0.55992,0.97628,0.88889,0.76081,0.65059,0.97136,0.77697,6.6
pool_hu_harm_nemotron_evaldescshape_650.jsonl,none+ga5,80,4,40,40,80,0.87068,0.87143,0.93951,0.59504,0.98675,0.96143,0.93793,0.67465,0.98142,0.89171,7.9
pool_hu_harm_nemotron_evaldescshape_650.jsonl,none+ga5,80,5,40,40,80,0.73758,0.76882,0.65879,0.50207,0.95567,0.83379,0.66825,0.71152,0.96257,0.73292,7.4
pool_hu_harm_nemotron_evaldescshape_650.jsonl,none+ga5,80,6,40,40,80,0.80197,0.79888,0.82609,0.52169,0.95745,0.90266,0.7926,0.66329,0.96213,0.77749,5.1
pool_hu_harm_nemotron_evaldescshape_650.jsonl,none+ga5,80,7,40,40,80,0.78369,0.78425,0.77316,0.51136,0.96547,0.88476,0.72091,0.65928,0.97131,0.78551,5.5
pool_hu_harm_nemotron_general_650.jsonl,none+ga5,80,0,40,40,80,0.72865,0.74524,0.72968,0.45248,0.97394,0.75849,0.68285,0.65661,0.97666,0.66483,5.9
pool_hu_harm_nemotron_general_650.jsonl,none+ga5,80,1,40,40,80,0.79583,0.79302,0.8431,0.55269,0.97026,0.81726,0.8059,0.66084,0.97221,0.73313,6.9
pool_hu_harm_nemotron_general_650.jsonl,none+ga5,80,2,40,40,80,0.78577,0.7963,0.8431,0.45248,0.97561,0.8719,0.77844,0.64079,0.98161,0.78436,5.1
pool_hu_harm_nemotron_general_650.jsonl,none+ga5,80,3,40,40,80,0.81847,0.82351,0.89887,0.47934,0.97694,0.91873,0.82515,0.64658,0.98188,0.84043,5.8
pool_hu_harm_nemotron_general_650.jsonl,none+ga5,80,4,40,40,80,0.74935,0.76002,0.78261,0.44835,0.96937,0.79706,0.72848,0.65516,0.97157,0.68487,5.1
pool_hu_harm_nemotron_general_650.jsonl,none+ga5,80,5,40,40,80,0.78331,0.78711,0.79773,0.48037,0.97405,0.88108,0.74146,0.65104,0.97718,0.77879,7.0
pool_hu_harm_nemotron_general_650.jsonl,none+ga5,80,6,40,40,80,0.77927,0.78822,0.83081,0.45351,0.97783,0.85491,0.76168,0.64268,0.97828,0.77025,5.0
pool_hu_harm_nemotron_general_650.jsonl,none+ga5,80,7,40,40,80,0.76217,0.76563,0.77032,0.48864,0.97293,0.8168,0.71951,0.65549,0.97631,0.71121,5.0
pool_hu_harm_deepseekv4pro_evaldescshape_650.jsonl,none+ga2,30,0,15,15,30,0.62375,0.65649,0.5775,0.44525,0.91212,0.56015,0.57029,0.61083,0.90306,0.54181,7.5
pool_hu_harm_deepseekv4pro_evaldescshape_650.jsonl,none+ga2,30,1,15,15,30,0.70213,0.69524,0.7051,0.49793,0.94798,0.65748,0.60564,0.67242,0.94339,0.55951,6.6
pool_hu_harm_deepseekv4pro_evaldescshape_650.jsonl,none+ga2,30,2,15,15,30,0.66048,0.68742,0.57845,0.55372,0.90276,0.60698,0.54909,0.66696,0.9152,0.61844,6.7
pool_hu_harm_deepseekv4pro_evaldescshape_650.jsonl,none+ga2,30,3,15,15,30,0.70708,0.70322,0.63327,0.58884,0.94687,0.65932,0.58932,0.68545,0.94779,0.59033,5.6
pool_hu_harm_deepseekv4pro_evaldescshape_650.jsonl,none+ga2,30,4,15,15,30,0.75672,0.73767,0.64839,0.67355,0.93907,0.76584,0.64457,0.68556,0.91989,0.70065,6.9
pool_hu_harm_deepseekv4pro_evaldescshape_650.jsonl,none+ga2,30,5,15,15,30,0.62968,0.68753,0.57278,0.45661,0.92871,0.56061,0.56163,0.70584,0.92986,0.55279,3.7
pool_hu_harm_deepseekv4pro_evaldescshape_650.jsonl,none+ga2,30,6,15,15,30,0.63793,0.65314,0.55482,0.53202,0.90933,0.55556,0.54552,0.64034,0.90061,0.52608,6.2
pool_hu_harm_deepseekv4pro_evaldescshape_650.jsonl,none+ga2,30,7,15,15,30,0.62351,0.66166,0.5397,0.52376,0.9168,0.51377,0.53471,0.68746,0.92227,0.50219,5.7
pool_hu_harm_deepseekv4pro_general_650.jsonl,none+ga2,30,0,15,15,30,0.82315,0.81483,0.93384,0.5155,0.96035,0.88292,0.87857,0.63243,0.96427,0.78405,4.2
pool_hu_harm_deepseekv4pro_general_650.jsonl,none+ga2,30,1,15,15,30,0.8294,0.81882,0.94802,0.49897,0.97806,0.89256,0.875,0.59245,0.98342,0.8244,4.2
pool_hu_harm_deepseekv4pro_general_650.jsonl,none+ga2,30,2,15,15,30,0.77813,0.77048,0.8724,0.50103,0.97048,0.7686,0.82104,0.57697,0.97428,0.70965,4.3
pool_hu_harm_deepseekv4pro_general_650.jsonl,none+ga2,30,3,15,15,30,0.85246,0.83998,0.99433,0.52479,0.97059,0.92011,0.92874,0.59267,0.97955,0.85897,4.4
pool_hu_harm_deepseekv4pro_general_650.jsonl,none+ga2,30,4,15,15,30,0.74529,0.74705,0.8242,0.49174,0.94943,0.71579,0.7699,0.58799,0.95798,0.67232,4.6
pool_hu_harm_deepseekv4pro_general_650.jsonl,none+ga2,30,5,15,15,30,0.80938,0.80272,0.9225,0.53719,0.94175,0.83609,0.87662,0.62508,0.95346,0.75573,4.5
pool_hu_harm_deepseekv4pro_general_650.jsonl,none+ga2,30,6,15,15,30,0.76879,0.7786,0.82798,0.46901,0.96781,0.81038,0.76752,0.65226,0.97554,0.71908,4.4
pool_hu_harm_deepseekv4pro_general_650.jsonl,none+ga2,30,7,15,15,30,0.77294,0.7755,0.83932,0.47934,0.95723,0.81589,0.80039,0.61461,0.96531,0.72168,5.2
pool_hu_harm_gptoss_evaldescshape_650.jsonl,none+ga2,30,0,15,15,30,0.68234,0.6948,0.6569,0.55062,0.95433,0.56749,0.62716,0.69102,0.9303,0.53072,5.3
pool_hu_harm_gptoss_evaldescshape_650.jsonl,none+ga2,30,1,15,15,30,0.62685,0.6494,0.56238,0.55992,0.89474,0.49036,0.55061,0.68434,0.85951,0.50312,3.5
pool_hu_harm_gptoss_evaldescshape_650.jsonl,none+ga2,30,2,15,15,30,0.67963,0.66699,0.60681,0.69835,0.84451,0.56887,0.5598,0.76108,0.79231,0.55477,3.8
pool_hu_harm_gptoss_evaldescshape_650.jsonl,none+ga2,30,3,15,15,30,0.74719,0.74177,0.77505,0.58574,0.93974,0.68825,0.70621,0.70483,0.90926,0.64676,6.1
pool_hu_harm_gptoss_evaldescshape_650.jsonl,none+ga2,30,4,15,15,30,0.63377,0.64665,0.58129,0.55372,0.90466,0.49541,0.52865,0.6937,0.85971,0.50453,3.7
pool_hu_harm_gptoss_evaldescshape_650.jsonl,none+ga2,30,5,15,15,30,0.72629,0.7084,0.68242,0.68905,0.90744,0.62626,0.63051,0.73067,0.8431,0.62932,4.3
pool_hu_harm_gptoss_evaldescshape_650.jsonl,none+ga2,30,6,15,15,30,0.70311,0.70392,0.66352,0.64463,0.94141,0.5629,0.61494,0.74192,0.90316,0.55565,4.5
pool_hu_harm_gptoss_evaldescshape_650.jsonl,none+ga2,30,7,15,15,30,0.71875,0.7309,0.68053,0.60227,0.96135,0.63085,0.6622,0.70495,0.91499,0.64145,4.9
pool_hu_harm_gptoss_general_650.jsonl,none+ga2,30,0,15,15,30,0.86643,0.84583,0.97448,0.57955,0.98196,0.92975,0.91339,0.66574,0.96929,0.83491,4.6
pool_hu_harm_gptoss_general_650.jsonl,none+ga2,30,1,15,15,30,0.86167,0.84717,0.96597,0.56198,0.98897,0.92975,0.89511,0.66908,0.97778,0.84673,5.7
pool_hu_harm_gptoss_general_650.jsonl,none+ga2,30,2,15,15,30,0.83423,0.83834,0.93384,0.52686,0.97817,0.89807,0.9016,0.66162,0.96906,0.82106,4.4
pool_hu_harm_gptoss_general_650.jsonl,none+ga2,30,3,15,15,30,0.82227,0.80353,0.89981,0.58678,0.9687,0.83379,0.82396,0.67899,0.96264,0.74854,4.4
pool_hu_harm_gptoss_general_650.jsonl,none+ga2,30,4,15,15,30,0.79553,0.78385,0.84499,0.58058,0.97327,0.78329,0.79833,0.6693,0.96026,0.70752,6.4
pool_hu_harm_gptoss_general_650.jsonl,none+ga2,30,5,15,15,30,0.867,0.84819,0.98299,0.59091,0.99098,0.90312,0.92658,0.64201,0.98234,0.84184,6.2
pool_hu_harm_gptoss_general_650.jsonl,none+ga2,30,6,15,15,30,0.85597,0.82647,0.96881,0.59917,0.9638,0.8921,0.883,0.65672,0.95987,0.80628,4.3
pool_hu_harm_gptoss_general_650.jsonl,none+ga2,30,7,15,15,30,0.82158,0.81954,0.95085,0.50207,0.97572,0.85767,0.87543,0.65516,0.97416,0.77343,4.2
pool_hu_harm_llama70b_evaldescshape_650.jsonl,none+ga2,30,0,15,15,30,0.63106,0.67617,0.57089,0.46384,0.94086,0.54867,0.53687,0.65939,0.95017,0.55826,4.6
pool_hu_harm_llama70b_evaldescshape_650.jsonl,none+ga2,30,1,15,15,30,0.6498,0.67315,0.56711,0.53822,0.89196,0.60193,0.5372,0.68389,0.9205,0.55102,3.8
pool_hu_harm_llama70b_evaldescshape_650.jsonl,none+ga2,30,2,15,15,30,0.61681,0.65644,0.5397,0.50826,0.94865,0.47062,0.52963,0.69971,0.95891,0.43753,4.1
pool_hu_harm_llama70b_evaldescshape_650.jsonl,none+ga2,30,3,15,15,30,0.67883,0.68647,0.66352,0.53202,0.95411,0.56566,0.58164,0.64257,0.96944,0.55222,4.0
pool_hu_harm_llama70b_evaldescshape_650.jsonl,none+ga2,30,4,15,15,30,0.6867,0.69015,0.60397,0.6126,0.91546,0.61478,0.55082,0.68701,0.92025,0.60251,6.4
pool_hu_harm_llama70b_evaldescshape_650.jsonl,none+ga2,30,5,15,15,30,0.73072,0.73705,0.7656,0.58058,0.94954,0.62718,0.70383,0.69993,0.95947,0.58496,4.5
pool_hu_harm_llama70b_evaldescshape_650.jsonl,none+ga2,30,6,15,15,30,0.65442,0.66499,0.57183,0.56921,0.8963,0.58035,0.52584,0.69436,0.90659,0.53316,3.9
pool_hu_harm_llama70b_evaldescshape_650.jsonl,none+ga2,30,7,15,15,30,0.73683,0.74582,0.75992,0.52066,0.96335,0.7034,0.70642,0.6761,0.97619,0.62458,4.5
pool_hu_harm_llama70b_full-ai_dilemmas_650.jsonl,none+ga2,30,0,15,15,30,0.71645,0.7209,0.76938,0.50413,0.93529,0.65702,0.67647,0.66574,0.93855,0.60282,5.1
pool_hu_harm_llama70b_full-ai_dilemmas_650.jsonl,none+ga2,30,1,15,15,30,0.66073,0.712,0.72401,0.32645,0.93818,0.65427,0.71713,0.54411,0.92546,0.66129,6.0
pool_hu_harm_llama70b_full-ai_dilemmas_650.jsonl,none+ga2,30,2,15,15,30,0.69534,0.76177,0.77883,0.26343,0.96224,0.77686,0.75465,0.56872,0.98535,0.73834,5.1
pool_hu_harm_llama70b_full-ai_dilemmas_650.jsonl,none+ga2,30,3,15,15,30,0.61287,0.67921,0.67486,0.31095,0.93996,0.52571,0.71929,0.49755,0.9205,0.5795,5.0
pool_hu_harm_llama70b_full-ai_dilemmas_650.jsonl,none+ga2,30,4,15,15,30,0.57431,0.62104,0.54253,0.34298,0.8943,0.51745,0.5333,0.54533,0.90455,0.50099,6.8
pool_hu_harm_llama70b_full-ai_dilemmas_650.jsonl,none+ga2,30,5,15,15,30,0.64396,0.69563,0.62098,0.48554,0.86968,0.59963,0.62597,0.71297,0.85203,0.59158,6.8
pool_hu_harm_llama70b_full-ai_dilemmas_650.jsonl,none+ga2,30,6,15,15,30,0.76575,0.80003,0.81096,0.45351,0.97026,0.82828,0.77736,0.67599,0.96215,0.78462,5.8
pool_hu_harm_llama70b_full-ai_dilemmas_650.jsonl,none+ga2,30,7,15,15,30,0.58624,0.61904,0.52552,0.44421,0.89497,0.48026,0.52811,0.6037,0.86132,0.48303,4.1
pool_hu_harm_llama70b_full-ant_hh_650.jsonl,none+ga2,30,0,15,15,30,0.67784,0.68279,0.63422,0.57128,0.9168,0.58907,0.59407,0.64235,0.90507,0.58965,3.7
pool_hu_harm_llama70b_full-ant_hh_650.jsonl,none+ga2,30,1,15,15,30,0.66937,0.69111,0.61531,0.55269,0.92315,0.58632,0.62305,0.61807,0.93624,0.5871,5.1
pool_hu_harm_llama70b_full-ant_hh_650.jsonl,none+ga2,30,2,15,15,30,0.69728,0.69022,0.6276,0.58471,0.92393,0.65289,0.59699,0.61818,0.93301,0.61271,6.1
pool_hu_harm_llama70b_full-ant_hh_650.jsonl,none+ga2,30,3,15,15,30,0.72345,0.71388,0.63989,0.6281,0.92793,0.69789,0.61246,0.65738,0.93016,0.65551,6.1
pool_hu_harm_llama70b_full-ant_hh_650.jsonl,none+ga2,30,4,15,15,30,0.69409,0.68052,0.60491,0.62603,0.91134,0.63407,0.58045,0.65538,0.88245,0.60381,3.6
pool_hu_harm_llama70b_full-ant_hh_650.jsonl,none+ga2,30,5,15,15,30,0.70074,0.70401,0.6465,0.58161,0.90911,0.66575,0.6277,0.67476,0.89279,0.62078,3.6
pool_hu_harm_llama70b_full-ant_hh_650.jsonl,none+ga2,30,6,15,15,30,0.69258,0.69908,0.63043,0.51136,0.91869,0.70983,0.64252,0.61784,0.92273,0.61323,6.0
pool_hu_harm_llama70b_full-ant_hh_650.jsonl,none+ga2,30,7,15,15,30,0.70569,0.70377,0.63422,0.63017,0.9335,0.62489,0.6183,0.62854,0.93481,0.63343,5.6
pool_hu_harm_llama70b_full-balanced_refusal_650.jsonl,none+ga2,30,0,15,15,30,0.58334,0.62122,0.70132,0.33884,0.98329,0.30992,0.65744,0.60637,0.98816,0.23292,5.0
pool_hu_harm_llama70b_full-balanced_refusal_650.jsonl,none+ga2,30,1,15,15,30,0.63852,0.67236,0.72684,0.40909,0.98196,0.43618,0.68739,0.63477,0.98603,0.38125,4.4
pool_hu_harm_llama70b_full-balanced_refusal_650.jsonl,none+ga2,30,2,15,15,30,0.6043,0.63837,0.66919,0.40186,0.97839,0.36777,0.58845,0.64792,0.98081,0.33632,5.0
pool_hu_harm_llama70b_full-balanced_refusal_650.jsonl,none+ga2,30,3,15,15,30,0.58102,0.64459,0.59263,0.40186,0.9765,0.35308,0.58737,0.682,0.97873,0.33028,4.4
pool_hu_harm_llama70b_full-balanced_refusal_650.jsonl,none+ga2,30,4,15,15,30,0.57815,0.64465,0.66163,0.3719,0.97694,0.30211,0.63657,0.67766,0.98074,0.28363,5.4
pool_hu_harm_llama70b_full-balanced_refusal_650.jsonl,none+ga2,30,5,15,15,30,0.60072,0.61931,0.72117,0.34711,0.98151,0.35308,0.64403,0.56772,0.98764,0.27785,4.6
pool_hu_harm_llama70b_full-balanced_refusal_650.jsonl,none+ga2,30,6,15,15,30,0.55925,0.62109,0.68242,0.31715,0.97527,0.26217,0.63127,0.62508,0.98503,0.24297,6.0
pool_hu_harm_llama70b_full-balanced_refusal_650.jsonl,none+ga2,30,7,15,15,30,0.53629,0.59159,0.62476,0.32128,0.97873,0.22039,0.58986,0.60247,0.98337,0.19065,4.7
pool_hu_harm_llama70b_full-daily_dilemmas_650.jsonl,none+ga2,30,0,15,15,30,0.76566,0.7826,0.79584,0.40599,0.88605,0.97475,0.78644,0.53197,0.87901,0.933,6.7
pool_hu_harm_llama70b_full-daily_dilemmas_650.jsonl,none+ga2,30,1,15,15,30,0.84733,0.81639,0.93195,0.68905,0.80229,0.96602,0.89198,0.66217,0.75031,0.96111,4.6
pool_hu_harm_llama70b_full-daily_dilemmas_650.jsonl,none+ga2,30,2,15,15,30,0.83925,0.83101,0.93856,0.5031,0.93462,0.98072,0.90441,0.52918,0.92475,0.96569,6.8
pool_hu_harm_llama70b_full-daily_dilemmas_650.jsonl,none+ga2,30,3,15,15,30,0.84357,0.84821,0.86578,0.70041,0.86411,0.94399,0.86311,0.71542,0.88118,0.93315,5.9
pool_hu_harm_llama70b_full-daily_dilemmas_650.jsonl,none+ga2,30,4,15,15,30,0.88157,0.8614,0.99244,0.63017,0.92482,0.97888,0.96648,0.6213,0.88996,0.96788,5.9
pool_hu_harm_llama70b_full-daily_dilemmas_650.jsonl,none+ga2,30,5,15,15,30,0.87343,0.83997,0.94423,0.62397,0.93562,0.9899,0.88473,0.60904,0.90916,0.95695,4.8
pool_hu_harm_llama70b_full-daily_dilemmas_650.jsonl,none+ga2,30,6,15,15,30,0.85801,0.86,0.97921,0.52583,0.94765,0.97934,0.9441,0.58632,0.94426,0.96533,7.0
pool_hu_harm_llama70b_full-daily_dilemmas_650.jsonl,none+ga2,30,7,15,15,30,0.87734,0.88153,0.97921,0.62293,0.93016,0.97704,0.96421,0.64591,0.94859,0.96741,7.0
pool_hu_harm_llama70b_general_650.jsonl,none+ga2,30,0,15,15,30,0.75749,0.76867,0.68242,0.6312,0.91791,0.79844,0.69518,0.73468,0.91711,0.72772,6.9
pool_hu_harm_llama70b_general_650.jsonl,none+ga2,30,1,15,15,30,0.73664,0.73504,0.7051,0.58884,0.93039,0.72222,0.67388,0.68256,0.9478,0.63593,5.0
pool_hu_harm_llama70b_general_650.jsonl,none+ga2,30,2,15,15,30,0.75619,0.75521,0.72968,0.6281,0.91034,0.75666,0.74211,0.69526,0.93045,0.65301,4.5
pool_hu_harm_llama70b_general_650.jsonl,none+ga2,30,3,15,15,30,0.77155,0.74849,0.74858,0.65702,0.91568,0.76492,0.69799,0.71085,0.90176,0.68336,5.7
pool_hu_harm_llama70b_general_650.jsonl,none+ga2,30,4,15,15,30,0.75077,0.74665,0.71834,0.67769,0.88026,0.72681,0.69183,0.74994,0.88307,0.66176,4.5
pool_hu_harm_llama70b_general_650.jsonl,none+ga2,30,5,15,15,30,0.75083,0.75374,0.74291,0.59401,0.94141,0.72498,0.71918,0.69035,0.9461,0.65931,4.3
pool_hu_harm_llama70b_general_650.jsonl,none+ga2,30,6,15,15,30,0.76939,0.7716,0.72401,0.64876,0.91646,0.78834,0.71442,0.73446,0.92921,0.7083,4.8
pool_hu_harm_llama70b_general_650.jsonl,none+ga2,30,7,15,15,30,0.74391,0.74299,0.65879,0.68698,0.91546,0.71442,0.67398,0.73079,0.92654,0.64067,6.1
pool_hu_harm_llama70b_minimal-ai_dilemmas_650.jsonl,none+ga2,30,0,15,15,30,0.68885,0.67612,0.61342,0.62293,0.87625,0.64279,0.57937,0.70194,0.86407,0.55909,6.0
pool_hu_harm_llama70b_minimal-ai_dilemmas_650.jsonl,none+ga2,30,1,15,15,30,0.64067,0.67557,0.56711,0.4876,0.90376,0.60422,0.54628,0.68835,0.89936,0.5683,4.5
pool_hu_harm_llama70b_minimal-ai_dilemmas_650.jsonl,none+ga2,30,2,15,15,30,0.6729,0.68916,0.56333,0.58781,0.90777,0.63269,0.55006,0.72644,0.90757,0.57257,6.4
pool_hu_harm_llama70b_minimal-ai_dilemmas_650.jsonl,none+ga2,30,3,15,15,30,0.70074,0.69273,0.60397,0.63326,0.9188,0.64692,0.56499,0.70305,0.93134,0.57153,3.9
pool_hu_harm_llama70b_minimal-ai_dilemmas_650.jsonl,none+ga2,30,4,15,15,30,0.66084,0.65683,0.54726,0.67769,0.84451,0.57392,0.53417,0.73324,0.83804,0.52187,3.8
pool_hu_harm_llama70b_minimal-ai_dilemmas_650.jsonl,none+ga2,30,5,15,15,30,0.68923,0.66745,0.61531,0.61054,0.84696,0.68411,0.54833,0.6986,0.8506,0.57226,4.0
pool_hu_harm_llama70b_minimal-ai_dilemmas_650.jsonl,none+ga2,30,6,15,15,30,0.64875,0.643,0.54253,0.67045,0.76632,0.6157,0.53017,0.76286,0.72407,0.55487,3.8
pool_hu_harm_llama70b_minimal-ai_dilemmas_650.jsonl,none+ga2,30,7,15,15,30,0.66996,0.68747,0.55671,0.56198,0.92159,0.63958,0.55482,0.68712,0.93355,0.5744,4.5
pool_hu_harm_llama70b_minimal-ant_hh_650.jsonl,none+ga2,30,0,15,15,30,0.77388,0.77544,0.84783,0.57851,0.96302,0.70615,0.83553,0.62274,0.96591,0.67758,6.6
pool_hu_harm_llama70b_minimal-ant_hh_650.jsonl,none+ga2,30,1,15,15,30,0.82553,0.81241,0.96125,0.57438,0.99053,0.77594,0.89868,0.6135,0.9862,0.75125,5.2
pool_hu_harm_llama70b_minimal-ant_hh_650.jsonl,none+ga2,30,2,15,15,30,0.79766,0.78733,0.89792,0.56198,0.9736,0.75712,0.86138,0.60949,0.97598,0.70247,4.5
pool_hu_harm_llama70b_minimal-ant_hh_650.jsonl,none+ga2,30,3,15,15,30,0.81091,0.78792,0.93667,0.58988,0.98062,0.73646,0.87392,0.62029,0.97469,0.68279,5.7
pool_hu_harm_llama70b_minimal-ant_hh_650.jsonl,none+ga2,30,4,15,15,30,0.81368,0.79252,0.95274,0.57438,0.97739,0.75023,0.87219,0.62308,0.97585,0.69898,4.5
pool_hu_harm_llama70b_minimal-ant_hh_650.jsonl,none+ga2,30,5,15,15,30,0.84486,0.83489,0.99244,0.57438,0.98708,0.82553,0.94464,0.58877,0.98984,0.81633,6.5
pool_hu_harm_llama70b_minimal-ant_hh_650.jsonl,none+ga2,30,6,15,15,30,0.82882,0.80834,0.95463,0.60331,0.97772,0.77961,0.89803,0.64123,0.9817,0.71241,6.7
pool_hu_harm_llama70b_minimal-ant_hh_650.jsonl,none+ga2,30,7,15,15,30,0.79069,0.77688,0.88091,0.58264,0.95723,0.74197,0.8285,0.58454,0.97119,0.72329,4.2
pool_hu_harm_llama70b_minimal-balanced_refusal_650.jsonl,none+ga2,30,0,15,15,30,0.83685,0.81252,0.96503,0.6374,0.98741,0.75758,0.91058,0.60548,0.9851,0.74891,5.6
pool_hu_harm_llama70b_minimal-balanced_refusal_650.jsonl,none+ga2,30,1,15,15,30,0.76071,0.76501,0.82042,0.58471,0.92604,0.71166,0.75908,0.68935,0.94149,0.67014,6.2
pool_hu_harm_llama70b_minimal-balanced_refusal_650.jsonl,none+ga2,30,2,15,15,30,0.81997,0.80414,0.94329,0.56612,0.98352,0.78696,0.88506,0.62141,0.98273,0.72735,4.4
pool_hu_harm_llama70b_minimal-balanced_refusal_650.jsonl,none+ga2,30,3,15,15,30,0.79531,0.77906,0.9603,0.56405,0.97783,0.67906,0.87738,0.60114,0.97764,0.66009,6.1
pool_hu_harm_llama70b_minimal-balanced_refusal_650.jsonl,none+ga2,30,4,15,15,30,0.82711,0.80463,0.96408,0.59298,0.9883,0.76309,0.91252,0.59612,0.98976,0.72012,4.5
pool_hu_harm_llama70b_minimal-balanced_refusal_650.jsonl,none+ga2,30,5,15,15,30,0.79334,0.77657,0.87618,0.59091,0.98173,0.72452,0.77574,0.67209,0.9737,0.68477,4.5
pool_hu_harm_llama70b_minimal-balanced_refusal_650.jsonl,none+ga2,30,6,15,15,30,0.81073,0.77902,0.93006,0.58678,0.98964,0.73646,0.8524,0.60437,0.99029,0.66904,6.2
pool_hu_harm_llama70b_minimal-balanced_refusal_650.jsonl,none+ga2,30,7,15,15,30,0.82786,0.79971,0.93573,0.65393,0.96603,0.75574,0.88484,0.65315,0.97291,0.68794,4.3
pool_hu_harm_llama70b_minimal-daily_dilemmas_650.jsonl,none+ga2,30,0,15,15,30,0.74888,0.76262,0.71739,0.50413,0.95077,0.82323,0.69734,0.67175,0.9695,0.71189,4.4
pool_hu_harm_llama70b_minimal-daily_dilemmas_650.jsonl,none+ga2,30,1,15,15,30,0.76673,0.77064,0.78261,0.55165,0.90622,0.82645,0.78309,0.67075,0.88325,0.74547,4.5
pool_hu_harm_llama70b_minimal-daily_dilemmas_650.jsonl,none+ga2,30,2,15,15,30,0.71355,0.71081,0.73913,0.59401,0.85119,0.66988,0.69615,0.68735,0.85954,0.60022,4.3
pool_hu_harm_llama70b_minimal-daily_dilemmas_650.jsonl,none+ga2,30,3,15,15,30,0.78149,0.78738,0.83176,0.53409,0.92036,0.83976,0.78622,0.71341,0.92117,0.72871,5.4
pool_hu_harm_llama70b_minimal-daily_dilemmas_650.jsonl,none+ga2,30,4,15,15,30,0.76841,0.76061,0.75709,0.57955,0.94776,0.78926,0.74276,0.71363,0.93201,0.65405,4.3
pool_hu_harm_llama70b_minimal-daily_dilemmas_650.jsonl,none+ga2,30,5,15,15,30,0.85254,0.82224,0.97637,0.58884,0.97349,0.87144,0.86732,0.64937,0.98057,0.7917,4.3
pool_hu_harm_llama70b_minimal-daily_dilemmas_650.jsonl,none+ga2,30,6,15,15,30,0.74985,0.74143,0.83554,0.60331,0.87737,0.6832,0.81337,0.67599,0.84991,0.62646,4.8
pool_hu_harm_llama70b_minimal-daily_dilemmas_650.jsonl,none+ga2,30,7,15,15,30,0.81017,0.81384,0.85539,0.57645,0.88828,0.92057,0.83413,0.68846,0.88054,0.85225,6.5
pool_hu_harm_nemotron_evaldescshape_650.jsonl,none+ga2,30,0,15,15,30,0.63938,0.67005,0.57656,0.45764,0.93517,0.58815,0.5532,0.6722,0.9369,0.51791,5.7
pool_hu_harm_nemotron_evaldescshape_650.jsonl,none+ga2,30,1,15,15,30,0.63878,0.67929,0.56711,0.54545,0.82502,0.61754,0.54066,0.7172,0.86205,0.59725,6.6
pool_hu_harm_nemotron_evaldescshape_650.jsonl,none+ga2,30,2,15,15,30,0.70602,0.71015,0.65028,0.40496,0.93551,0.83333,0.59159,0.59156,0.95764,0.69981,4.8
pool_hu_harm_nemotron_evaldescshape_650.jsonl,none+ga2,30,3,15,15,30,0.68756,0.71682,0.65217,0.52376,0.95767,0.61662,0.6596,0.67587,0.95089,0.5809,6.3
pool_hu_harm_nemotron_evaldescshape_650.jsonl,none+ga2,30,4,15,15,30,0.64236,0.69033,0.58129,0.42355,0.93696,0.62764,0.56791,0.66797,0.94548,0.57997,5.9
pool_hu_harm_nemotron_evaldescshape_650.jsonl,none+ga2,30,5,15,15,30,0.73912,0.74139,0.67013,0.55475,0.95244,0.77916,0.67496,0.69392,0.92073,0.67597,4.8
pool_hu_harm_nemotron_evaldescshape_650.jsonl,none+ga2,30,6,15,15,30,0.65388,0.66272,0.61815,0.44938,0.95433,0.59366,0.58369,0.58276,0.94783,0.5366,4.9
pool_hu_harm_nemotron_evaldescshape_650.jsonl,none+ga2,30,7,15,15,30,0.79228,0.78348,0.87429,0.45971,0.94531,0.88981,0.77163,0.66529,0.944,0.75302,4.7
pool_hu_harm_nemotron_general_650.jsonl,none+ga2,30,0,15,15,30,0.75016,0.75571,0.75709,0.45455,0.96714,0.82185,0.69172,0.64769,0.97123,0.7122,4.7
pool_hu_harm_nemotron_general_650.jsonl,none+ga2,30,1,15,15,30,0.75422,0.76101,0.75709,0.51446,0.97305,0.77227,0.72794,0.64602,0.97714,0.69294,6.1
pool_hu_harm_nemotron_general_650.jsonl,none+ga2,30,2,15,15,30,0.68909,0.69295,0.63611,0.43388,0.94487,0.74151,0.57677,0.63756,0.95041,0.60704,6.3
pool_hu_harm_nemotron_general_650.jsonl,none+ga2,30,3,15,15,30,0.75551,0.76212,0.75142,0.51653,0.96759,0.7865,0.75151,0.67654,0.96928,0.65113,4.5
pool_hu_harm_nemotron_general_650.jsonl,none+ga2,30,4,15,15,30,0.67449,0.69461,0.62571,0.47831,0.96814,0.6258,0.61776,0.64825,0.97235,0.54009,4.3
pool_hu_harm_nemotron_general_650.jsonl,none+ga2,30,5,15,15,30,0.65799,0.66431,0.61531,0.43802,0.93952,0.63912,0.57537,0.58643,0.9451,0.55034,5.5
pool_hu_harm_nemotron_general_650.jsonl,none+ga2,30,6,15,15,30,0.73987,0.74783,0.77127,0.43492,0.96402,0.78926,0.71237,0.62252,0.96485,0.69159,4.8
pool_hu_harm_nemotron_general_650.jsonl,none+ga2,30,7,15,15,30,0.74701,0.73296,0.70416,0.51653,0.96982,0.79752,0.66987,0.63143,0.97155,0.659,5.1
pool_hu_harm_deepseekv4pro_evaldescshape_650.jsonl,none+ga1bs16,10,0,5,5,10,0.57933,0.63897,0.55009,0.34814,0.93607,0.48301,0.53093,0.5949,0.94176,0.48829,6.3
pool_hu_harm_deepseekv4pro_evaldescshape_650.jsonl,none+ga1bs16,10,1,5,5,10,0.56941,0.61133,0.57089,0.40496,0.90878,0.39302,0.53038,0.61796,0.8888,0.40816,3.8
pool_hu_harm_deepseekv4pro_evaldescshape_650.jsonl,none+ga1bs16,10,2,5,5,10,0.58312,0.59974,0.53214,0.5,0.75763,0.5427,0.5213,0.65148,0.67822,0.54795,3.5
pool_hu_harm_deepseekv4pro_evaldescshape_650.jsonl,none+ga1bs16,10,3,5,5,10,0.60101,0.64023,0.5397,0.43698,0.90488,0.5225,0.52865,0.60503,0.91321,0.514,3.8
pool_hu_harm_deepseekv4pro_evaldescshape_650.jsonl,none+ga1bs16,10,4,5,5,10,0.569,0.61106,0.52268,0.3781,0.86834,0.50689,0.51006,0.56293,0.85125,0.51999,3.7
pool_hu_harm_deepseekv4pro_evaldescshape_650.jsonl,none+ga1bs16,10,5,5,5,10,0.58019,0.60557,0.53214,0.52686,0.81455,0.4472,0.5372,0.68879,0.77901,0.41727,5.6
pool_hu_harm_deepseekv4pro_evaldescshape_650.jsonl,none+ga1bs16,10,6,5,5,10,0.58937,0.5658,0.5482,0.78616,0.47583,0.54729,0.53255,0.79082,0.4416,0.49823,4.2
pool_hu_harm_deepseekv4pro_evaldescshape_650.jsonl,none+ga1bs16,10,7,5,5,10,0.57578,0.63166,0.53497,0.42975,0.89029,0.44812,0.52541,0.62831,0.90615,0.46678,3.6
pool_hu_harm_deepseekv4pro_general_650.jsonl,none+ga1bs16,10,0,5,5,10,0.59364,0.64757,0.54631,0.44628,0.86912,0.51286,0.53266,0.66674,0.87119,0.51968,6.3
pool_hu_harm_deepseekv4pro_general_650.jsonl,none+ga1bs16,10,1,5,5,10,0.64433,0.6685,0.63233,0.42769,0.93696,0.58035,0.60067,0.5509,0.95099,0.57143,5.8
pool_hu_harm_deepseekv4pro_general_650.jsonl,none+ga1bs16,10,2,5,5,10,0.63582,0.64926,0.64461,0.36364,0.94687,0.58815,0.59353,0.55836,0.95151,0.49365,4.8
pool_hu_harm_deepseekv4pro_general_650.jsonl,none+ga1bs16,10,3,5,5,10,0.66995,0.6881,0.69849,0.45455,0.96202,0.56474,0.66198,0.62742,0.96104,0.50198,5.0
pool_hu_harm_deepseekv4pro_general_650.jsonl,none+ga1bs16,10,4,5,5,10,0.62215,0.64598,0.57278,0.46694,0.85843,0.59045,0.55493,0.6174,0.83195,0.57965,4.6
pool_hu_harm_deepseekv4pro_general_650.jsonl,none+ga1bs16,10,5,5,5,10,0.64179,0.65965,0.5983,0.50826,0.90733,0.55326,0.5625,0.62798,0.89889,0.54925,5.2
pool_hu_harm_deepseekv4pro_general_650.jsonl,none+ga1bs16,10,6,5,5,10,0.67631,0.70936,0.70038,0.42149,0.96124,0.62213,0.64857,0.62408,0.95566,0.60912,5.2
pool_hu_harm_deepseekv4pro_general_650.jsonl,none+ga1bs16,10,7,5,5,10,0.67454,0.69772,0.68053,0.42459,0.953,0.64004,0.63625,0.59145,0.96348,0.5997,4.3
pool_hu_harm_gptoss_evaldescshape_650.jsonl,none+ga1bs16,10,0,5,5,10,0.59414,0.6439,0.53781,0.47624,0.86712,0.49541,0.52411,0.67977,0.84606,0.52567,3.6
pool_hu_harm_gptoss_evaldescshape_650.jsonl,none+ga1bs16,10,1,5,5,10,0.59444,0.58441,0.57183,0.82748,0.48029,0.49816,0.55223,0.82947,0.44303,0.51291,4.1
pool_hu_harm_gptoss_evaldescshape_650.jsonl,none+ga1bs16,10,2,5,5,10,0.63457,0.64394,0.54537,0.64876,0.82669,0.51745,0.51471,0.75206,0.78753,0.52145,3.5
pool_hu_harm_gptoss_evaldescshape_650.jsonl,none+ga1bs16,10,3,5,5,10,0.61758,0.62627,0.53686,0.67562,0.73212,0.52571,0.5226,0.73457,0.71599,0.53191,3.6
pool_hu_harm_gptoss_evaldescshape_650.jsonl,none+ga1bs16,10,4,5,5,10,0.65607,0.64933,0.5879,0.71178,0.79383,0.53076,0.57169,0.7671,0.75375,0.50479,4.5
pool_hu_harm_gptoss_evaldescshape_650.jsonl,none+ga1bs16,10,5,5,5,10,0.58365,0.5775,0.52741,0.75517,0.48363,0.56841,0.51222,0.79583,0.45222,0.54972,3.5
pool_hu_harm_gptoss_evaldescshape_650.jsonl,none+ga1bs16,10,6,5,5,10,0.58325,0.64466,0.56805,0.40289,0.93551,0.42654,0.55115,0.62843,0.94623,0.45283,3.6
pool_hu_harm_gptoss_evaldescshape_650.jsonl,none+ga1bs16,10,7,5,5,10,0.65529,0.6734,0.61531,0.55579,0.93217,0.51791,0.60424,0.68768,0.8752,0.5265,3.6
pool_hu_harm_gptoss_general_650.jsonl,none+ga1bs16,10,0,5,5,10,0.71798,0.7391,0.72968,0.52479,0.95444,0.66299,0.67474,0.65382,0.9487,0.67914,4.0
pool_hu_harm_gptoss_general_650.jsonl,none+ga1bs16,10,1,5,5,10,0.78221,0.75745,0.77788,0.60227,0.9599,0.7888,0.72005,0.67053,0.95527,0.68393,3.9
pool_hu_harm_gptoss_general_650.jsonl,none+ga1bs16,10,2,5,5,10,0.79808,0.77188,0.88752,0.56715,0.90065,0.83701,0.78979,0.65816,0.88585,0.7537,4.4
pool_hu_harm_gptoss_general_650.jsonl,none+ga1bs16,10,3,5,5,10,0.66862,0.66706,0.57372,0.61157,0.89552,0.59366,0.55882,0.65115,0.89034,0.56794,3.7
pool_hu_harm_gptoss_general_650.jsonl,none+ga1bs16,10,4,5,5,10,0.76643,0.77281,0.84499,0.51963,0.97382,0.72727,0.81888,0.61361,0.96346,0.69528,4.0
pool_hu_harm_gptoss_general_650.jsonl,none+ga1bs16,10,5,5,5,10,0.71035,0.72007,0.65784,0.60227,0.92838,0.65289,0.63484,0.68044,0.93339,0.63161,3.9
pool_hu_harm_gptoss_general_650.jsonl,none+ga1bs16,10,6,5,5,10,0.69303,0.67979,0.61437,0.58058,0.93852,0.63866,0.60359,0.64569,0.92979,0.54009,4.1
pool_hu_harm_gptoss_general_650.jsonl,none+ga1bs16,10,7,5,5,10,0.76246,0.74373,0.70605,0.71591,0.89786,0.73003,0.69247,0.71597,0.89366,0.67279,4.2
pool_hu_harm_llama70b_evaldescshape_650.jsonl,none+ga1bs16,10,0,5,5,10,0.59558,0.62839,0.51985,0.40393,0.92593,0.5326,0.51546,0.62263,0.92889,0.44658,3.6
pool_hu_harm_llama70b_evaldescshape_650.jsonl,none+ga1bs16,10,1,5,5,10,0.62366,0.64668,0.63894,0.4876,0.88784,0.48026,0.56801,0.70194,0.87205,0.44471,4.6
pool_hu_harm_llama70b_evaldescshape_650.jsonl,none+ga1bs16,10,2,5,5,10,0.65097,0.663,0.58034,0.57335,0.8836,0.56657,0.54369,0.65738,0.89481,0.55612,4.7
pool_hu_harm_llama70b_evaldescshape_650.jsonl,none+ga1bs16,10,3,5,5,10,0.63477,0.64816,0.59168,0.5062,0.9031,0.53811,0.56639,0.58755,0.91204,0.52666,3.7
pool_hu_harm_llama70b_evaldescshape_650.jsonl,none+ga1bs16,10,4,5,5,10,0.60129,0.5924,0.53497,0.82128,0.51905,0.52984,0.52163,0.8503,0.47403,0.52364,5.7
pool_hu_harm_llama70b_evaldescshape_650.jsonl,none+ga1bs16,10,5,5,5,10,0.58441,0.61727,0.52552,0.47004,0.79984,0.54224,0.52076,0.62263,0.80278,0.52291,5.8
pool_hu_harm_llama70b_evaldescshape_650.jsonl,none+ga1bs16,10,6,5,5,10,0.61733,0.60409,0.53119,0.54029,0.86801,0.52984,0.51352,0.54466,0.84459,0.51359,3.7
pool_hu_harm_llama70b_evaldescshape_650.jsonl,none+ga1bs16,10,7,5,5,10,0.68783,0.68886,0.6569,0.67459,0.87714,0.5427,0.61808,0.7515,0.86439,0.52145,4.6
pool_hu_harm_llama70b_full-ai_dilemmas_650.jsonl,none+ga1bs16,10,0,5,5,10,0.53385,0.57131,0.52647,0.26963,0.88338,0.45592,0.52498,0.43117,0.89975,0.42935,5.7
pool_hu_harm_llama70b_full-ai_dilemmas_650.jsonl,none+ga1bs16,10,1,5,5,10,0.55176,0.60011,0.53686,0.28512,0.91078,0.47429,0.53471,0.49309,0.92582,0.44679,4.6
pool_hu_harm_llama70b_full-ai_dilemmas_650.jsonl,none+ga1bs16,10,2,5,5,10,0.53478,0.57399,0.53403,0.33471,0.87414,0.39624,0.52822,0.50713,0.87584,0.38479,4.3
pool_hu_harm_llama70b_full-ai_dilemmas_650.jsonl,none+ga1bs16,10,3,5,5,10,0.54864,0.57408,0.52457,0.33161,0.91368,0.4247,0.51741,0.48697,0.91314,0.3788,3.4
pool_hu_harm_llama70b_full-ai_dilemmas_650.jsonl,none+ga1bs16,10,4,5,5,10,0.54486,0.57913,0.51796,0.30475,0.87235,0.48439,0.52271,0.46046,0.86995,0.4634,4.9
pool_hu_harm_llama70b_full-ai_dilemmas_650.jsonl,none+ga1bs16,10,5,5,5,10,0.53916,0.57588,0.51418,0.35331,0.86077,0.42837,0.52292,0.46625,0.8969,0.41743,5.6
pool_hu_harm_llama70b_full-ai_dilemmas_650.jsonl,none+ga1bs16,10,6,5,5,10,0.59053,0.63233,0.5482,0.5186,0.89909,0.39624,0.53298,0.65972,0.91186,0.42477,3.6
pool_hu_harm_llama70b_full-ai_dilemmas_650.jsonl,none+ga1bs16,10,7,5,5,10,0.54214,0.60582,0.59735,0.23967,0.88528,0.44628,0.59699,0.49532,0.87861,0.45236,3.9
pool_hu_harm_llama70b_full-ant_hh_650.jsonl,none+ga1bs16,10,0,5,5,10,0.60982,0.64895,0.6276,0.38017,0.90031,0.53122,0.56272,0.56995,0.8979,0.56523,4.5
pool_hu_harm_llama70b_full-ant_hh_650.jsonl,none+ga1bs16,10,1,5,5,10,0.62565,0.62958,0.5794,0.50413,0.85297,0.56612,0.54293,0.62364,0.82191,0.52983,3.4
pool_hu_harm_llama70b_full-ant_hh_650.jsonl,none+ga1bs16,10,2,5,5,10,0.61085,0.63809,0.55104,0.4845,0.87848,0.52938,0.54228,0.5939,0.86515,0.55102,3.4
pool_hu_harm_llama70b_full-ant_hh_650.jsonl,none+ga1bs16,10,3,5,5,10,0.67202,0.6691,0.58507,0.7469,0.74961,0.60652,0.57742,0.72789,0.75295,0.61813,5.1
pool_hu_harm_llama70b_full-ant_hh_650.jsonl,none+ga1bs16,10,4,5,5,10,0.68636,0.67135,0.5983,0.6405,0.91022,0.59642,0.56142,0.64892,0.88837,0.58668,3.4
pool_hu_harm_llama70b_full-ant_hh_650.jsonl,none+ga1bs16,10,5,5,5,10,0.67991,0.69607,0.64934,0.53306,0.92248,0.61478,0.60175,0.67298,0.91927,0.59027,3.5
pool_hu_harm_llama70b_full-ant_hh_650.jsonl,none+ga1bs16,10,6,5,5,10,0.59905,0.64306,0.57278,0.43079,0.89998,0.49265,0.53914,0.61261,0.89284,0.52764,3.4
pool_hu_harm_llama70b_full-ant_hh_650.jsonl,none+ga1bs16,10,7,5,5,10,0.63946,0.64743,0.58412,0.59917,0.7965,0.57805,0.55407,0.62553,0.8247,0.58543,5.6
pool_hu_harm_llama70b_full-balanced_refusal_650.jsonl,none+ga1bs16,10,0,5,5,10,0.5283,0.59276,0.5775,0.36157,0.97026,0.20386,0.56704,0.61695,0.9753,0.21173,3.7
pool_hu_harm_llama70b_full-balanced_refusal_650.jsonl,none+ga1bs16,10,1,5,5,10,0.60134,0.66799,0.56427,0.48967,0.94876,0.40266,0.54931,0.7407,0.93334,0.44862,3.5
pool_hu_harm_llama70b_full-balanced_refusal_650.jsonl,none+ga1bs16,10,2,5,5,10,0.57054,0.60886,0.67297,0.32335,0.97594,0.30992,0.61311,0.61383,0.98724,0.22126,4.0
pool_hu_harm_llama70b_full-balanced_refusal_650.jsonl,none+ga1bs16,10,3,5,5,10,0.57669,0.60862,0.60964,0.34401,0.97616,0.37695,0.58542,0.56794,0.9882,0.2929,4.4
pool_hu_harm_llama70b_full-balanced_refusal_650.jsonl,none+ga1bs16,10,4,5,5,10,0.5678,0.6021,0.61626,0.35744,0.97059,0.32691,0.5798,0.59468,0.98193,0.25198,4.1
pool_hu_harm_llama70b_full-balanced_refusal_650.jsonl,none+ga1bs16,10,5,5,5,10,0.55488,0.6073,0.61815,0.34091,0.96525,0.29522,0.58997,0.57474,0.97623,0.28827,4.3
pool_hu_harm_llama70b_full-balanced_refusal_650.jsonl,none+ga1bs16,10,6,5,5,10,0.53387,0.57853,0.58601,0.32025,0.96202,0.26722,0.54271,0.56505,0.97523,0.23115,4.6
pool_hu_harm_llama70b_full-balanced_refusal_650.jsonl,none+ga1bs16,10,7,5,5,10,0.52544,0.57485,0.60302,0.33574,0.97706,0.18595,0.56812,0.57652,0.98488,0.16988,3.5
pool_hu_harm_llama70b_full-daily_dilemmas_650.jsonl,none+ga1bs16,10,0,5,5,10,0.60986,0.64352,0.54726,0.51963,0.80552,0.56703,0.52898,0.68724,0.80494,0.55295,6.1
pool_hu_harm_llama70b_full-daily_dilemmas_650.jsonl,none+ga1bs16,10,1,5,5,10,0.54617,0.58253,0.5,0.48347,0.64658,0.55464,0.50487,0.63377,0.6397,0.5518,6.4
pool_hu_harm_llama70b_full-daily_dilemmas_650.jsonl,none+ga1bs16,10,2,5,5,10,0.59953,0.63323,0.55482,0.44215,0.82724,0.57392,0.52563,0.62364,0.83046,0.55321,6.2
pool_hu_harm_llama70b_full-daily_dilemmas_650.jsonl,none+ga1bs16,10,3,5,5,10,0.54567,0.57705,0.54537,0.33574,0.71341,0.58815,0.53363,0.51704,0.69302,0.5645,6.0
pool_hu_harm_llama70b_full-daily_dilemmas_650.jsonl,none+ga1bs16,10,4,5,5,10,0.55965,0.59806,0.50378,0.5124,0.67743,0.545,0.50519,0.65649,0.69277,0.5378,6.3
pool_hu_harm_llama70b_full-daily_dilemmas_650.jsonl,none+ga1bs16,10,5,5,5,10,0.58782,0.61524,0.53497,0.48554,0.8014,0.52938,0.51687,0.61729,0.79324,0.53358,5.6
pool_hu_harm_llama70b_full-daily_dilemmas_650.jsonl,none+ga1bs16,10,6,5,5,10,0.56026,0.56999,0.52647,0.51963,0.64859,0.54637,0.52833,0.54266,0.6631,0.54587,6.2
pool_hu_harm_llama70b_full-daily_dilemmas_650.jsonl,none+ga1bs16,10,7,5,5,10,0.57484,0.57328,0.53592,0.67459,0.54155,0.54729,0.52325,0.73257,0.49644,0.54087,6.1
pool_hu_harm_llama70b_general_650.jsonl,none+ga1bs16,10,0,5,5,10,0.7054,0.69782,0.59074,0.69112,0.86712,0.67264,0.57958,0.74126,0.86086,0.60959,6.0
pool_hu_harm_llama70b_general_650.jsonl,none+ga1bs16,10,1,5,5,10,0.70604,0.71589,0.638,0.57231,0.92192,0.69192,0.65647,0.68122,0.93605,0.58981,4.0
pool_hu_harm_llama70b_general_650.jsonl,none+ga1bs16,10,2,5,5,10,0.71695,0.69521,0.62854,0.66942,0.89263,0.67723,0.63376,0.66763,0.875,0.60444,5.1
pool_hu_harm_llama70b_general_650.jsonl,none+ga1bs16,10,3,5,5,10,0.69341,0.68777,0.59452,0.69628,0.75785,0.72498,0.59721,0.74761,0.76714,0.63911,5.6
pool_hu_harm_llama70b_general_650.jsonl,none+ga1bs16,10,4,5,5,10,0.72217,0.70472,0.66352,0.66942,0.8845,0.67126,0.62532,0.71542,0.86435,0.61381,3.8
pool_hu_harm_llama70b_general_650.jsonl,none+ga1bs16,10,5,5,5,10,0.69097,0.69414,0.59074,0.65393,0.8787,0.6405,0.59786,0.69949,0.89446,0.58476,4.3
pool_hu_harm_llama70b_general_650.jsonl,none+ga1bs16,10,6,5,5,10,0.704,0.70051,0.58318,0.70351,0.90488,0.62443,0.59894,0.71285,0.90935,0.5809,5.8
pool_hu_harm_llama70b_general_650.jsonl,none+ga1bs16,10,7,5,5,10,0.68993,0.68111,0.57278,0.76756,0.79494,0.62443,0.57191,0.76442,0.80261,0.58549,3.6
pool_hu_harm_llama70b_minimal-ai_dilemmas_650.jsonl,none+ga1bs16,10,0,5,5,10,0.67683,0.68226,0.57467,0.70971,0.81689,0.60606,0.55666,0.78436,0.84236,0.54566,3.7
pool_hu_harm_llama70b_minimal-ai_dilemmas_650.jsonl,none+ga1bs16,10,1,5,5,10,0.65696,0.66937,0.54064,0.56508,0.91423,0.6079,0.5279,0.67342,0.90989,0.56627,3.9
pool_hu_harm_llama70b_minimal-ai_dilemmas_650.jsonl,none+ga1bs16,10,2,5,5,10,0.62417,0.64787,0.52741,0.51446,0.90477,0.55005,0.52228,0.65382,0.90528,0.5101,4.5
pool_hu_harm_llama70b_minimal-ai_dilemmas_650.jsonl,none+ga1bs16,10,3,5,5,10,0.66944,0.67176,0.55766,0.66839,0.84106,0.61065,0.5399,0.72087,0.8611,0.56518,3.6
pool_hu_harm_llama70b_minimal-ai_dilemmas_650.jsonl,none+ga1bs16,10,4,5,5,10,0.62586,0.66107,0.54537,0.50723,0.89942,0.55142,0.53947,0.6898,0.89894,0.51609,3.7
pool_hu_harm_llama70b_minimal-ai_dilemmas_650.jsonl,none+ga1bs16,10,5,5,5,10,0.58157,0.62624,0.52363,0.39669,0.91791,0.48806,0.52065,0.56895,0.92749,0.48787,3.6
pool_hu_harm_llama70b_minimal-ai_dilemmas_650.jsonl,none+ga1bs16,10,6,5,5,10,0.62268,0.65289,0.55198,0.49897,0.85208,0.5877,0.53579,0.69982,0.8303,0.54566,3.7
pool_hu_harm_llama70b_minimal-ai_dilemmas_650.jsonl,none+ga1bs16,10,7,5,5,10,0.63498,0.64891,0.52457,0.55992,0.90766,0.54775,0.53136,0.63956,0.90112,0.52358,3.7
pool_hu_harm_llama70b_minimal-ant_hh_650.jsonl,none+ga1bs16,10,0,5,5,10,0.72263,0.73665,0.76087,0.56508,0.94564,0.61892,0.6981,0.65972,0.95706,0.63172,4.6
pool_hu_harm_llama70b_minimal-ant_hh_650.jsonl,none+ga1bs16,10,1,5,5,10,0.744,0.71666,0.81853,0.55785,0.95868,0.64096,0.69096,0.65583,0.93302,0.58684,4.5
pool_hu_harm_llama70b_minimal-ant_hh_650.jsonl,none+ga1bs16,10,2,5,5,10,0.6802,0.69013,0.64272,0.52066,0.94676,0.61065,0.62662,0.58643,0.94859,0.59887,4.0
pool_hu_harm_llama70b_minimal-ant_hh_650.jsonl,none+ga1bs16,10,3,5,5,10,0.70303,0.71855,0.80057,0.46384,0.96046,0.58724,0.75454,0.54778,0.97391,0.59798,4.1
pool_hu_harm_llama70b_minimal-ant_hh_650.jsonl,none+ga1bs16,10,4,5,5,10,0.66329,0.68703,0.74386,0.42769,0.89207,0.58953,0.64554,0.5832,0.91155,0.60782,6.0
pool_hu_harm_llama70b_minimal-ant_hh_650.jsonl,none+ga1bs16,10,5,5,5,10,0.70595,0.71723,0.70132,0.55682,0.94765,0.618,0.66825,0.64937,0.94303,0.60829,3.5
pool_hu_harm_llama70b_minimal-ant_hh_650.jsonl,none+ga1bs16,10,6,5,5,10,0.66741,0.66369,0.62665,0.57128,0.89274,0.57897,0.55623,0.67922,0.85728,0.56206,3.6
pool_hu_harm_llama70b_minimal-ant_hh_650.jsonl,none+ga1bs16,10,7,5,5,10,0.71669,0.71591,0.7845,0.55785,0.94821,0.57622,0.68869,0.64268,0.95189,0.58038,4.7
pool_hu_harm_llama70b_minimal-balanced_refusal_650.jsonl,none+ga1bs16,10,0,5,5,10,0.63852,0.65372,0.68336,0.42562,0.83905,0.60606,0.61419,0.52228,0.8973,0.58111,5.2
pool_hu_harm_llama70b_minimal-balanced_refusal_650.jsonl,none+ga1bs16,10,1,5,5,10,0.75484,0.75966,0.80624,0.63223,0.93673,0.64417,0.73973,0.72266,0.92461,0.65166,4.9
pool_hu_harm_llama70b_minimal-balanced_refusal_650.jsonl,none+ga1bs16,10,2,5,5,10,0.72077,0.71717,0.72023,0.58781,0.95935,0.6157,0.69042,0.62998,0.9504,0.59788,4.0
pool_hu_harm_llama70b_minimal-balanced_refusal_650.jsonl,none+ga1bs16,10,3,5,5,10,0.73775,0.74757,0.7949,0.47727,0.95935,0.71947,0.79455,0.59078,0.95185,0.65311,4.1
pool_hu_harm_llama70b_minimal-balanced_refusal_650.jsonl,none+ga1bs16,10,4,5,5,10,0.69175,0.70785,0.70416,0.55992,0.90833,0.59458,0.66241,0.66797,0.917,0.58403,5.7
pool_hu_harm_llama70b_minimal-balanced_refusal_650.jsonl,none+ga1bs16,10,5,5,5,10,0.63986,0.66816,0.63705,0.47314,0.91067,0.53857,0.56445,0.68378,0.87554,0.54889,5.7
pool_hu_harm_llama70b_minimal-balanced_refusal_650.jsonl,none+ga1bs16,10,6,5,5,10,0.7344,0.74939,0.86578,0.50517,0.97483,0.59183,0.83294,0.60448,0.9819,0.57825,4.0
pool_hu_harm_llama70b_minimal-balanced_refusal_650.jsonl,none+ga1bs16,10,7,5,5,10,0.72844,0.73408,0.74102,0.60124,0.92136,0.65014,0.70869,0.62776,0.94909,0.65077,4.3
pool_hu_harm_llama70b_minimal-daily_dilemmas_650.jsonl,none+ga1bs16,10,0,5,5,10,0.74844,0.75374,0.77599,0.50103,0.95411,0.76263,0.72426,0.68768,0.96035,0.64265,4.2
pool_hu_harm_llama70b_minimal-daily_dilemmas_650.jsonl,none+ga1bs16,10,1,5,5,10,0.66928,0.70486,0.65879,0.45868,0.94899,0.61065,0.63938,0.65705,0.94101,0.582,3.9
pool_hu_harm_llama70b_minimal-daily_dilemmas_650.jsonl,none+ga1bs16,10,2,5,5,10,0.64401,0.66903,0.57183,0.53202,0.90376,0.56841,0.53633,0.70227,0.90371,0.53379,5.2
pool_hu_harm_llama70b_minimal-daily_dilemmas_650.jsonl,none+ga1bs16,10,3,5,5,10,0.63378,0.64608,0.56049,0.55475,0.85375,0.56612,0.54844,0.65972,0.83675,0.53941,4.9
pool_hu_harm_llama70b_minimal-daily_dilemmas_650.jsonl,none+ga1bs16,10,4,5,5,10,0.6998,0.72987,0.62382,0.53616,0.91423,0.72498,0.61538,0.74638,0.91189,0.64582,5.0
pool_hu_harm_llama70b_minimal-daily_dilemmas_650.jsonl,none+ga1bs16,10,5,5,5,10,0.65685,0.67559,0.59641,0.63636,0.77066,0.62397,0.57721,0.75763,0.79715,0.57039,5.7
pool_hu_harm_llama70b_minimal-daily_dilemmas_650.jsonl,none+ga1bs16,10,6,5,5,10,0.67801,0.6915,0.65217,0.48037,0.90042,0.67906,0.64587,0.66685,0.90076,0.55253,3.8
pool_hu_harm_llama70b_minimal-daily_dilemmas_650.jsonl,none+ga1bs16,10,7,5,5,10,0.69924,0.73588,0.67108,0.51756,0.94854,0.65978,0.68036,0.65705,0.96969,0.6364,4.3
pool_hu_harm_nemotron_evaldescshape_650.jsonl,none+ga1bs16,10,0,5,5,10,0.56541,0.61985,0.55009,0.30992,0.88739,0.51423,0.52184,0.55502,0.89945,0.50307,3.6
pool_hu_harm_nemotron_evaldescshape_650.jsonl,none+ga1bs16,10,1,5,5,10,0.56239,0.57979,0.5104,0.51963,0.70394,0.51561,0.50822,0.5871,0.71791,0.50594,3.4
pool_hu_harm_nemotron_evaldescshape_650.jsonl,none+ga1bs16,10,2,5,5,10,0.56689,0.61663,0.52079,0.33161,0.94776,0.4674,0.53103,0.56761,0.95341,0.41446,3.5
pool_hu_harm_nemotron_evaldescshape_650.jsonl,none+ga1bs16,10,3,5,5,10,0.55808,0.56484,0.50567,0.71798,0.51693,0.49174,0.51395,0.78626,0.48247,0.47668,5.7
pool_hu_harm_nemotron_evaldescshape_650.jsonl,none+ga1bs16,10,4,5,5,10,0.55652,0.60607,0.51607,0.36157,0.8131,0.53535,0.50497,0.56828,0.8196,0.53145,3.7
pool_hu_harm_nemotron_evaldescshape_650.jsonl,none+ga1bs16,10,5,5,5,10,0.5828,0.6025,0.51607,0.69112,0.61161,0.5124,0.516,0.75473,0.60913,0.53014,3.6
pool_hu_harm_nemotron_evaldescshape_650.jsonl,none+ga1bs16,10,6,5,5,10,0.62496,0.62092,0.53592,0.53512,0.87737,0.55142,0.51892,0.57552,0.85905,0.5302,3.8
pool_hu_harm_nemotron_evaldescshape_650.jsonl,none+ga1bs16,10,7,5,5,10,0.55882,0.60021,0.50473,0.47934,0.74939,0.50184,0.50757,0.59579,0.78454,0.51296,5.8
pool_hu_harm_nemotron_general_650.jsonl,none+ga1bs16,10,0,5,5,10,0.60166,0.62765,0.55009,0.47934,0.81934,0.55785,0.53536,0.62486,0.80888,0.54149,5.6
pool_hu_harm_nemotron_general_650.jsonl,none+ga1bs16,10,1,5,5,10,0.63926,0.66299,0.57656,0.42149,0.94375,0.61524,0.56953,0.6096,0.95876,0.51406,4.2
pool_hu_harm_nemotron_general_650.jsonl,none+ga1bs16,10,2,5,5,10,0.63033,0.64358,0.59546,0.44628,0.9139,0.56566,0.55482,0.57173,0.91735,0.5304,3.5
pool_hu_harm_nemotron_general_650.jsonl,none+ga1bs16,10,3,5,5,10,0.61991,0.62839,0.54915,0.56612,0.80608,0.55831,0.5173,0.63722,0.80923,0.54982,5.2
pool_hu_harm_nemotron_general_650.jsonl,none+ga1bs16,10,4,5,5,10,0.66236,0.66495,0.63894,0.43492,0.96035,0.61524,0.58099,0.58989,0.95998,0.52895,5.6
pool_hu_harm_nemotron_general_650.jsonl,none+ga1bs16,10,5,5,5,10,0.66306,0.66885,0.63138,0.53822,0.93395,0.54867,0.58769,0.62508,0.92488,0.53774,4.6
pool_hu_harm_nemotron_general_650.jsonl,none+ga1bs16,10,6,5,5,10,0.63084,0.65113,0.5482,0.54132,0.88104,0.5528,0.53817,0.64246,0.88769,0.53618,4.4
pool_hu_harm_nemotron_general_650.jsonl,none+ga1bs16,10,7,5,5,10,0.60342,0.62745,0.53497,0.44731,0.90844,0.52296,0.51362,0.60292,0.8929,0.50036,5.7
