samples,base,n,draw,n_pos,n_neg,n_training_rows,dev_mean,eval_mean,dev_ai_dilemmas,dev_ant_hh,dev_balanced_refusal,dev_daily_dilemmas,eval_ai_dilemmas,eval_ant_hh,eval_balanced_refusal,eval_daily_dilemmas,seconds
dc_hu_harm_nemotron_eval_ai_dilemmas_kind.jsonl,none+ga5bs16,80,0,40,40,80,0.71153,0.77475,0.85066,0.41529,0.66373,0.91644,0.95156,0.56694,0.67946,0.90103,36.7
dc_hu_harm_nemotron_eval_ai_dilemmas_kind.jsonl,none+ga5bs16,80,1,40,40,80,0.67022,0.73342,0.73062,0.42769,0.64057,0.882,0.85824,0.52562,0.67346,0.87635,29.7
dc_hu_harm_nemotron_eval_ai_dilemmas_kind.jsonl,none+ga5bs16,80,2,40,40,80,0.66318,0.7288,0.7155,0.45764,0.63566,0.84389,0.83023,0.59479,0.63139,0.85881,26.8
dc_hu_harm_nemotron_eval_ai_dilemmas_kind.jsonl,none+ga5bs16,80,3,40,40,80,0.67247,0.74918,0.81569,0.43905,0.60548,0.82966,0.92636,0.62508,0.6179,0.82736,25.1
dc_hu_harm_nemotron_eval_ai_dilemmas_kind.jsonl,none+ga5bs16,80,4,40,40,80,0.70867,0.78308,0.83743,0.42665,0.65415,0.91644,0.94831,0.57775,0.69644,0.90983,22.7
dc_hu_harm_nemotron_eval_ai_dilemmas_kind.jsonl,none+ga5bs16,80,5,40,40,80,0.71129,0.7904,0.81664,0.40909,0.72043,0.89899,0.93577,0.59256,0.74202,0.89124,35.5
dc_hu_harm_nemotron_eval_ai_dilemmas_kind.jsonl,none+ga5bs16,80,6,40,40,80,0.61189,0.67059,0.62571,0.48554,0.59434,0.74197,0.73346,0.62831,0.59136,0.72923,23.7
dc_hu_harm_nemotron_eval_ai_dilemmas_kind.jsonl,none+ga5bs16,80,7,40,40,80,0.66456,0.74434,0.82987,0.32438,0.69592,0.80808,0.93166,0.51147,0.74184,0.79238,20.3
dc_hu_harm_nemotron_eval_ai_dilemmas_kind.jsonl,none+ga4bs16,50,0,25,25,50,0.54072,0.60026,0.52836,0.41736,0.57574,0.64141,0.55947,0.57964,0.5968,0.66514,26.9
dc_hu_harm_nemotron_eval_ai_dilemmas_kind.jsonl,none+ga4bs16,50,1,25,25,50,0.71111,0.77287,0.87713,0.45455,0.5587,0.95409,0.96183,0.61361,0.6157,0.90035,22.1
dc_hu_harm_nemotron_eval_ai_dilemmas_kind.jsonl,none+ga4bs16,50,2,25,25,50,0.77434,0.80723,0.84877,0.58264,0.73023,0.93572,0.91274,0.65761,0.74451,0.91405,24.0
dc_hu_harm_nemotron_eval_ai_dilemmas_kind.jsonl,none+ga4bs16,50,3,25,25,50,0.6812,0.73315,0.71172,0.43802,0.72243,0.85262,0.82937,0.54177,0.73008,0.83137,25.4
dc_hu_harm_nemotron_eval_ai_dilemmas_kind.jsonl,none+ga4bs16,50,4,25,25,50,0.71611,0.77544,0.79584,0.54236,0.62219,0.90404,0.93739,0.64658,0.61966,0.89812,32.7
dc_hu_harm_nemotron_eval_ai_dilemmas_kind.jsonl,none+ga4bs16,50,5,25,25,50,0.55037,0.61724,0.66068,0.39979,0.46514,0.67585,0.78795,0.51771,0.49701,0.66628,27.4
dc_hu_harm_nemotron_eval_ai_dilemmas_kind.jsonl,none+ga4bs16,50,6,25,25,50,0.64459,0.72234,0.74575,0.37087,0.69681,0.76492,0.8298,0.62586,0.67986,0.75385,20.6
dc_hu_harm_nemotron_eval_ai_dilemmas_kind.jsonl,none+ga4bs16,50,7,25,25,50,0.58491,0.68047,0.71267,0.37603,0.55625,0.69467,0.76892,0.64625,0.59821,0.70851,24.9
dc_hu_harm_nemotron_eval_ai_dilemmas_kind.jsonl,none+ga2bs16,30,0,15,15,30,0.58934,0.64277,0.58601,0.52996,0.59033,0.65106,0.6583,0.70049,0.56351,0.64879,26.1
dc_hu_harm_nemotron_eval_ai_dilemmas_kind.jsonl,none+ga2bs16,30,1,15,15,30,0.61613,0.68163,0.58696,0.40289,0.72811,0.74656,0.65052,0.58599,0.76811,0.72189,21.5
dc_hu_harm_nemotron_eval_ai_dilemmas_kind.jsonl,none+ga2bs16,30,2,15,15,30,0.57257,0.6348,0.58223,0.47727,0.64491,0.58586,0.61451,0.6683,0.66783,0.58856,22.0
dc_hu_harm_nemotron_eval_ai_dilemmas_kind.jsonl,none+ga2bs16,30,3,15,15,30,0.60274,0.6537,0.6673,0.42769,0.69982,0.61616,0.7699,0.57362,0.67195,0.59933,22.9
dc_hu_harm_nemotron_eval_ai_dilemmas_kind.jsonl,none+ga2bs16,30,4,15,15,30,0.53328,0.59146,0.51701,0.3657,0.74215,0.50826,0.512,0.54745,0.80201,0.50437,18.6
dc_hu_harm_nemotron_eval_ai_dilemmas_kind.jsonl,none+ga2bs16,30,5,15,15,30,0.57703,0.6151,0.59074,0.49483,0.43651,0.78604,0.66468,0.56249,0.43174,0.80149,21.0
dc_hu_harm_nemotron_eval_ai_dilemmas_kind.jsonl,none+ga2bs16,30,6,15,15,30,0.63178,0.68071,0.64272,0.53512,0.65505,0.69421,0.68393,0.64045,0.6915,0.70695,19.2
dc_hu_harm_nemotron_eval_ai_dilemmas_kind.jsonl,none+ga2bs16,30,7,15,15,30,0.52016,0.57514,0.5794,0.3905,0.63277,0.47796,0.61494,0.54032,0.66461,0.48069,16.9
dc_hu_harm_nemotron_eval_ai_dilemmas_kind.jsonl,none+ga2bs16,20,0,10,10,20,0.48243,0.5312,0.53686,0.32025,0.59189,0.48072,0.53266,0.50958,0.61761,0.46496,20.6
dc_hu_harm_nemotron_eval_ai_dilemmas_kind.jsonl,none+ga2bs16,20,1,10,10,20,0.58326,0.63013,0.51796,0.54132,0.7182,0.55556,0.5253,0.69871,0.74991,0.5466,15.4
dc_hu_harm_nemotron_eval_ai_dilemmas_kind.jsonl,none+ga2bs16,20,2,10,10,20,0.54067,0.59376,0.53025,0.33058,0.72332,0.57851,0.54033,0.47382,0.77349,0.58741,22.4
dc_hu_harm_nemotron_eval_ai_dilemmas_kind.jsonl,none+ga2bs16,20,3,10,10,20,0.58017,0.65014,0.63516,0.37087,0.65304,0.66162,0.67485,0.57574,0.69499,0.65499,27.2
dc_hu_harm_nemotron_eval_ai_dilemmas_kind.jsonl,none+ga2bs16,20,4,10,10,20,0.65306,0.69793,0.67297,0.47727,0.69938,0.76263,0.74589,0.5558,0.71671,0.77332,20.6
dc_hu_harm_nemotron_eval_ai_dilemmas_kind.jsonl,none+ga2bs16,20,5,10,10,20,0.56787,0.6323,0.62476,0.35331,0.62765,0.66575,0.69474,0.54856,0.66463,0.62125,24.8
dc_hu_harm_nemotron_eval_ai_dilemmas_kind.jsonl,none+ga2bs16,20,6,10,10,20,0.54731,0.61946,0.55388,0.36983,0.72789,0.53765,0.59234,0.60693,0.75421,0.52436,16.0
dc_hu_harm_nemotron_eval_ai_dilemmas_kind.jsonl,none+ga2bs16,20,7,10,10,20,0.61002,0.68397,0.75709,0.46281,0.54021,0.67998,0.78385,0.69537,0.59013,0.66655,16.0
dc_hu_harm_nemotron_eval_ai_dilemmas_kind.jsonl,none+ga1bs16,10,0,5,5,10,0.55396,0.58301,0.50567,0.41116,0.78893,0.5101,0.52282,0.53486,0.79872,0.47564,20.2
dc_hu_harm_nemotron_eval_ai_dilemmas_kind.jsonl,none+ga1bs16,10,1,5,5,10,0.55063,0.59448,0.49055,0.55475,0.65906,0.49816,0.50076,0.65404,0.71406,0.50906,16.7
dc_hu_harm_nemotron_eval_ai_dilemmas_kind.jsonl,none+ga1bs16,10,2,5,5,10,0.52534,0.57847,0.50189,0.40186,0.67465,0.52296,0.50984,0.58978,0.69032,0.52395,17.1
dc_hu_harm_nemotron_eval_ai_dilemmas_kind.jsonl,none+ga1bs16,10,3,5,5,10,0.5249,0.55118,0.5104,0.53409,0.51838,0.53673,0.52422,0.61472,0.53816,0.52759,17.9
dc_hu_harm_nemotron_eval_ai_dilemmas_kind.jsonl,none+ga1bs16,10,4,5,5,10,0.50268,0.58174,0.49244,0.32748,0.67198,0.51882,0.49978,0.59412,0.71492,0.51812,17.0
dc_hu_harm_nemotron_eval_ai_dilemmas_kind.jsonl,none+ga1bs16,10,5,5,5,10,0.55172,0.59054,0.51512,0.43492,0.74994,0.50689,0.5106,0.54221,0.78456,0.52478,15.3
dc_hu_harm_nemotron_eval_ai_dilemmas_kind.jsonl,none+ga1bs16,10,6,5,5,10,0.53392,0.58732,0.50567,0.3843,0.73468,0.51102,0.50335,0.58164,0.75,0.51426,13.2
dc_hu_harm_nemotron_eval_ai_dilemmas_kind.jsonl,none+ga1bs16,10,7,5,5,10,0.57572,0.61912,0.69376,0.47004,0.56516,0.57392,0.72048,0.57574,0.55884,0.62141,25.0
dc_hu_harm_nemotron_eval_ai_dilemmas_kind.jsonl,none+ga1bs16,6,0,3,3,6,0.58944,0.64378,0.5189,0.46901,0.80374,0.56612,0.55504,0.58922,0.82829,0.60256,21.6
dc_hu_harm_nemotron_eval_ai_dilemmas_kind.jsonl,none+ga1bs16,6,1,3,3,6,0.463,0.50161,0.53214,0.41426,0.46391,0.44169,0.5904,0.55803,0.42127,0.43675,16.0
dc_hu_harm_nemotron_eval_ai_dilemmas_kind.jsonl,none+ga1bs16,6,2,3,3,6,0.51949,0.59191,0.5,0.32335,0.76565,0.48898,0.50487,0.59211,0.77241,0.49823,17.1
dc_hu_harm_nemotron_eval_ai_dilemmas_kind.jsonl,none+ga1bs16,6,3,3,3,6,0.56105,0.57474,0.49433,0.49174,0.7407,0.51745,0.4987,0.49532,0.78687,0.51807,17.9
dc_hu_harm_nemotron_eval_ai_dilemmas_kind.jsonl,none+ga1bs16,6,4,3,3,6,0.5354,0.59325,0.49433,0.53202,0.64647,0.46878,0.49557,0.67409,0.69678,0.50656,16.0
dc_hu_harm_nemotron_eval_ai_dilemmas_kind.jsonl,none+ga1bs16,6,5,3,3,6,0.56164,0.61288,0.52647,0.53202,0.7055,0.48255,0.52314,0.66719,0.75146,0.50974,14.0
dc_hu_harm_nemotron_eval_ai_dilemmas_kind.jsonl,none+ga1bs16,6,6,3,3,6,0.54063,0.57381,0.49433,0.55682,0.58888,0.5225,0.49946,0.62486,0.6499,0.52103,16.9
dc_hu_harm_nemotron_eval_ai_dilemmas_kind.jsonl,none+ga1bs16,6,7,3,3,6,0.54441,0.60059,0.5189,0.56095,0.58265,0.51515,0.53201,0.79294,0.56512,0.51229,15.4
dc_hu_harm_nemotron_eval_ai_dilemmas_kind.jsonl,none+ga1bs16,4,0,2,2,4,0.47591,0.50174,0.5397,0.38636,0.65204,0.32553,0.56499,0.44442,0.64636,0.35121,17.9
dc_hu_harm_nemotron_eval_ai_dilemmas_kind.jsonl,none+ga1bs16,4,1,2,2,4,0.54187,0.55224,0.49433,0.64773,0.52038,0.50505,0.50249,0.69024,0.50213,0.51411,16.2
dc_hu_harm_nemotron_eval_ai_dilemmas_kind.jsonl,none+ga1bs16,4,2,2,2,4,0.52966,0.56343,0.50756,0.55888,0.51593,0.53627,0.50735,0.69581,0.53327,0.51728,16.7
dc_hu_harm_nemotron_eval_ai_dilemmas_kind.jsonl,none+ga1bs16,4,3,2,2,4,0.51564,0.56501,0.53403,0.35227,0.73869,0.43756,0.54217,0.51971,0.79061,0.40754,16.2
dc_hu_harm_nemotron_eval_ai_dilemmas_kind.jsonl,none+ga1bs16,4,4,2,2,4,0.53357,0.54335,0.54348,0.47417,0.69926,0.41736,0.57915,0.43083,0.7346,0.42883,15.6
dc_hu_harm_nemotron_eval_ai_dilemmas_kind.jsonl,none+ga1bs16,4,5,2,2,4,0.56411,0.57987,0.50473,0.64979,0.57574,0.52617,0.50562,0.67888,0.60259,0.53238,15.1
dc_hu_harm_nemotron_eval_ai_dilemmas_kind.jsonl,none+ga1bs16,4,6,2,2,4,0.52927,0.54014,0.49433,0.55165,0.59958,0.47153,0.49384,0.59824,0.60389,0.4646,15.5
dc_hu_harm_nemotron_eval_ai_dilemmas_kind.jsonl,none+ga1bs16,4,7,2,2,4,0.46472,0.52769,0.4896,0.37913,0.60815,0.382,0.49513,0.56705,0.63394,0.41462,15.1
dc_hu_harm_nemotron_eval_ai_dilemmas_kind.jsonl,none+ga1bs16,2,0,1,1,2,0.50341,0.48295,0.54159,0.63946,0.31744,0.51515,0.54736,0.5391,0.33432,0.51104,18.7
dc_hu_harm_nemotron_eval_ai_dilemmas_kind.jsonl,none+ga1bs16,2,1,1,1,2,0.4939,0.56684,0.50473,0.32025,0.69058,0.46006,0.51622,0.55647,0.7249,0.46975,16.2
dc_hu_harm_nemotron_eval_ai_dilemmas_kind.jsonl,none+ga1bs16,2,2,1,1,2,0.46577,0.4726,0.51701,0.33988,0.59846,0.40771,0.53147,0.31421,0.64296,0.40176,15.9
dc_hu_harm_nemotron_eval_ai_dilemmas_kind.jsonl,none+ga1bs16,2,3,1,1,2,0.55138,0.60629,0.5,0.37397,0.8444,0.48714,0.50541,0.56683,0.8641,0.48881,16.2
dc_hu_harm_nemotron_eval_ai_dilemmas_kind.jsonl,none+ga1bs16,2,4,1,1,2,0.4911,0.51997,0.50473,0.33058,0.72366,0.40542,0.50789,0.40833,0.72479,0.43888,15.8
dc_hu_harm_nemotron_eval_ai_dilemmas_kind.jsonl,none+ga1bs16,2,5,1,1,2,0.54671,0.58436,0.61531,0.5186,0.61996,0.43297,0.65398,0.65872,0.56398,0.46075,17.3
dc_hu_harm_nemotron_eval_ai_dilemmas_kind.jsonl,none+ga1bs16,2,6,1,1,2,0.52421,0.59487,0.50473,0.51033,0.63778,0.44399,0.51244,0.70495,0.68709,0.47501,15.7
dc_hu_harm_nemotron_eval_ai_dilemmas_kind.jsonl,none+ga1bs16,2,7,1,1,2,0.54023,0.55122,0.49055,0.44628,0.85219,0.3719,0.49211,0.48675,0.82701,0.399,14.7
dc_hu_harm_nemotron_eval_ai_dilemmas_loko.jsonl,none+ga22bs16,350,0,175,175,350,0.93427,0.90729,0.9811,0.79752,0.96213,0.99633,0.97827,0.73959,0.94178,0.96954,41.0
dc_hu_harm_nemotron_eval_ai_dilemmas_loko.jsonl,none+ga22bs16,350,1,175,175,350,0.93111,0.90448,0.97732,0.79339,0.96246,0.99128,0.97967,0.72667,0.93921,0.97236,80.1
dc_hu_harm_nemotron_eval_ai_dilemmas_loko.jsonl,none+ga22bs16,350,2,175,175,350,0.93529,0.90738,0.98677,0.80475,0.95333,0.99633,0.98173,0.74438,0.92038,0.98303,80.1
dc_hu_harm_nemotron_eval_ai_dilemmas_loko.jsonl,none+ga22bs16,350,3,175,175,350,0.93684,0.89821,0.97164,0.82748,0.95099,0.99725,0.98075,0.72722,0.91195,0.97293,40.2
dc_hu_harm_nemotron_eval_ai_dilemmas_loko.jsonl,none+ga22bs16,350,4,175,175,350,0.92977,0.90384,0.97543,0.79339,0.95578,0.99449,0.97837,0.7319,0.93191,0.97319,67.2
dc_hu_harm_nemotron_eval_ai_dilemmas_loko.jsonl,none+ga22bs16,350,5,175,175,350,0.93325,0.89882,0.96881,0.81198,0.95311,0.99908,0.97924,0.728,0.91166,0.97636,69.6
dc_hu_harm_nemotron_eval_ai_dilemmas_loko.jsonl,none+ga22bs16,350,6,175,175,350,0.92781,0.90383,0.97637,0.78202,0.95467,0.99816,0.98162,0.73079,0.92587,0.97704,37.6
dc_hu_harm_nemotron_eval_ai_dilemmas_loko.jsonl,none+ga22bs16,350,7,175,175,350,0.92844,0.90248,0.98299,0.77686,0.95667,0.99725,0.9814,0.72176,0.93195,0.9748,38.7
dc_hu_harm_nemotron_eval_ai_dilemmas_loko.jsonl,none+ga11bs16,170,0,85,85,170,0.93009,0.91431,0.98488,0.77789,0.96035,0.99725,0.98151,0.74293,0.94815,0.98464,50.4
dc_hu_harm_nemotron_eval_ai_dilemmas_loko.jsonl,none+ga11bs16,170,1,85,85,170,0.90846,0.89069,0.95274,0.75517,0.92916,0.99679,0.9641,0.72667,0.88762,0.98438,26.6
dc_hu_harm_nemotron_eval_ai_dilemmas_loko.jsonl,none+ga11bs16,170,2,85,85,170,0.92529,0.90284,0.9811,0.77893,0.9462,0.99495,0.98583,0.72622,0.91407,0.98521,31.6
dc_hu_harm_nemotron_eval_ai_dilemmas_loko.jsonl,none+ga11bs16,170,3,85,85,170,0.92838,0.90562,0.97732,0.78202,0.956,0.99816,0.98216,0.72611,0.93119,0.98303,24.7
dc_hu_harm_nemotron_eval_ai_dilemmas_loko.jsonl,none+ga11bs16,170,4,85,85,170,0.9311,0.90512,0.97164,0.80165,0.95478,0.99633,0.97902,0.72232,0.93929,0.97985,45.0
dc_hu_harm_nemotron_eval_ai_dilemmas_loko.jsonl,none+ga11bs16,170,5,85,85,170,0.93155,0.90598,0.98677,0.78512,0.95522,0.99908,0.98259,0.74003,0.92134,0.97996,45.4
dc_hu_harm_nemotron_eval_ai_dilemmas_loko.jsonl,none+ga11bs16,170,6,85,85,170,0.92104,0.90407,0.96975,0.77066,0.9511,0.99265,0.97232,0.73446,0.9299,0.97959,43.5
dc_hu_harm_nemotron_eval_ai_dilemmas_loko.jsonl,none+ga11bs16,170,7,85,85,170,0.92895,0.90413,0.98866,0.77376,0.95522,0.99816,0.98497,0.73268,0.91538,0.9835,50.8
dc_hu_harm_nemotron_eval_ai_dilemmas_loko.jsonl,none+ga7bs16,110,0,55,55,110,0.91906,0.89609,0.97921,0.7469,0.95288,0.99725,0.98346,0.7084,0.91595,0.97657,44.2
dc_hu_harm_nemotron_eval_ai_dilemmas_loko.jsonl,none+ga7bs16,110,1,55,55,110,0.92288,0.90165,0.97732,0.75723,0.95834,0.99862,0.98064,0.71497,0.92699,0.98402,21.9
dc_hu_harm_nemotron_eval_ai_dilemmas_loko.jsonl,none+ga7bs16,110,2,55,55,110,0.92451,0.90503,0.97448,0.76756,0.956,1.0,0.98302,0.72689,0.93332,0.97688,27.0
dc_hu_harm_nemotron_eval_ai_dilemmas_loko.jsonl,none+ga7bs16,110,3,55,55,110,0.92588,0.89449,0.96692,0.79132,0.94988,0.99541,0.97513,0.70951,0.91564,0.97767,22.3
dc_hu_harm_nemotron_eval_ai_dilemmas_loko.jsonl,none+ga7bs16,110,4,55,55,110,0.91829,0.89574,0.96125,0.76963,0.95055,0.99174,0.97535,0.71029,0.91695,0.98037,21.2
dc_hu_harm_nemotron_eval_ai_dilemmas_loko.jsonl,none+ga7bs16,110,5,55,55,110,0.93717,0.90268,0.98299,0.81302,0.95634,0.99633,0.98335,0.71297,0.93326,0.98115,39.1
dc_hu_harm_nemotron_eval_ai_dilemmas_loko.jsonl,none+ga7bs16,110,6,55,55,110,0.92622,0.89854,0.97448,0.78822,0.94676,0.99541,0.97697,0.73424,0.90356,0.97938,20.8
dc_hu_harm_nemotron_eval_ai_dilemmas_loko.jsonl,none+ga7bs16,110,7,55,55,110,0.88238,0.86401,0.87996,0.7686,0.89931,0.98163,0.9042,0.71464,0.87049,0.96673,20.3
dc_hu_harm_nemotron_eval_ai_dilemmas_loko.jsonl,none+ga5bs16,80,0,40,40,80,0.92907,0.8965,0.97921,0.77996,0.95712,1.0,0.98789,0.70372,0.90875,0.98563,36.3
dc_hu_harm_nemotron_eval_ai_dilemmas_loko.jsonl,none+ga5bs16,80,1,40,40,80,0.89596,0.88941,0.90454,0.70764,0.97349,0.99816,0.94064,0.69425,0.95103,0.97173,37.7
dc_hu_harm_nemotron_eval_ai_dilemmas_loko.jsonl,none+ga5bs16,80,2,40,40,80,0.91873,0.90076,0.9518,0.77686,0.95912,0.98714,0.97005,0.72299,0.93912,0.9709,20.6
dc_hu_harm_nemotron_eval_ai_dilemmas_loko.jsonl,none+ga5bs16,80,3,40,40,80,0.92882,0.90651,0.97732,0.77479,0.96503,0.99816,0.98237,0.72076,0.94659,0.97631,27.2
dc_hu_harm_nemotron_eval_ai_dilemmas_loko.jsonl,none+ga5bs16,80,4,40,40,80,0.92245,0.89754,0.97921,0.7655,0.94787,0.99725,0.97989,0.7035,0.92921,0.97756,30.6
dc_hu_harm_nemotron_eval_ai_dilemmas_loko.jsonl,none+ga5bs16,80,5,40,40,80,0.92286,0.90154,0.98299,0.7593,0.95467,0.99449,0.98346,0.71709,0.92221,0.98339,36.3
dc_hu_harm_nemotron_eval_ai_dilemmas_loko.jsonl,none+ga5bs16,80,6,40,40,80,0.86528,0.86776,0.84405,0.7314,0.90677,0.97888,0.90809,0.69804,0.89401,0.9709,19.6
dc_hu_harm_nemotron_eval_ai_dilemmas_loko.jsonl,none+ga5bs16,80,7,40,40,80,0.92676,0.90051,0.96975,0.77893,0.96569,0.99265,0.98443,0.71341,0.93378,0.97043,20.9
dc_hu_harm_nemotron_eval_ai_dilemmas_loko.jsonl,none+ga4bs16,50,0,25,25,50,0.91758,0.8975,0.96597,0.73037,0.97672,0.99725,0.9707,0.69648,0.93895,0.98386,26.2
dc_hu_harm_nemotron_eval_ai_dilemmas_loko.jsonl,none+ga4bs16,50,1,25,25,50,0.90116,0.87488,0.96408,0.7686,0.87748,0.99449,0.95794,0.71185,0.84743,0.9823,21.0
dc_hu_harm_nemotron_eval_ai_dilemmas_loko.jsonl,none+ga4bs16,50,2,25,25,50,0.8449,0.88355,0.92439,0.52169,0.96658,0.96694,0.95523,0.64435,0.96826,0.96637,36.1
dc_hu_harm_nemotron_eval_ai_dilemmas_loko.jsonl,none+ga4bs16,50,3,25,25,50,0.89289,0.89424,0.94423,0.64979,0.97984,0.9977,0.96421,0.68512,0.95069,0.97694,22.3
dc_hu_harm_nemotron_eval_ai_dilemmas_loko.jsonl,none+ga4bs16,50,4,25,25,50,0.88041,0.88891,0.93384,0.6188,0.97728,0.99174,0.95794,0.65738,0.96707,0.97324,23.3
dc_hu_harm_nemotron_eval_ai_dilemmas_loko.jsonl,none+ga4bs16,50,5,25,25,50,0.91156,0.89363,0.93667,0.78099,0.95199,0.97658,0.96259,0.70261,0.93141,0.97793,21.4
dc_hu_harm_nemotron_eval_ai_dilemmas_loko.jsonl,none+ga4bs16,50,6,25,25,50,0.92427,0.90139,0.9707,0.7655,0.96915,0.99174,0.97113,0.7074,0.9484,0.97865,18.3
dc_hu_harm_nemotron_eval_ai_dilemmas_loko.jsonl,none+ga4bs16,50,7,25,25,50,0.86574,0.85446,0.88847,0.71074,0.87614,0.9876,0.91414,0.67465,0.84899,0.98006,18.6
dc_hu_harm_nemotron_eval_ai_dilemmas_loko.jsonl,none+ga2bs16,30,0,15,15,30,0.78083,0.76015,0.62949,0.6188,0.92827,0.94674,0.59862,0.61272,0.93746,0.89182,36.9
dc_hu_harm_nemotron_eval_ai_dilemmas_loko.jsonl,none+ga2bs16,30,1,15,15,30,0.91632,0.89874,0.99622,0.70971,0.95935,1.0,0.98292,0.68445,0.94645,0.98115,23.8
dc_hu_harm_nemotron_eval_ai_dilemmas_loko.jsonl,none+ga2bs16,30,2,15,15,30,0.85577,0.87199,0.88374,0.58988,0.96413,0.98531,0.90755,0.65805,0.95021,0.97215,19.0
dc_hu_harm_nemotron_eval_ai_dilemmas_loko.jsonl,none+ga2bs16,30,3,15,15,30,0.8642,0.87289,0.88752,0.59711,0.97951,0.99265,0.91166,0.64591,0.96986,0.96413,31.2
dc_hu_harm_nemotron_eval_ai_dilemmas_loko.jsonl,none+ga2bs16,30,4,15,15,30,0.86839,0.86593,0.89225,0.64566,0.97561,0.96006,0.88441,0.67543,0.95169,0.95221,31.4
dc_hu_harm_nemotron_eval_ai_dilemmas_loko.jsonl,none+ga2bs16,30,5,15,15,30,0.89198,0.89188,0.96597,0.67252,0.9726,0.95684,0.96334,0.6722,0.9638,0.96819,29.8
dc_hu_harm_nemotron_eval_ai_dilemmas_loko.jsonl,none+ga2bs16,30,6,15,15,30,0.91111,0.89733,0.9811,0.70764,0.95845,0.99725,0.98259,0.682,0.94724,0.97751,22.6
dc_hu_harm_nemotron_eval_ai_dilemmas_loko.jsonl,none+ga2bs16,30,7,15,15,30,0.88316,0.874,0.93289,0.68905,0.92816,0.98255,0.9481,0.68122,0.89579,0.9709,29.2
dc_hu_harm_nemotron_eval_ai_dilemmas_loko.jsonl,none+ga2bs16,20,0,10,10,20,0.75449,0.76708,0.63422,0.54236,0.93874,0.90266,0.61927,0.62597,0.92856,0.89452,32.8
dc_hu_harm_nemotron_eval_ai_dilemmas_loko.jsonl,none+ga2bs16,20,1,10,10,20,0.71422,0.73112,0.60681,0.50517,0.88862,0.85629,0.57537,0.63344,0.8973,0.81836,16.7
dc_hu_harm_nemotron_eval_ai_dilemmas_loko.jsonl,none+ga2bs16,20,2,10,10,20,0.87339,0.86851,0.9414,0.65599,0.90766,0.98852,0.94788,0.68256,0.86174,0.98188,28.2
dc_hu_harm_nemotron_eval_ai_dilemmas_loko.jsonl,none+ga2bs16,20,3,10,10,20,0.88515,0.86952,0.89981,0.72107,0.9491,0.97062,0.90809,0.68556,0.92432,0.96012,17.3
dc_hu_harm_nemotron_eval_ai_dilemmas_loko.jsonl,none+ga2bs16,20,4,10,10,20,0.90274,0.89083,0.94707,0.71384,0.96658,0.98347,0.93847,0.68401,0.96391,0.97694,17.0
dc_hu_harm_nemotron_eval_ai_dilemmas_loko.jsonl,none+ga2bs16,20,5,10,10,20,0.83675,0.84614,0.78733,0.60434,0.96725,0.98806,0.77541,0.68724,0.94934,0.97256,30.3
dc_hu_harm_nemotron_eval_ai_dilemmas_loko.jsonl,none+ga2bs16,20,6,10,10,20,0.81957,0.833,0.77127,0.57231,0.96592,0.96878,0.73865,0.66552,0.9598,0.96803,31.4
dc_hu_harm_nemotron_eval_ai_dilemmas_loko.jsonl,none+ga2bs16,20,7,10,10,20,0.77521,0.77875,0.62854,0.58988,0.94164,0.94077,0.61289,0.65037,0.94021,0.91155,27.2
dc_hu_harm_nemotron_eval_ai_dilemmas_loko.jsonl,none+ga1bs16,10,0,5,5,10,0.54261,0.58465,0.50473,0.3781,0.74861,0.53903,0.50606,0.49198,0.78471,0.55586,19.8
dc_hu_harm_nemotron_eval_ai_dilemmas_loko.jsonl,none+ga1bs16,10,1,5,5,10,0.70076,0.71882,0.56522,0.58264,0.91412,0.74105,0.58478,0.62375,0.92035,0.74641,24.7
dc_hu_harm_nemotron_eval_ai_dilemmas_loko.jsonl,none+ga1bs16,10,2,5,5,10,0.80387,0.80324,0.75898,0.60434,0.91368,0.93848,0.75357,0.63188,0.90486,0.92264,27.2
dc_hu_harm_nemotron_eval_ai_dilemmas_loko.jsonl,none+ga1bs16,10,3,5,5,10,0.73689,0.70867,0.65879,0.7314,0.60604,0.95133,0.71799,0.65337,0.54802,0.9153,17.2
dc_hu_harm_nemotron_eval_ai_dilemmas_loko.jsonl,none+ga1bs16,10,4,5,5,10,0.72881,0.72611,0.55198,0.55579,0.92181,0.88567,0.53676,0.57908,0.93248,0.8561,32.4
dc_hu_harm_nemotron_eval_ai_dilemmas_loko.jsonl,none+ga1bs16,10,5,5,5,10,0.55918,0.56021,0.51512,0.6126,0.59891,0.5101,0.5066,0.64547,0.56088,0.52791,14.4
dc_hu_harm_nemotron_eval_ai_dilemmas_loko.jsonl,none+ga1bs16,10,6,5,5,10,0.609,0.62421,0.51985,0.58678,0.78392,0.54545,0.51795,0.66006,0.75653,0.56232,15.4
dc_hu_harm_nemotron_eval_ai_dilemmas_loko.jsonl,none+ga1bs16,10,7,5,5,10,0.59443,0.58663,0.51701,0.60331,0.71653,0.54086,0.49773,0.55725,0.70552,0.58601,17.0
dc_hu_harm_nemotron_eval_ai_dilemmas_loko.jsonl,none+ga1bs16,6,0,3,3,6,0.55503,0.59333,0.53781,0.31715,0.79951,0.56566,0.52206,0.47204,0.82302,0.55617,25.9
dc_hu_harm_nemotron_eval_ai_dilemmas_loko.jsonl,none+ga1bs16,6,1,3,3,6,0.56541,0.60258,0.50756,0.40909,0.772,0.573,0.5133,0.56371,0.78951,0.54378,17.7
dc_hu_harm_nemotron_eval_ai_dilemmas_loko.jsonl,none+ga1bs16,6,2,3,3,6,0.67033,0.66709,0.6276,0.71384,0.62364,0.71625,0.65063,0.74716,0.6009,0.66967,17.2
dc_hu_harm_nemotron_eval_ai_dilemmas_loko.jsonl,none+ga1bs16,6,3,3,3,6,0.55139,0.598,0.50378,0.37603,0.73301,0.59275,0.51763,0.51648,0.78148,0.57643,16.6
dc_hu_harm_nemotron_eval_ai_dilemmas_loko.jsonl,none+ga1bs16,6,4,3,3,6,0.67116,0.6693,0.57089,0.53616,0.88015,0.69743,0.56823,0.54611,0.8958,0.66707,13.8
dc_hu_harm_nemotron_eval_ai_dilemmas_loko.jsonl,none+ga1bs16,6,5,3,3,6,0.59547,0.62409,0.49716,0.61157,0.73825,0.53489,0.50238,0.68879,0.75864,0.54654,16.3
dc_hu_harm_nemotron_eval_ai_dilemmas_loko.jsonl,none+ga1bs16,6,6,3,3,6,0.55864,0.57889,0.50284,0.41116,0.74894,0.57163,0.50162,0.50022,0.75841,0.55529,17.4
dc_hu_harm_nemotron_eval_ai_dilemmas_loko.jsonl,none+ga1bs16,6,7,3,3,6,0.67615,0.69763,0.50189,0.58678,0.78904,0.82691,0.51914,0.62943,0.83186,0.81008,23.3
dc_hu_harm_nemotron_eval_ai_dilemmas_loko.jsonl,none+ga1bs16,4,0,2,2,4,0.59147,0.58441,0.52457,0.63946,0.58799,0.61387,0.52076,0.66585,0.58416,0.56685,21.0
dc_hu_harm_nemotron_eval_ai_dilemmas_loko.jsonl,none+ga1bs16,4,1,2,2,4,0.56534,0.57402,0.49527,0.68492,0.53386,0.54729,0.49546,0.72098,0.5407,0.53894,16.8
dc_hu_harm_nemotron_eval_ai_dilemmas_loko.jsonl,none+ga1bs16,4,2,2,2,4,0.58581,0.59071,0.52363,0.51963,0.75774,0.54224,0.52109,0.57006,0.72322,0.54847,14.5
dc_hu_harm_nemotron_eval_ai_dilemmas_loko.jsonl,none+ga1bs16,4,3,2,2,4,0.57165,0.59637,0.50756,0.40806,0.87926,0.49174,0.51103,0.499,0.86114,0.51432,13.5
dc_hu_harm_nemotron_eval_ai_dilemmas_loko.jsonl,none+ga1bs16,4,4,2,2,4,0.58401,0.6169,0.5,0.53926,0.70127,0.5955,0.49535,0.63722,0.77316,0.56185,16.0
dc_hu_harm_nemotron_eval_ai_dilemmas_loko.jsonl,none+ga1bs16,4,5,2,2,4,0.65044,0.61749,0.54726,0.83574,0.52361,0.69513,0.5279,0.77222,0.52095,0.6489,15.8
dc_hu_harm_nemotron_eval_ai_dilemmas_loko.jsonl,none+ga1bs16,4,6,2,2,4,0.62966,0.59705,0.53497,0.81508,0.50835,0.66024,0.53493,0.73769,0.50474,0.61084,17.0
dc_hu_harm_nemotron_eval_ai_dilemmas_loko.jsonl,none+ga1bs16,4,7,2,2,4,0.54847,0.56699,0.5,0.60021,0.57897,0.51469,0.5,0.66217,0.58527,0.52051,13.6
dc_hu_harm_nemotron_eval_ai_dilemmas_loko.jsonl,none+ga1bs16,2,0,1,1,2,0.66773,0.67737,0.51229,0.83988,0.66863,0.65014,0.54574,0.81644,0.67171,0.6756,20.3
dc_hu_harm_nemotron_eval_ai_dilemmas_loko.jsonl,none+ga1bs16,2,1,1,1,2,0.56582,0.55924,0.51796,0.51653,0.75908,0.4697,0.5053,0.55736,0.7496,0.42472,18.0
dc_hu_harm_nemotron_eval_ai_dilemmas_loko.jsonl,none+ga1bs16,2,2,1,1,2,0.63149,0.6617,0.57372,0.42975,0.79338,0.72911,0.59364,0.54522,0.80705,0.70091,26.6
dc_hu_harm_nemotron_eval_ai_dilemmas_loko.jsonl,none+ga1bs16,2,3,1,1,2,0.61416,0.59676,0.56144,0.85331,0.40644,0.63545,0.5425,0.80474,0.43028,0.60954,17.9
dc_hu_harm_nemotron_eval_ai_dilemmas_loko.jsonl,none+ga1bs16,2,4,1,1,2,0.5606,0.56062,0.51796,0.50826,0.65605,0.56015,0.50833,0.50245,0.68186,0.54982,14.6
dc_hu_harm_nemotron_eval_ai_dilemmas_loko.jsonl,none+ga1bs16,2,5,1,1,2,0.56361,0.5977,0.54631,0.36983,0.84195,0.49633,0.54055,0.49209,0.84234,0.51583,16.8
dc_hu_harm_nemotron_eval_ai_dilemmas_loko.jsonl,none+ga1bs16,2,6,1,1,2,0.60685,0.6103,0.52268,0.85021,0.42871,0.6258,0.53385,0.84262,0.44905,0.61568,19.7
dc_hu_harm_nemotron_eval_ai_dilemmas_loko.jsonl,none+ga1bs16,2,7,1,1,2,0.63855,0.6062,0.58601,0.82335,0.4511,0.69376,0.5625,0.76832,0.44882,0.64515,16.6
dc_hu_harm_nemotron_eval_ant_hh_kind.jsonl,none+ga5bs16,80,0,40,40,80,0.64893,0.66433,0.62193,0.65909,0.51582,0.7989,0.6463,0.71653,0.49726,0.79722,22.5
dc_hu_harm_nemotron_eval_ant_hh_kind.jsonl,none+ga5bs16,80,1,40,40,80,0.65126,0.68409,0.62004,0.68182,0.5245,0.7787,0.65019,0.7652,0.50205,0.81893,19.4
dc_hu_harm_nemotron_eval_ant_hh_kind.jsonl,none+ga5bs16,80,2,40,40,80,0.71085,0.71625,0.60964,0.81921,0.55502,0.8595,0.65906,0.78481,0.55185,0.86927,20.8
dc_hu_harm_nemotron_eval_ant_hh_kind.jsonl,none+ga5bs16,80,3,40,40,80,0.74374,0.71991,0.62476,0.90393,0.5753,0.87098,0.64554,0.80307,0.57032,0.86068,20.2
dc_hu_harm_nemotron_eval_ant_hh_kind.jsonl,none+ga5bs16,80,4,40,40,80,0.69447,0.70206,0.58885,0.80579,0.55636,0.82691,0.63203,0.79728,0.54624,0.83267,18.4
dc_hu_harm_nemotron_eval_ant_hh_kind.jsonl,none+ga5bs16,80,5,40,40,80,0.67068,0.69437,0.59924,0.73037,0.55235,0.80073,0.62889,0.75217,0.5441,0.8523,19.1
dc_hu_harm_nemotron_eval_ant_hh_kind.jsonl,none+ga5bs16,80,6,40,40,80,0.68187,0.69033,0.62854,0.75,0.53809,0.81084,0.65636,0.77222,0.51912,0.81362,19.0
dc_hu_harm_nemotron_eval_ant_hh_kind.jsonl,none+ga5bs16,80,7,40,40,80,0.65935,0.68259,0.57278,0.72727,0.54901,0.78834,0.60662,0.78225,0.53517,0.80633,19.3
dc_hu_harm_nemotron_eval_ant_hh_kind.jsonl,none+ga4bs16,50,0,25,25,50,0.68866,0.70636,0.61153,0.70455,0.59835,0.84022,0.61851,0.7818,0.57516,0.84996,22.6
dc_hu_harm_nemotron_eval_ant_hh_kind.jsonl,none+ga4bs16,50,1,25,25,50,0.68558,0.71355,0.65406,0.66116,0.54879,0.87833,0.6715,0.7691,0.52163,0.89197,18.9
dc_hu_harm_nemotron_eval_ant_hh_kind.jsonl,none+ga4bs16,50,2,25,25,50,0.70374,0.69921,0.58412,0.83884,0.56739,0.82461,0.61408,0.79093,0.55563,0.83621,17.2
dc_hu_harm_nemotron_eval_ant_hh_kind.jsonl,none+ga4bs16,50,3,25,25,50,0.62999,0.64184,0.61626,0.63636,0.47672,0.79063,0.67009,0.65237,0.45924,0.78566,18.3
dc_hu_harm_nemotron_eval_ant_hh_kind.jsonl,none+ga4bs16,50,4,25,25,50,0.64494,0.63999,0.56805,0.75,0.48853,0.77319,0.59202,0.71297,0.47114,0.78384,16.7
dc_hu_harm_nemotron_eval_ant_hh_kind.jsonl,none+ga4bs16,50,5,25,25,50,0.65926,0.65957,0.64461,0.65909,0.545,0.78834,0.65192,0.6722,0.51695,0.79722,17.2
dc_hu_harm_nemotron_eval_ant_hh_kind.jsonl,none+ga4bs16,50,6,25,25,50,0.71378,0.69726,0.56522,0.92149,0.547,0.8214,0.5931,0.85052,0.53899,0.80643,17.3
dc_hu_harm_nemotron_eval_ant_hh_kind.jsonl,none+ga4bs16,50,7,25,25,50,0.71301,0.69346,0.56522,0.93182,0.5538,0.80119,0.5811,0.85921,0.53855,0.79498,21.1
dc_hu_harm_nemotron_eval_ant_hh_kind.jsonl,none+ga2bs16,30,0,15,15,30,0.69801,0.67423,0.57467,0.92872,0.55358,0.73508,0.58748,0.86356,0.53554,0.71033,21.2
dc_hu_harm_nemotron_eval_ant_hh_kind.jsonl,none+ga2bs16,30,1,15,15,30,0.69961,0.68303,0.52836,0.91942,0.57841,0.77227,0.55612,0.86534,0.54587,0.76479,17.3
dc_hu_harm_nemotron_eval_ant_hh_kind.jsonl,none+ga2bs16,30,2,15,15,30,0.74421,0.73825,0.58223,0.90289,0.67766,0.81405,0.62781,0.83805,0.66142,0.8257,19.6
dc_hu_harm_nemotron_eval_ant_hh_kind.jsonl,none+ga2bs16,30,3,15,15,30,0.69332,0.67035,0.55198,0.92149,0.56382,0.736,0.56801,0.8552,0.56218,0.69601,14.8
dc_hu_harm_nemotron_eval_ant_hh_kind.jsonl,none+ga2bs16,30,4,15,15,30,0.69426,0.66851,0.54442,0.91942,0.53954,0.77365,0.54823,0.83983,0.52698,0.75901,17.3
dc_hu_harm_nemotron_eval_ant_hh_kind.jsonl,none+ga2bs16,30,5,15,15,30,0.70147,0.67884,0.5189,0.90393,0.61216,0.77089,0.54271,0.83894,0.57357,0.76015,18.2
dc_hu_harm_nemotron_eval_ant_hh_kind.jsonl,none+ga2bs16,30,6,15,15,30,0.74135,0.72851,0.56238,0.92769,0.63188,0.84343,0.61375,0.8552,0.60845,0.83663,19.1
dc_hu_harm_nemotron_eval_ant_hh_kind.jsonl,none+ga2bs16,30,7,15,15,30,0.72703,0.6976,0.55009,0.93492,0.64302,0.78007,0.56012,0.84651,0.62526,0.75849,21.7
dc_hu_harm_nemotron_eval_ant_hh_kind.jsonl,none+ga2bs16,20,0,10,10,20,0.69261,0.68658,0.56049,0.85537,0.55202,0.80257,0.57612,0.8307,0.53426,0.80524,20.8
dc_hu_harm_nemotron_eval_ant_hh_kind.jsonl,none+ga2bs16,20,1,10,10,20,0.76503,0.77074,0.6276,0.8812,0.66886,0.88246,0.68177,0.8532,0.67409,0.87391,30.4
dc_hu_harm_nemotron_eval_ant_hh_kind.jsonl,none+ga2bs16,20,2,10,10,20,0.67768,0.66659,0.60775,0.79545,0.54533,0.76217,0.62478,0.73903,0.53191,0.77062,15.0
dc_hu_harm_nemotron_eval_ant_hh_kind.jsonl,none+ga2bs16,20,3,10,10,20,0.75887,0.74625,0.62949,0.86467,0.64691,0.8944,0.6901,0.81232,0.60629,0.8763,18.4
dc_hu_harm_nemotron_eval_ant_hh_kind.jsonl,none+ga2bs16,20,4,10,10,20,0.60153,0.60518,0.56238,0.68182,0.50123,0.6607,0.57072,0.69603,0.48176,0.67222,15.2
dc_hu_harm_nemotron_eval_ant_hh_kind.jsonl,none+ga2bs16,20,5,10,10,20,0.74276,0.7362,0.5794,0.92769,0.63566,0.82828,0.62176,0.86122,0.62614,0.83569,26.3
dc_hu_harm_nemotron_eval_ant_hh_kind.jsonl,none+ga2bs16,20,6,10,10,20,0.72272,0.69821,0.57278,0.93182,0.57084,0.81543,0.59256,0.83749,0.53668,0.82611,17.0
dc_hu_harm_nemotron_eval_ant_hh_kind.jsonl,none+ga2bs16,20,7,10,10,20,0.71733,0.70097,0.59452,0.91012,0.52996,0.83471,0.60802,0.85877,0.51518,0.8219,19.0
dc_hu_harm_nemotron_eval_ant_hh_kind.jsonl,none+ga1bs16,10,0,5,5,10,0.64466,0.6528,0.52363,0.84298,0.55502,0.65702,0.55309,0.86177,0.54958,0.64676,27.8
dc_hu_harm_nemotron_eval_ant_hh_kind.jsonl,none+ga1bs16,10,1,5,5,10,0.70088,0.69005,0.52079,0.85021,0.76676,0.66575,0.55677,0.82446,0.74377,0.6352,20.3
dc_hu_harm_nemotron_eval_ant_hh_kind.jsonl,none+ga1bs16,10,2,5,5,10,0.66111,0.65376,0.52363,0.81405,0.68278,0.62397,0.55947,0.78102,0.65581,0.61875,14.2
dc_hu_harm_nemotron_eval_ant_hh_kind.jsonl,none+ga1bs16,10,3,5,5,10,0.68472,0.68371,0.57089,0.89669,0.5734,0.69789,0.609,0.85464,0.58929,0.6819,16.4
dc_hu_harm_nemotron_eval_ant_hh_kind.jsonl,none+ga1bs16,10,4,5,5,10,0.67299,0.65066,0.54631,0.86054,0.54957,0.73554,0.57115,0.81288,0.53591,0.68268,15.2
dc_hu_harm_nemotron_eval_ant_hh_kind.jsonl,none+ga1bs16,10,5,5,5,10,0.72267,0.68344,0.55671,0.92149,0.66774,0.74472,0.5465,0.84473,0.63523,0.70731,14.5
dc_hu_harm_nemotron_eval_ant_hh_kind.jsonl,none+ga1bs16,10,6,5,5,10,0.67006,0.65571,0.5293,0.72727,0.77122,0.65243,0.53839,0.72956,0.74691,0.60798,17.7
dc_hu_harm_nemotron_eval_ant_hh_kind.jsonl,none+ga1bs16,10,7,5,5,10,0.65724,0.63551,0.51512,0.87603,0.62442,0.61341,0.52952,0.80029,0.6084,0.60381,15.0
dc_hu_harm_nemotron_eval_ant_hh_kind.jsonl,none+ga1bs16,6,0,3,3,6,0.63735,0.6187,0.52741,0.87087,0.5235,0.62764,0.54563,0.83281,0.52909,0.56726,21.0
dc_hu_harm_nemotron_eval_ant_hh_kind.jsonl,none+ga1bs16,6,1,3,3,6,0.6851,0.66392,0.49716,0.7438,0.81945,0.67998,0.5239,0.68401,0.82427,0.62349,14.1
dc_hu_harm_nemotron_eval_ant_hh_kind.jsonl,none+ga1bs16,6,2,3,3,6,0.69935,0.69715,0.56522,0.71901,0.81666,0.69651,0.60694,0.73613,0.79272,0.6528,17.5
dc_hu_harm_nemotron_eval_ant_hh_kind.jsonl,none+ga1bs16,6,3,3,3,6,0.72269,0.71197,0.56144,0.90496,0.65026,0.7741,0.58337,0.85398,0.64472,0.76583,18.9
dc_hu_harm_nemotron_eval_ant_hh_kind.jsonl,none+ga1bs16,6,4,3,3,6,0.59267,0.62746,0.50945,0.64153,0.63845,0.58127,0.54239,0.77222,0.62885,0.56638,18.3
dc_hu_harm_nemotron_eval_ant_hh_kind.jsonl,none+ga1bs16,6,5,3,3,6,0.64732,0.6316,0.5104,0.80888,0.63455,0.63545,0.53936,0.75919,0.62908,0.59876,14.8
dc_hu_harm_nemotron_eval_ant_hh_kind.jsonl,none+ga1bs16,6,6,3,3,6,0.6202,0.63676,0.53025,0.7438,0.60392,0.60285,0.53795,0.78815,0.61959,0.60136,14.9
dc_hu_harm_nemotron_eval_ant_hh_kind.jsonl,none+ga1bs16,6,7,3,3,6,0.64893,0.64411,0.52457,0.69835,0.71486,0.65794,0.53558,0.71631,0.72565,0.59892,31.7
dc_hu_harm_nemotron_eval_ant_hh_kind.jsonl,none+ga1bs16,4,0,2,2,4,0.69309,0.69188,0.61342,0.80579,0.60615,0.74702,0.63246,0.78347,0.59586,0.75573,23.4
dc_hu_harm_nemotron_eval_ant_hh_kind.jsonl,none+ga1bs16,4,1,2,2,4,0.67277,0.66976,0.50756,0.84194,0.62531,0.71625,0.53633,0.80909,0.65116,0.68248,18.7
dc_hu_harm_nemotron_eval_ant_hh_kind.jsonl,none+ga1bs16,4,2,2,2,4,0.65584,0.6915,0.53781,0.6064,0.81065,0.6685,0.59526,0.71441,0.80424,0.65207,27.7
dc_hu_harm_nemotron_eval_ant_hh_kind.jsonl,none+ga1bs16,4,3,2,2,4,0.64384,0.63922,0.49905,0.83574,0.63956,0.60101,0.53644,0.80296,0.61589,0.60157,13.8
dc_hu_harm_nemotron_eval_ant_hh_kind.jsonl,none+ga1bs16,4,4,2,2,4,0.59076,0.62753,0.50284,0.72211,0.55636,0.58173,0.52238,0.83348,0.56767,0.58658,17.3
dc_hu_harm_nemotron_eval_ant_hh_kind.jsonl,none+ga1bs16,4,5,2,2,4,0.66255,0.67789,0.50756,0.73967,0.72711,0.67585,0.52087,0.79416,0.76429,0.63224,19.2
dc_hu_harm_nemotron_eval_ant_hh_kind.jsonl,none+ga1bs16,4,6,2,2,4,0.66938,0.64713,0.50567,0.86674,0.61183,0.6933,0.5173,0.82023,0.6149,0.63609,15.7
dc_hu_harm_nemotron_eval_ant_hh_kind.jsonl,none+ga1bs16,4,7,2,2,4,0.68761,0.70704,0.52079,0.77376,0.79472,0.66116,0.54174,0.82758,0.78026,0.67857,17.7
dc_hu_harm_nemotron_eval_ant_hh_kind.jsonl,none+ga1bs16,2,0,1,1,2,0.62841,0.60257,0.51985,0.81198,0.64691,0.53489,0.5146,0.77423,0.59449,0.52697,17.6
dc_hu_harm_nemotron_eval_ant_hh_kind.jsonl,none+ga1bs16,2,1,1,1,2,0.65772,0.62111,0.50756,0.85124,0.65638,0.6157,0.51081,0.76376,0.64951,0.56034,18.4
dc_hu_harm_nemotron_eval_ant_hh_kind.jsonl,none+ga1bs16,2,2,1,1,2,0.66721,0.67456,0.54726,0.63843,0.89775,0.5854,0.54163,0.70038,0.87715,0.57908,15.3
dc_hu_harm_nemotron_eval_ant_hh_kind.jsonl,none+ga1bs16,2,3,1,1,2,0.61462,0.65393,0.52268,0.47934,0.83571,0.62075,0.53795,0.61484,0.86406,0.59887,17.5
dc_hu_harm_nemotron_eval_ant_hh_kind.jsonl,none+ga1bs16,2,4,1,1,2,0.57271,0.57729,0.50095,0.73864,0.51726,0.53398,0.50887,0.75607,0.52465,0.51958,17.8
dc_hu_harm_nemotron_eval_ant_hh_kind.jsonl,none+ga1bs16,2,5,1,1,2,0.69863,0.67571,0.54159,0.73657,0.79918,0.71717,0.53741,0.71787,0.7879,0.65967,18.6
dc_hu_harm_nemotron_eval_ant_hh_kind.jsonl,none+ga1bs16,2,6,1,1,2,0.67478,0.6403,0.51134,0.84504,0.69626,0.64646,0.52455,0.74738,0.68036,0.60891,16.5
dc_hu_harm_nemotron_eval_ant_hh_kind.jsonl,none+ga1bs16,2,7,1,1,2,0.67757,0.62794,0.56805,0.8626,0.53308,0.74656,0.54217,0.81009,0.51327,0.64624,16.6
dc_hu_harm_nemotron_eval_ant_hh_loko.jsonl,none+ga22bs16,350,0,175,175,350,0.82387,0.83453,0.77316,0.61157,0.94977,0.96097,0.85218,0.63722,0.90957,0.93914,31.8
dc_hu_harm_nemotron_eval_ant_hh_loko.jsonl,none+ga22bs16,350,1,175,175,350,0.86551,0.8716,0.86957,0.65806,0.96057,0.97383,0.95394,0.66752,0.9116,0.95335,34.9
dc_hu_harm_nemotron_eval_ant_hh_loko.jsonl,none+ga22bs16,350,2,175,175,350,0.85826,0.88024,0.92911,0.56921,0.954,0.98072,0.98194,0.63366,0.92952,0.97584,74.3
dc_hu_harm_nemotron_eval_ant_hh_loko.jsonl,none+ga22bs16,350,3,175,175,350,0.89336,0.88832,0.98488,0.6219,0.97583,0.99082,0.9747,0.64302,0.9645,0.97105,68.0
dc_hu_harm_nemotron_eval_ant_hh_loko.jsonl,none+ga22bs16,350,4,175,175,350,0.87047,0.87635,0.94707,0.59814,0.96469,0.97199,0.97167,0.63288,0.9416,0.95924,70.3
dc_hu_harm_nemotron_eval_ant_hh_loko.jsonl,none+ga22bs16,350,5,175,175,350,0.88748,0.885,0.98488,0.6126,0.96759,0.98485,0.98746,0.63489,0.94948,0.96819,70.6
dc_hu_harm_nemotron_eval_ant_hh_loko.jsonl,none+ga22bs16,350,6,175,175,350,0.90065,0.88655,0.99244,0.65289,0.97149,0.98577,0.97589,0.63867,0.96496,0.96668,72.3
dc_hu_harm_nemotron_eval_ant_hh_loko.jsonl,none+ga22bs16,350,7,175,175,350,0.89167,0.89329,0.97826,0.6281,0.97316,0.98714,0.98292,0.64012,0.97605,0.97407,67.2
dc_hu_harm_nemotron_eval_ant_hh_loko.jsonl,none+ga11bs16,170,0,85,85,170,0.8795,0.88911,0.99244,0.56302,0.97082,0.99174,0.98519,0.61695,0.96706,0.98724,49.0
dc_hu_harm_nemotron_eval_ant_hh_loko.jsonl,none+ga11bs16,170,1,85,85,170,0.88102,0.8875,0.95841,0.61777,0.9589,0.98898,0.98292,0.62776,0.95811,0.98121,48.1
dc_hu_harm_nemotron_eval_ant_hh_loko.jsonl,none+ga11bs16,170,2,85,85,170,0.90815,0.89411,1.0,0.66736,0.97717,0.98806,0.98583,0.63422,0.97361,0.98277,44.6
dc_hu_harm_nemotron_eval_ant_hh_loko.jsonl,none+ga11bs16,170,3,85,85,170,0.88007,0.885,0.94991,0.60744,0.97394,0.98898,0.97372,0.62776,0.97501,0.9635,46.9
dc_hu_harm_nemotron_eval_ant_hh_loko.jsonl,none+ga11bs16,170,4,85,85,170,0.86979,0.87984,0.90926,0.63223,0.95511,0.98255,0.9495,0.65092,0.9534,0.96554,25.2
dc_hu_harm_nemotron_eval_ant_hh_loko.jsonl,none+ga11bs16,170,5,85,85,170,0.87054,0.88508,0.97353,0.55165,0.96614,0.99082,0.98605,0.61149,0.96034,0.98246,35.0
dc_hu_harm_nemotron_eval_ant_hh_loko.jsonl,none+ga11bs16,170,6,85,85,170,0.86159,0.87304,0.91682,0.58678,0.95745,0.98531,0.96605,0.62475,0.92168,0.9797,45.8
dc_hu_harm_nemotron_eval_ant_hh_loko.jsonl,none+ga11bs16,170,7,85,85,170,0.84615,0.86497,0.92628,0.53926,0.93651,0.98255,0.97221,0.59701,0.9095,0.98115,21.9
dc_hu_harm_nemotron_eval_ant_hh_loko.jsonl,none+ga7bs16,110,0,55,55,110,0.84463,0.87472,0.9206,0.54132,0.93863,0.97796,0.96551,0.60258,0.95547,0.97532,44.0
dc_hu_harm_nemotron_eval_ant_hh_loko.jsonl,none+ga7bs16,110,1,55,55,110,0.81863,0.82862,0.76843,0.625,0.91,0.97107,0.87868,0.62932,0.85842,0.94804,19.3
dc_hu_harm_nemotron_eval_ant_hh_loko.jsonl,none+ga7bs16,110,2,55,55,110,0.79096,0.8046,0.66257,0.59814,0.93618,0.96694,0.73767,0.63288,0.91119,0.93664,21.7
dc_hu_harm_nemotron_eval_ant_hh_loko.jsonl,none+ga7bs16,110,3,55,55,110,0.82152,0.84036,0.79017,0.58058,0.94654,0.96878,0.863,0.6399,0.92946,0.92909,22.0
dc_hu_harm_nemotron_eval_ant_hh_loko.jsonl,none+ga7bs16,110,4,55,55,110,0.83735,0.8689,0.81853,0.61157,0.94732,0.97199,0.92063,0.64736,0.94331,0.96429,20.7
dc_hu_harm_nemotron_eval_ant_hh_loko.jsonl,none+ga7bs16,110,5,55,55,110,0.83108,0.84193,0.79584,0.64153,0.90622,0.98072,0.88538,0.67699,0.84555,0.95981,20.1
dc_hu_harm_nemotron_eval_ant_hh_loko.jsonl,none+ga7bs16,110,6,55,55,110,0.86726,0.88147,0.91871,0.64256,0.94999,0.95776,0.95848,0.66396,0.93665,0.96678,19.1
dc_hu_harm_nemotron_eval_ant_hh_loko.jsonl,none+ga7bs16,110,7,55,55,110,0.83405,0.85959,0.86389,0.52893,0.9599,0.98347,0.91555,0.59701,0.95651,0.96928,43.2
dc_hu_harm_nemotron_eval_ant_hh_loko.jsonl,none+ga5bs16,80,0,40,40,80,0.84612,0.85233,0.86767,0.58884,0.9716,0.95638,0.9189,0.60526,0.93185,0.9533,20.9
dc_hu_harm_nemotron_eval_ant_hh_loko.jsonl,none+ga5bs16,80,1,40,40,80,0.86193,0.86472,0.92817,0.59917,0.94286,0.9775,0.96107,0.61472,0.91551,0.96757,33.8
dc_hu_harm_nemotron_eval_ant_hh_loko.jsonl,none+ga5bs16,80,2,40,40,80,0.89584,0.88812,0.97448,0.66839,0.96436,0.97612,0.98227,0.67175,0.91935,0.97912,37.8
dc_hu_harm_nemotron_eval_ant_hh_loko.jsonl,none+ga5bs16,80,3,40,40,80,0.88831,0.89578,1.0,0.60331,0.9628,0.98714,0.98908,0.64491,0.96286,0.98626,39.5
dc_hu_harm_nemotron_eval_ant_hh_loko.jsonl,none+ga5bs16,80,4,40,40,80,0.85279,0.86529,0.94423,0.53306,0.95589,0.97796,0.96734,0.56672,0.95546,0.97163,35.2
dc_hu_harm_nemotron_eval_ant_hh_loko.jsonl,none+ga5bs16,80,5,40,40,80,0.85299,0.87588,0.89036,0.57748,0.96525,0.97888,0.92042,0.64847,0.96767,0.96694,19.1
dc_hu_harm_nemotron_eval_ant_hh_loko.jsonl,none+ga5bs16,80,6,40,40,80,0.78714,0.82346,0.77694,0.4845,0.93027,0.95684,0.84872,0.59345,0.91139,0.94029,23.3
dc_hu_harm_nemotron_eval_ant_hh_loko.jsonl,none+ga5bs16,80,7,40,40,80,0.90263,0.89052,0.99811,0.65496,0.9648,0.99265,0.97978,0.63878,0.9661,0.97741,33.4
dc_hu_harm_nemotron_eval_ant_hh_loko.jsonl,none+ga4bs16,50,0,25,25,50,0.83144,0.85677,0.87146,0.53099,0.94442,0.97888,0.91631,0.61985,0.92824,0.96267,20.9
dc_hu_harm_nemotron_eval_ant_hh_loko.jsonl,none+ga4bs16,50,1,25,25,50,0.88227,0.87479,0.9811,0.58988,0.97371,0.98439,0.98119,0.57685,0.97154,0.9696,35.3
dc_hu_harm_nemotron_eval_ant_hh_loko.jsonl,none+ga4bs16,50,2,25,25,50,0.87055,0.87852,0.93195,0.61674,0.94453,0.98898,0.94269,0.67866,0.91601,0.97673,27.2
dc_hu_harm_nemotron_eval_ant_hh_loko.jsonl,none+ga4bs16,50,3,25,25,50,0.89227,0.89263,0.99622,0.58161,0.99399,0.99725,0.99157,0.60782,0.98721,0.98391,29.8
dc_hu_harm_nemotron_eval_ant_hh_loko.jsonl,none+ga4bs16,50,4,25,25,50,0.76412,0.79802,0.70888,0.42252,0.96915,0.95592,0.78276,0.52484,0.94326,0.94122,18.9
dc_hu_harm_nemotron_eval_ant_hh_loko.jsonl,none+ga4bs16,50,5,25,25,50,0.794,0.83102,0.82987,0.41012,0.9599,0.97612,0.91587,0.49076,0.96233,0.95512,35.2
dc_hu_harm_nemotron_eval_ant_hh_loko.jsonl,none+ga4bs16,50,6,25,25,50,0.6451,0.67476,0.54537,0.3905,0.90577,0.73875,0.5372,0.52851,0.92197,0.71137,38.6
dc_hu_harm_nemotron_eval_ant_hh_loko.jsonl,none+ga4bs16,50,7,25,25,50,0.82107,0.84554,0.85633,0.5062,0.95344,0.96832,0.90668,0.56338,0.95036,0.96173,30.7
dc_hu_harm_nemotron_eval_ant_hh_loko.jsonl,none+ga2bs16,30,0,15,15,30,0.81265,0.79339,0.74575,0.63017,0.93896,0.93572,0.74286,0.592,0.90955,0.92914,36.4
dc_hu_harm_nemotron_eval_ant_hh_loko.jsonl,none+ga2bs16,30,1,15,15,30,0.7213,0.75259,0.66635,0.44525,0.89987,0.87374,0.68955,0.52261,0.93233,0.86589,25.8
dc_hu_harm_nemotron_eval_ant_hh_loko.jsonl,none+ga2bs16,30,2,15,15,30,0.77524,0.76587,0.67108,0.56508,0.93506,0.92975,0.67398,0.55558,0.91733,0.9166,30.7
dc_hu_harm_nemotron_eval_ant_hh_loko.jsonl,none+ga2bs16,30,3,15,15,30,0.82791,0.84338,0.89603,0.48244,0.94876,0.98439,0.91349,0.55859,0.94159,0.95986,29.0
dc_hu_harm_nemotron_eval_ant_hh_loko.jsonl,none+ga2bs16,30,4,15,15,30,0.77068,0.77683,0.6966,0.5124,0.95088,0.92287,0.70902,0.56215,0.92254,0.91363,18.3
dc_hu_harm_nemotron_eval_ant_hh_loko.jsonl,none+ga2bs16,30,5,15,15,30,0.83811,0.86424,0.83554,0.56405,0.96113,0.99174,0.91512,0.65204,0.92566,0.96413,31.4
dc_hu_harm_nemotron_eval_ant_hh_loko.jsonl,none+ga2bs16,30,6,15,15,30,0.86753,0.88026,0.99433,0.53822,0.96146,0.97612,0.98832,0.59768,0.95981,0.97522,26.8
dc_hu_harm_nemotron_eval_ant_hh_loko.jsonl,none+ga2bs16,30,7,15,15,30,0.71891,0.7762,0.69943,0.43595,0.87893,0.86134,0.73032,0.63132,0.88675,0.85641,30.3
dc_hu_harm_nemotron_eval_ant_hh_loko.jsonl,none+ga2bs16,20,0,10,10,20,0.69492,0.70987,0.55293,0.48037,0.8474,0.89899,0.55396,0.58599,0.83929,0.86027,29.0
dc_hu_harm_nemotron_eval_ant_hh_loko.jsonl,none+ga2bs16,20,1,10,10,20,0.57801,0.59496,0.50095,0.41529,0.80675,0.58907,0.52303,0.44197,0.84657,0.56825,24.7
dc_hu_harm_nemotron_eval_ant_hh_loko.jsonl,none+ga2bs16,20,2,10,10,20,0.56078,0.59775,0.50284,0.42665,0.69013,0.62351,0.5226,0.55291,0.71906,0.59642,16.0
dc_hu_harm_nemotron_eval_ant_hh_loko.jsonl,none+ga2bs16,20,3,10,10,20,0.86036,0.89304,0.97543,0.5124,0.97382,0.9798,0.98324,0.63399,0.97961,0.97532,15.9
dc_hu_harm_nemotron_eval_ant_hh_loko.jsonl,none+ga2bs16,20,4,10,10,20,0.8415,0.84438,0.88752,0.57128,0.94208,0.96511,0.92409,0.59701,0.9218,0.93461,19.1
dc_hu_harm_nemotron_eval_ant_hh_loko.jsonl,none+ga2bs16,20,5,10,10,20,0.86228,0.88183,0.98015,0.54752,0.94531,0.97612,0.98183,0.6145,0.94911,0.98188,17.6
dc_hu_harm_nemotron_eval_ant_hh_loko.jsonl,none+ga2bs16,20,6,10,10,20,0.82671,0.84184,0.84405,0.54649,0.94754,0.96878,0.86581,0.59501,0.9468,0.95976,18.9
dc_hu_harm_nemotron_eval_ant_hh_loko.jsonl,none+ga2bs16,20,7,10,10,20,0.79586,0.79981,0.68526,0.6064,0.93907,0.95271,0.73032,0.60013,0.925,0.94377,15.8
dc_hu_harm_nemotron_eval_ant_hh_loko.jsonl,none+ga1bs16,10,0,5,5,10,0.5994,0.60864,0.52836,0.47934,0.75629,0.63361,0.51125,0.51303,0.78177,0.62849,17.1
dc_hu_harm_nemotron_eval_ant_hh_loko.jsonl,none+ga1bs16,10,1,5,5,10,0.52321,0.53529,0.52552,0.4845,0.56171,0.52112,0.50789,0.54778,0.56593,0.51958,17.3
dc_hu_harm_nemotron_eval_ant_hh_loko.jsonl,none+ga1bs16,10,2,5,5,10,0.53245,0.58213,0.50662,0.37397,0.72856,0.52066,0.50584,0.57853,0.73438,0.50979,14.7
dc_hu_harm_nemotron_eval_ant_hh_loko.jsonl,none+ga1bs16,10,3,5,5,10,0.51794,0.53225,0.4896,0.5155,0.55703,0.50964,0.50108,0.60002,0.51258,0.51531,16.0
dc_hu_harm_nemotron_eval_ant_hh_loko.jsonl,none+ga1bs16,10,4,5,5,10,0.51344,0.57636,0.49905,0.34814,0.69325,0.51331,0.49827,0.53709,0.75997,0.5101,15.7
dc_hu_harm_nemotron_eval_ant_hh_loko.jsonl,none+ga1bs16,10,5,5,5,10,0.55648,0.54642,0.49905,0.6312,0.5773,0.51837,0.49978,0.59624,0.56911,0.52056,15.0
dc_hu_harm_nemotron_eval_ant_hh_loko.jsonl,none+ga1bs16,10,6,5,5,10,0.60983,0.6254,0.54253,0.57748,0.8014,0.51791,0.5425,0.63834,0.77736,0.54342,15.5
dc_hu_harm_nemotron_eval_ant_hh_loko.jsonl,none+ga1bs16,10,7,5,5,10,0.73356,0.75638,0.80057,0.73864,0.52361,0.87144,0.81196,0.78091,0.51678,0.91587,17.9
dc_hu_harm_nemotron_eval_ant_hh_loko.jsonl,none+ga1bs16,6,0,3,3,6,0.65743,0.64011,0.63989,0.77169,0.46469,0.75344,0.66198,0.72009,0.46787,0.71049,19.1
dc_hu_harm_nemotron_eval_ant_hh_loko.jsonl,none+ga1bs16,6,1,3,3,6,0.49666,0.56069,0.49716,0.28616,0.72767,0.47567,0.49946,0.47527,0.7737,0.49433,14.9
dc_hu_harm_nemotron_eval_ant_hh_loko.jsonl,none+ga1bs16,6,2,3,3,6,0.59821,0.6343,0.5794,0.30165,0.86946,0.64233,0.59883,0.41858,0.88934,0.63047,26.1
dc_hu_harm_nemotron_eval_ant_hh_loko.jsonl,none+ga1bs16,6,3,3,3,6,0.55761,0.53743,0.50473,0.53719,0.65683,0.53168,0.50973,0.48998,0.62228,0.52775,15.8
dc_hu_harm_nemotron_eval_ant_hh_loko.jsonl,none+ga1bs16,6,4,3,3,6,0.66913,0.71105,0.54064,0.48347,0.85442,0.79798,0.55353,0.64569,0.86965,0.77535,15.4
dc_hu_harm_nemotron_eval_ant_hh_loko.jsonl,none+ga1bs16,6,5,3,3,6,0.71656,0.72544,0.58034,0.55165,0.87659,0.85767,0.55526,0.60748,0.89686,0.84215,31.9
dc_hu_harm_nemotron_eval_ant_hh_loko.jsonl,none+ga1bs16,6,6,3,3,6,0.57672,0.59769,0.50756,0.55372,0.71898,0.52663,0.51071,0.65783,0.68676,0.53545,13.5
dc_hu_harm_nemotron_eval_ant_hh_loko.jsonl,none+ga1bs16,6,7,3,3,6,0.77601,0.76753,0.79206,0.73657,0.68467,0.89073,0.79563,0.66663,0.6898,0.91805,16.0
dc_hu_harm_nemotron_eval_ant_hh_loko.jsonl,none+ga1bs16,4,0,2,2,4,0.76938,0.75072,0.7448,0.83471,0.57652,0.92149,0.75292,0.80853,0.5447,0.89671,21.0
dc_hu_harm_nemotron_eval_ant_hh_loko.jsonl,none+ga1bs16,4,1,2,2,4,0.62925,0.6336,0.53497,0.51446,0.76186,0.70569,0.5426,0.62453,0.73108,0.63619,17.6
dc_hu_harm_nemotron_eval_ant_hh_loko.jsonl,none+ga1bs16,4,2,2,2,4,0.52649,0.55507,0.5,0.42872,0.66073,0.51653,0.50335,0.53542,0.65632,0.5252,12.5
dc_hu_harm_nemotron_eval_ant_hh_loko.jsonl,none+ga1bs16,4,3,2,2,4,0.64929,0.6712,0.63516,0.48554,0.88049,0.59596,0.60402,0.51738,0.88769,0.67571,13.4
dc_hu_harm_nemotron_eval_ant_hh_loko.jsonl,none+ga1bs16,4,4,2,2,4,0.53867,0.53516,0.5,0.52479,0.62987,0.5,0.49968,0.53553,0.59532,0.5101,16.2
dc_hu_harm_nemotron_eval_ant_hh_loko.jsonl,none+ga1bs16,4,5,2,2,4,0.53088,0.55922,0.49811,0.47521,0.64469,0.50551,0.49838,0.57596,0.64511,0.51744,14.3
dc_hu_harm_nemotron_eval_ant_hh_loko.jsonl,none+ga1bs16,4,6,2,2,4,0.6415,0.6627,0.49811,0.57645,0.83259,0.65886,0.50627,0.6624,0.84446,0.63765,16.2
dc_hu_harm_nemotron_eval_ant_hh_loko.jsonl,none+ga1bs16,4,7,2,2,4,0.54311,0.55514,0.50095,0.47831,0.67621,0.51699,0.49816,0.49632,0.70451,0.52155,14.4
dc_hu_harm_nemotron_eval_ant_hh_loko.jsonl,none+ga1bs16,2,0,1,1,2,0.50281,0.55714,0.50756,0.28409,0.70305,0.51653,0.50443,0.48452,0.72764,0.51197,18.9
dc_hu_harm_nemotron_eval_ant_hh_loko.jsonl,none+ga1bs16,2,1,1,1,2,0.60572,0.58636,0.52268,0.60227,0.69693,0.60101,0.5066,0.60515,0.67778,0.55591,15.4
dc_hu_harm_nemotron_eval_ant_hh_loko.jsonl,none+ga1bs16,2,2,1,1,2,0.52605,0.55324,0.5,0.39773,0.65137,0.5551,0.5,0.51849,0.65356,0.54092,15.0
dc_hu_harm_nemotron_eval_ant_hh_loko.jsonl,none+ga1bs16,2,3,1,1,2,0.51308,0.53838,0.5,0.42975,0.56516,0.55739,0.49946,0.52139,0.5793,0.55336,15.0
dc_hu_harm_nemotron_eval_ant_hh_loko.jsonl,none+ga1bs16,2,4,1,1,2,0.50597,0.54603,0.5,0.38946,0.61606,0.51837,0.5,0.53464,0.61281,0.53665,15.9
dc_hu_harm_nemotron_eval_ant_hh_loko.jsonl,none+ga1bs16,2,5,1,1,2,0.60488,0.61534,0.51418,0.47211,0.84417,0.58907,0.50822,0.52239,0.88004,0.55071,22.0
dc_hu_harm_nemotron_eval_ant_hh_loko.jsonl,none+ga1bs16,2,6,1,1,2,0.54035,0.5346,0.56711,0.65909,0.55135,0.38384,0.55915,0.64491,0.53744,0.39692,18.3
dc_hu_harm_nemotron_eval_ant_hh_loko.jsonl,none+ga1bs16,2,7,1,1,2,0.63071,0.61704,0.58318,0.78719,0.45366,0.69881,0.55342,0.77367,0.45525,0.68581,19.8
dc_hu_harm_nemotron_eval_balanced_refusal_kind.jsonl,none+ga5bs16,80,0,40,40,80,0.80074,0.83681,0.91399,0.3688,0.99087,0.92929,0.90733,0.49109,0.98973,0.95908,24.7
dc_hu_harm_nemotron_eval_balanced_refusal_kind.jsonl,none+ga5bs16,80,1,40,40,80,0.85428,0.8736,0.94896,0.51343,0.99332,0.96143,0.9548,0.57886,0.98849,0.97225,23.4
dc_hu_harm_nemotron_eval_balanced_refusal_kind.jsonl,none+ga5bs16,80,2,40,40,80,0.83012,0.84892,0.92817,0.45764,0.98975,0.9449,0.92312,0.5264,0.99125,0.95491,24.6
dc_hu_harm_nemotron_eval_balanced_refusal_kind.jsonl,none+ga5bs16,80,3,40,40,80,0.79993,0.81938,0.8828,0.44008,0.97783,0.89899,0.82515,0.53509,0.98865,0.92862,23.5
dc_hu_harm_nemotron_eval_balanced_refusal_kind.jsonl,none+ga5bs16,80,4,40,40,80,0.81605,0.83102,0.91021,0.46178,0.98496,0.90725,0.87641,0.52718,0.98947,0.93102,22.2
dc_hu_harm_nemotron_eval_balanced_refusal_kind.jsonl,none+ga5bs16,80,5,40,40,80,0.86128,0.86641,0.9206,0.58368,0.99087,0.94995,0.93415,0.57585,0.98496,0.97069,27.1
dc_hu_harm_nemotron_eval_balanced_refusal_kind.jsonl,none+ga5bs16,80,6,40,40,80,0.84026,0.8475,0.90548,0.52169,0.98897,0.9449,0.89944,0.54957,0.98286,0.95814,24.8
dc_hu_harm_nemotron_eval_balanced_refusal_kind.jsonl,none+ga5bs16,80,7,40,40,80,0.79788,0.83636,0.90926,0.3905,0.97761,0.91414,0.9042,0.50557,0.98556,0.95012,26.0
dc_hu_harm_nemotron_eval_balanced_refusal_kind.jsonl,none+ga4bs16,50,0,25,25,50,0.70241,0.74182,0.69754,0.32851,0.96358,0.82002,0.65084,0.53241,0.98226,0.80175,32.1
dc_hu_harm_nemotron_eval_balanced_refusal_kind.jsonl,none+ga4bs16,50,1,25,25,50,0.81889,0.83356,0.90737,0.45558,0.98652,0.92608,0.89436,0.50835,0.98954,0.942,20.4
dc_hu_harm_nemotron_eval_balanced_refusal_kind.jsonl,none+ga4bs16,50,2,25,25,50,0.7061,0.72872,0.71078,0.34607,0.96681,0.80073,0.65171,0.46458,0.97539,0.8232,30.7
dc_hu_harm_nemotron_eval_balanced_refusal_kind.jsonl,none+ga4bs16,50,3,25,25,50,0.81531,0.82256,0.88185,0.47934,0.98363,0.91644,0.85359,0.5401,0.98598,0.91056,22.0
dc_hu_harm_nemotron_eval_balanced_refusal_kind.jsonl,none+ga4bs16,50,4,25,25,50,0.84901,0.86695,0.92817,0.54132,0.98764,0.93893,0.94604,0.57229,0.98501,0.96444,20.3
dc_hu_harm_nemotron_eval_balanced_refusal_kind.jsonl,none+ga4bs16,50,5,25,25,50,0.83651,0.84166,0.87335,0.54545,0.98507,0.94215,0.86624,0.56483,0.9814,0.95419,24.8
dc_hu_harm_nemotron_eval_balanced_refusal_kind.jsonl,none+ga4bs16,50,6,25,25,50,0.81054,0.82963,0.90548,0.44731,0.98485,0.9045,0.86689,0.5235,0.9935,0.93461,25.2
dc_hu_harm_nemotron_eval_balanced_refusal_kind.jsonl,none+ga4bs16,50,7,25,25,50,0.84486,0.84776,0.89414,0.53926,0.9892,0.95684,0.88268,0.57117,0.98304,0.95413,24.9
dc_hu_harm_nemotron_eval_balanced_refusal_kind.jsonl,none+ga2bs16,30,0,15,15,30,0.84343,0.85062,0.91304,0.52066,0.98363,0.95638,0.89987,0.58098,0.97448,0.94716,24.2
dc_hu_harm_nemotron_eval_balanced_refusal_kind.jsonl,none+ga2bs16,30,1,15,15,30,0.7985,0.84626,0.84972,0.43388,0.98385,0.92654,0.86592,0.5734,0.98701,0.95872,21.7
dc_hu_harm_nemotron_eval_balanced_refusal_kind.jsonl,none+ga2bs16,30,2,15,15,30,0.80442,0.82898,0.88091,0.43182,0.98853,0.91644,0.86765,0.52116,0.98678,0.94034,20.2
dc_hu_harm_nemotron_eval_balanced_refusal_kind.jsonl,none+ga2bs16,30,3,15,15,30,0.77207,0.78443,0.78733,0.45971,0.98496,0.85629,0.74989,0.53052,0.98511,0.87219,21.1
dc_hu_harm_nemotron_eval_balanced_refusal_kind.jsonl,none+ga2bs16,30,4,15,15,30,0.85736,0.85808,0.9225,0.56198,0.97895,0.96602,0.9149,0.57429,0.97239,0.97074,23.2
dc_hu_harm_nemotron_eval_balanced_refusal_kind.jsonl,none+ga2bs16,30,5,15,15,30,0.8029,0.83013,0.85728,0.47314,0.98129,0.89991,0.85478,0.544,0.97788,0.94388,22.1
dc_hu_harm_nemotron_eval_balanced_refusal_kind.jsonl,none+ga2bs16,30,6,15,15,30,0.80685,0.82599,0.88185,0.43388,0.98006,0.93159,0.8311,0.55324,0.9837,0.93591,24.6
dc_hu_harm_nemotron_eval_balanced_refusal_kind.jsonl,none+ga2bs16,30,7,15,15,30,0.79504,0.80265,0.82798,0.4876,0.98073,0.88384,0.79639,0.54389,0.98146,0.88885,33.3
dc_hu_harm_nemotron_eval_balanced_refusal_kind.jsonl,none+ga2bs16,20,0,10,10,20,0.75197,0.76352,0.7741,0.44731,0.97472,0.81175,0.69983,0.5607,0.97805,0.81549,27.9
dc_hu_harm_nemotron_eval_balanced_refusal_kind.jsonl,none+ga2bs16,20,1,10,10,20,0.70054,0.72579,0.64461,0.43285,0.96347,0.76125,0.64479,0.53018,0.96541,0.76276,24.7
dc_hu_harm_nemotron_eval_balanced_refusal_kind.jsonl,none+ga2bs16,20,2,10,10,20,0.8291,0.85145,0.95085,0.42562,0.99042,0.94949,0.95513,0.51225,0.99096,0.94747,23.0
dc_hu_harm_nemotron_eval_balanced_refusal_kind.jsonl,none+ga2bs16,20,3,10,10,20,0.73265,0.75904,0.72495,0.43595,0.97583,0.79385,0.70318,0.52885,0.98114,0.82299,23.7
dc_hu_harm_nemotron_eval_balanced_refusal_kind.jsonl,none+ga2bs16,20,4,10,10,20,0.66826,0.67081,0.64083,0.47004,0.96803,0.59412,0.60662,0.52673,0.96847,0.58142,24.6
dc_hu_harm_nemotron_eval_balanced_refusal_kind.jsonl,none+ga2bs16,20,5,10,10,20,0.8067,0.80946,0.82987,0.48864,0.97672,0.93159,0.79271,0.54867,0.9712,0.92524,18.8
dc_hu_harm_nemotron_eval_balanced_refusal_kind.jsonl,none+ga2bs16,20,6,10,10,20,0.80367,0.82706,0.8327,0.48657,0.98218,0.91322,0.82904,0.56405,0.98424,0.93091,21.7
dc_hu_harm_nemotron_eval_balanced_refusal_kind.jsonl,none+ga2bs16,20,7,10,10,20,0.79156,0.8082,0.82325,0.46798,0.97282,0.9022,0.77346,0.56594,0.9642,0.9292,23.7
dc_hu_harm_nemotron_eval_balanced_refusal_kind.jsonl,none+ga1bs16,10,0,5,5,10,0.64602,0.66927,0.60586,0.34298,0.93918,0.69605,0.60154,0.48675,0.92497,0.66384,24.6
dc_hu_harm_nemotron_eval_balanced_refusal_kind.jsonl,none+ga1bs16,10,1,5,5,10,0.59433,0.60717,0.54537,0.42562,0.87926,0.52709,0.53493,0.54656,0.80793,0.53925,15.5
dc_hu_harm_nemotron_eval_balanced_refusal_kind.jsonl,none+ga1bs16,10,2,5,5,10,0.6367,0.68345,0.65595,0.32541,0.94743,0.618,0.67052,0.47171,0.94465,0.64692,18.3
dc_hu_harm_nemotron_eval_balanced_refusal_kind.jsonl,none+ga1bs16,10,3,5,5,10,0.63468,0.65441,0.5879,0.36364,0.93796,0.64922,0.59753,0.50635,0.91745,0.59631,16.6
dc_hu_harm_nemotron_eval_balanced_refusal_kind.jsonl,none+ga1bs16,10,4,5,5,10,0.69192,0.7058,0.66824,0.45041,0.93874,0.71028,0.66371,0.52952,0.95144,0.67852,21.6
dc_hu_harm_nemotron_eval_balanced_refusal_kind.jsonl,none+ga1bs16,10,5,5,5,10,0.75227,0.7493,0.6758,0.56921,0.94542,0.81864,0.6715,0.62107,0.91334,0.79128,21.3
dc_hu_harm_nemotron_eval_balanced_refusal_kind.jsonl,none+ga1bs16,10,6,5,5,10,0.7553,0.77493,0.77127,0.4814,0.95266,0.81589,0.73486,0.57374,0.97436,0.81674,18.3
dc_hu_harm_nemotron_eval_balanced_refusal_kind.jsonl,none+ga1bs16,10,7,5,5,10,0.64047,0.68027,0.60491,0.38533,0.92838,0.64325,0.61743,0.54177,0.92135,0.64051,21.2
dc_hu_harm_nemotron_eval_balanced_refusal_kind.jsonl,none+ga1bs16,6,0,3,3,6,0.55879,0.60947,0.55482,0.25207,0.87503,0.55326,0.54639,0.45935,0.87221,0.55992,18.9
dc_hu_harm_nemotron_eval_balanced_refusal_kind.jsonl,none+ga1bs16,6,1,3,3,6,0.68819,0.70719,0.68336,0.45971,0.94119,0.6685,0.64371,0.53698,0.95361,0.69445,16.6
dc_hu_harm_nemotron_eval_balanced_refusal_kind.jsonl,none+ga1bs16,6,2,3,3,6,0.68143,0.68749,0.62476,0.49587,0.85164,0.75344,0.61278,0.54634,0.86265,0.72819,24.0
dc_hu_harm_nemotron_eval_balanced_refusal_kind.jsonl,none+ga1bs16,6,3,3,3,6,0.53631,0.5933,0.55198,0.24587,0.8855,0.46189,0.52595,0.43417,0.90475,0.50833,16.9
dc_hu_harm_nemotron_eval_balanced_refusal_kind.jsonl,none+ga1bs16,6,4,3,3,6,0.5789,0.60181,0.50095,0.39773,0.85999,0.55693,0.50378,0.48619,0.86932,0.54795,13.9
dc_hu_harm_nemotron_eval_balanced_refusal_kind.jsonl,none+ga1bs16,6,5,3,3,6,0.58261,0.6187,0.56144,0.32645,0.92281,0.51974,0.54369,0.5254,0.91565,0.49006,14.9
dc_hu_harm_nemotron_eval_balanced_refusal_kind.jsonl,none+ga1bs16,6,6,3,3,6,0.55694,0.59322,0.55104,0.35021,0.83292,0.49357,0.5439,0.48641,0.83709,0.50547,15.7
dc_hu_harm_nemotron_eval_balanced_refusal_kind.jsonl,none+ga1bs16,6,7,3,3,6,0.59495,0.61754,0.52647,0.44112,0.8718,0.5404,0.52519,0.52038,0.85383,0.57075,17.2
dc_hu_harm_nemotron_eval_balanced_refusal_kind.jsonl,none+ga1bs16,4,0,2,2,4,0.57362,0.59166,0.53497,0.40702,0.90711,0.44536,0.5199,0.48641,0.89166,0.46866,19.5
dc_hu_harm_nemotron_eval_balanced_refusal_kind.jsonl,none+ga1bs16,4,1,2,2,4,0.56751,0.57977,0.52741,0.48037,0.82056,0.44169,0.51038,0.56393,0.76584,0.47892,16.3
dc_hu_harm_nemotron_eval_balanced_refusal_kind.jsonl,none+ga1bs16,4,2,2,2,4,0.64355,0.63807,0.55577,0.54752,0.89196,0.57897,0.53968,0.62519,0.83763,0.54977,31.2
dc_hu_harm_nemotron_eval_balanced_refusal_kind.jsonl,none+ga1bs16,4,3,2,2,4,0.55801,0.60955,0.569,0.27789,0.84796,0.53719,0.59429,0.44676,0.83295,0.56419,18.9
dc_hu_harm_nemotron_eval_balanced_refusal_kind.jsonl,none+ga1bs16,4,4,2,2,4,0.63733,0.64504,0.58601,0.45455,0.90499,0.60376,0.57429,0.4863,0.88038,0.63921,19.0
dc_hu_harm_nemotron_eval_balanced_refusal_kind.jsonl,none+ga1bs16,4,5,2,2,4,0.58691,0.61496,0.54159,0.32851,0.88572,0.59183,0.53806,0.45422,0.87228,0.59527,14.6
dc_hu_harm_nemotron_eval_balanced_refusal_kind.jsonl,none+ga1bs16,4,6,2,2,4,0.59528,0.62112,0.52647,0.38636,0.90354,0.56474,0.52022,0.47293,0.88062,0.61068,22.0
dc_hu_harm_nemotron_eval_balanced_refusal_kind.jsonl,none+ga1bs16,4,7,2,2,4,0.74152,0.77572,0.79773,0.37397,0.96425,0.83012,0.75843,0.53442,0.9596,0.85043,20.1
dc_hu_harm_nemotron_eval_balanced_refusal_kind.jsonl,none+ga1bs16,2,0,1,1,2,0.58836,0.58118,0.50662,0.55579,0.82825,0.46281,0.50195,0.57407,0.76826,0.48042,17.2
dc_hu_harm_nemotron_eval_balanced_refusal_kind.jsonl,none+ga1bs16,2,1,1,1,2,0.62983,0.6556,0.58601,0.45558,0.93595,0.54178,0.58337,0.56995,0.94336,0.52572,16.8
dc_hu_harm_nemotron_eval_balanced_refusal_kind.jsonl,none+ga1bs16,2,2,1,1,2,0.60609,0.6384,0.5586,0.47417,0.91914,0.47245,0.5984,0.5519,0.91828,0.48501,17.5
dc_hu_harm_nemotron_eval_balanced_refusal_kind.jsonl,none+ga1bs16,2,3,1,1,2,0.59665,0.61917,0.55009,0.57645,0.65861,0.60147,0.5425,0.66518,0.66301,0.606,14.0
dc_hu_harm_nemotron_eval_balanced_refusal_kind.jsonl,none+ga1bs16,2,4,1,1,2,0.61903,0.62522,0.54064,0.60021,0.85364,0.48163,0.53482,0.65972,0.8096,0.49672,17.1
dc_hu_harm_nemotron_eval_balanced_refusal_kind.jsonl,none+ga1bs16,2,5,1,1,2,0.5511,0.58771,0.49716,0.37603,0.76877,0.56244,0.50703,0.51114,0.76864,0.56404,14.7
dc_hu_harm_nemotron_eval_balanced_refusal_kind.jsonl,none+ga1bs16,2,6,1,1,2,0.56108,0.60115,0.52457,0.35331,0.89307,0.47337,0.52271,0.47494,0.91048,0.49646,15.7
dc_hu_harm_nemotron_eval_balanced_refusal_kind.jsonl,none+ga1bs16,2,7,1,1,2,0.6755,0.64436,0.56427,0.72521,0.82758,0.58494,0.55234,0.68868,0.75913,0.57731,13.8
dc_hu_harm_nemotron_eval_balanced_refusal_loko.jsonl,none+ga22bs16,350,0,175,175,350,0.90397,0.88088,0.96692,0.78409,0.88461,0.98026,0.97913,0.74493,0.82285,0.97662,62.7
dc_hu_harm_nemotron_eval_balanced_refusal_loko.jsonl,none+ga22bs16,350,1,175,175,350,0.91225,0.88455,0.9896,0.78099,0.88806,0.99036,0.98108,0.7456,0.82731,0.98423,35.5
dc_hu_harm_nemotron_eval_balanced_refusal_loko.jsonl,none+ga22bs16,350,2,175,175,350,0.90548,0.88204,0.97164,0.7624,0.90209,0.98577,0.98454,0.72978,0.82894,0.9849,42.9
dc_hu_harm_nemotron_eval_balanced_refusal_loko.jsonl,none+ga22bs16,350,3,175,175,350,0.90979,0.88044,0.96219,0.80888,0.87358,0.99449,0.98421,0.76142,0.79431,0.98183,40.6
dc_hu_harm_nemotron_eval_balanced_refusal_loko.jsonl,none+ga22bs16,350,4,175,175,350,0.89427,0.8752,0.92439,0.80372,0.86734,0.98163,0.97654,0.771,0.77577,0.97751,61.0
dc_hu_harm_nemotron_eval_balanced_refusal_loko.jsonl,none+ga22bs16,350,5,175,175,350,0.92256,0.89852,1.0,0.78099,0.91201,0.99725,0.98508,0.73613,0.8967,0.97616,48.0
dc_hu_harm_nemotron_eval_balanced_refusal_loko.jsonl,none+ga22bs16,350,6,175,175,350,0.8834,0.8765,0.90832,0.7469,0.88984,0.98852,0.97859,0.74304,0.80301,0.98136,45.8
dc_hu_harm_nemotron_eval_balanced_refusal_loko.jsonl,none+ga22bs16,350,7,175,175,350,0.91597,0.89238,0.99244,0.77273,0.90699,0.99174,0.98432,0.73145,0.86827,0.98547,52.2
dc_hu_harm_nemotron_eval_balanced_refusal_loko.jsonl,none+ga11bs16,170,0,85,85,170,0.91187,0.88658,0.98866,0.80475,0.86968,0.98439,0.97664,0.77423,0.83127,0.96418,35.5
dc_hu_harm_nemotron_eval_balanced_refusal_loko.jsonl,none+ga11bs16,170,1,85,85,170,0.91437,0.89042,0.99055,0.76033,0.92036,0.98623,0.98064,0.74894,0.85968,0.97241,46.1
dc_hu_harm_nemotron_eval_balanced_refusal_loko.jsonl,none+ga11bs16,170,2,85,85,170,0.91681,0.90034,1.0,0.7345,0.93551,0.99725,0.99092,0.7123,0.91692,0.98121,28.1
dc_hu_harm_nemotron_eval_balanced_refusal_loko.jsonl,none+ga11bs16,170,3,85,85,170,0.88713,0.86281,0.91304,0.83471,0.8219,0.97888,0.95285,0.77902,0.74609,0.97329,29.1
dc_hu_harm_nemotron_eval_balanced_refusal_loko.jsonl,none+ga11bs16,170,4,85,85,170,0.85804,0.84456,0.8724,0.81405,0.77601,0.9697,0.93393,0.77824,0.70449,0.96158,25.3
dc_hu_harm_nemotron_eval_balanced_refusal_loko.jsonl,none+ga11bs16,170,5,85,85,170,0.89123,0.87386,0.99433,0.72314,0.86122,0.98623,0.98529,0.71196,0.81424,0.98397,32.6
dc_hu_harm_nemotron_eval_balanced_refusal_loko.jsonl,none+ga11bs16,170,6,85,85,170,0.90336,0.87369,0.94329,0.81302,0.87091,0.98623,0.96032,0.76442,0.80146,0.96855,31.2
dc_hu_harm_nemotron_eval_balanced_refusal_loko.jsonl,none+ga11bs16,170,7,85,85,170,0.92414,0.90188,1.0,0.76963,0.93061,0.99633,0.99157,0.73992,0.89209,0.98397,30.5
dc_hu_harm_nemotron_eval_balanced_refusal_loko.jsonl,none+ga7bs16,110,0,55,55,110,0.90059,0.87897,0.98582,0.74483,0.87815,0.99357,0.98919,0.71386,0.82415,0.9887,27.9
dc_hu_harm_nemotron_eval_balanced_refusal_loko.jsonl,none+ga7bs16,110,1,55,55,110,0.91938,0.88314,0.96786,0.81302,0.90399,0.99265,0.9814,0.75819,0.81316,0.9798,26.6
dc_hu_harm_nemotron_eval_balanced_refusal_loko.jsonl,none+ga7bs16,110,2,55,55,110,0.86803,0.84636,0.86106,0.84814,0.79049,0.97245,0.93566,0.77668,0.72428,0.94882,26.5
dc_hu_harm_nemotron_eval_balanced_refusal_loko.jsonl,none+ga7bs16,110,3,55,55,110,0.8626,0.84539,0.85822,0.84917,0.7926,0.95041,0.93231,0.79205,0.71052,0.94669,20.9
dc_hu_harm_nemotron_eval_balanced_refusal_loko.jsonl,none+ga7bs16,110,4,55,55,110,0.92086,0.89176,0.96786,0.81921,0.9051,0.99128,0.98724,0.76921,0.82491,0.98568,26.6
dc_hu_harm_nemotron_eval_balanced_refusal_loko.jsonl,none+ga7bs16,110,5,55,55,110,0.88706,0.89629,1.0,0.73967,0.81867,0.9899,0.99567,0.76309,0.83708,0.98933,22.3
dc_hu_harm_nemotron_eval_balanced_refusal_loko.jsonl,none+ga7bs16,110,6,55,55,110,0.90584,0.88212,0.99811,0.81612,0.8229,0.98623,0.9841,0.77656,0.78947,0.97834,31.1
dc_hu_harm_nemotron_eval_balanced_refusal_loko.jsonl,none+ga7bs16,110,7,55,55,110,0.90516,0.88636,0.99433,0.72521,0.90755,0.99357,0.98875,0.70283,0.871,0.98287,25.2
dc_hu_harm_nemotron_eval_balanced_refusal_loko.jsonl,none+ga5bs16,80,0,40,40,80,0.92181,0.90462,0.99811,0.79029,0.90343,0.99541,0.98843,0.76209,0.8778,0.99016,23.8
dc_hu_harm_nemotron_eval_balanced_refusal_loko.jsonl,none+ga5bs16,80,1,40,40,80,0.88172,0.86462,0.89319,0.85744,0.80931,0.96694,0.95837,0.78269,0.73979,0.97761,24.1
dc_hu_harm_nemotron_eval_balanced_refusal_loko.jsonl,none+ga5bs16,80,2,40,40,80,0.88671,0.86729,0.94518,0.75207,0.85832,0.99128,0.98421,0.70528,0.79977,0.9799,37.1
dc_hu_harm_nemotron_eval_balanced_refusal_loko.jsonl,none+ga5bs16,80,3,40,40,80,0.85384,0.84334,0.85161,0.86157,0.72789,0.97429,0.93599,0.79784,0.68634,0.9532,19.3
dc_hu_harm_nemotron_eval_balanced_refusal_loko.jsonl,none+ga5bs16,80,4,40,40,80,0.88113,0.88296,0.98488,0.6064,0.93785,0.99541,0.98475,0.66652,0.90875,0.97183,20.2
dc_hu_harm_nemotron_eval_balanced_refusal_loko.jsonl,none+ga5bs16,80,5,40,40,80,0.88577,0.86161,0.91588,0.84194,0.79628,0.98898,0.97091,0.78525,0.71319,0.97709,32.6
dc_hu_harm_nemotron_eval_balanced_refusal_loko.jsonl,none+ga5bs16,80,6,40,40,80,0.89265,0.87698,0.91777,0.7593,0.90822,0.98531,0.9694,0.70851,0.8513,0.97871,27.3
dc_hu_harm_nemotron_eval_balanced_refusal_loko.jsonl,none+ga5bs16,80,7,40,40,80,0.90758,0.88713,0.97164,0.7531,0.90833,0.99725,0.97956,0.72477,0.85975,0.98443,25.5
dc_hu_harm_nemotron_eval_balanced_refusal_loko.jsonl,none+ga4bs16,50,0,25,25,50,0.89042,0.86385,0.96975,0.87707,0.73324,0.98163,0.97718,0.83315,0.67994,0.96512,27.8
dc_hu_harm_nemotron_eval_balanced_refusal_loko.jsonl,none+ga4bs16,50,1,25,25,50,0.89468,0.89158,1.0,0.73657,0.84217,1.0,0.98616,0.77601,0.82236,0.98178,20.3
dc_hu_harm_nemotron_eval_balanced_refusal_loko.jsonl,none+ga4bs16,50,2,25,25,50,0.81623,0.81657,0.74858,0.70455,0.8366,0.97521,0.82753,0.71742,0.76772,0.95361,29.5
dc_hu_harm_nemotron_eval_balanced_refusal_loko.jsonl,none+ga4bs16,50,3,25,25,50,0.90135,0.87258,0.99244,0.80475,0.81967,0.98852,0.98865,0.77033,0.74815,0.98318,26.1
dc_hu_harm_nemotron_eval_balanced_refusal_loko.jsonl,none+ga4bs16,50,4,25,25,50,0.86027,0.84351,0.87335,0.73347,0.86367,0.97062,0.92744,0.67031,0.81321,0.96309,23.8
dc_hu_harm_nemotron_eval_balanced_refusal_loko.jsonl,none+ga4bs16,50,5,25,25,50,0.86468,0.8609,0.93289,0.81921,0.72589,0.98072,0.97837,0.78859,0.69298,0.98365,24.6
dc_hu_harm_nemotron_eval_balanced_refusal_loko.jsonl,none+ga4bs16,50,6,25,25,50,0.84665,0.84391,0.82325,0.72004,0.86445,0.97888,0.88884,0.70706,0.80976,0.96996,18.7
dc_hu_harm_nemotron_eval_balanced_refusal_loko.jsonl,none+ga4bs16,50,7,25,25,50,0.91786,0.88321,0.99244,0.79855,0.88138,0.99908,0.98659,0.74694,0.81351,0.98579,24.9
dc_hu_harm_nemotron_eval_balanced_refusal_loko.jsonl,none+ga2bs16,30,0,15,15,30,0.853,0.83141,0.75142,0.84814,0.88316,0.92929,0.83586,0.76242,0.7941,0.93326,18.0
dc_hu_harm_nemotron_eval_balanced_refusal_loko.jsonl,none+ga2bs16,30,1,15,15,30,0.91236,0.88655,0.97448,0.73244,0.94988,0.99265,0.98021,0.69414,0.89396,0.97787,19.3
dc_hu_harm_nemotron_eval_balanced_refusal_loko.jsonl,none+ga2bs16,30,2,15,15,30,0.72665,0.73035,0.62665,0.70041,0.74527,0.83425,0.6356,0.71308,0.78254,0.79019,21.2
dc_hu_harm_nemotron_eval_balanced_refusal_loko.jsonl,none+ga2bs16,30,3,15,15,30,0.90139,0.87332,0.91304,0.77479,0.9315,0.98623,0.94853,0.70205,0.8801,0.96262,19.8
dc_hu_harm_nemotron_eval_balanced_refusal_loko.jsonl,none+ga2bs16,30,4,15,15,30,0.84927,0.84436,0.76749,0.82335,0.87971,0.92654,0.87543,0.77501,0.79058,0.93643,19.8
dc_hu_harm_nemotron_eval_balanced_refusal_loko.jsonl,none+ga2bs16,30,5,15,15,30,0.87398,0.87466,0.90548,0.74483,0.87592,0.9697,0.9575,0.72232,0.84494,0.97387,20.2
dc_hu_harm_nemotron_eval_balanced_refusal_loko.jsonl,none+ga2bs16,30,6,15,15,30,0.78354,0.79019,0.72968,0.81508,0.70695,0.88246,0.79217,0.76777,0.70004,0.90077,17.8
dc_hu_harm_nemotron_eval_balanced_refusal_loko.jsonl,none+ga2bs16,30,7,15,15,30,0.81748,0.81019,0.75331,0.76653,0.83137,0.91873,0.81088,0.73992,0.77622,0.91373,18.7
dc_hu_harm_nemotron_eval_balanced_refusal_loko.jsonl,none+ga2bs16,20,0,10,10,20,0.56238,0.63673,0.49338,0.37293,0.81388,0.56933,0.49827,0.62609,0.88845,0.5341,18.5
dc_hu_harm_nemotron_eval_balanced_refusal_loko.jsonl,none+ga2bs16,20,1,10,10,20,0.90794,0.91807,0.99811,0.68802,0.94564,1.0,0.99416,0.76687,0.94281,0.96845,15.1
dc_hu_harm_nemotron_eval_balanced_refusal_loko.jsonl,none+ga2bs16,20,2,10,10,20,0.77533,0.77478,0.72212,0.77169,0.68189,0.92562,0.77011,0.73836,0.66878,0.92186,19.3
dc_hu_harm_nemotron_eval_balanced_refusal_loko.jsonl,none+ga2bs16,20,3,10,10,20,0.66406,0.69316,0.53497,0.40806,0.85921,0.85399,0.57137,0.53497,0.85167,0.81461,19.2
dc_hu_harm_nemotron_eval_balanced_refusal_loko.jsonl,none+ga2bs16,20,4,10,10,20,0.72584,0.69711,0.57845,0.75207,0.74549,0.82736,0.55396,0.66719,0.71457,0.85272,17.4
dc_hu_harm_nemotron_eval_balanced_refusal_loko.jsonl,none+ga2bs16,20,5,10,10,20,0.82443,0.82343,0.84877,0.75103,0.75485,0.94307,0.86862,0.74905,0.73876,0.93727,19.6
dc_hu_harm_nemotron_eval_balanced_refusal_loko.jsonl,none+ga2bs16,20,6,10,10,20,0.78408,0.76315,0.76938,0.84401,0.62854,0.8944,0.77303,0.79472,0.6261,0.85876,20.3
dc_hu_harm_nemotron_eval_balanced_refusal_loko.jsonl,none+ga2bs16,20,7,10,10,20,0.79531,0.77368,0.78639,0.86467,0.59768,0.93251,0.81066,0.78169,0.57163,0.93076,19.7
dc_hu_harm_nemotron_eval_balanced_refusal_loko.jsonl,none+ga1bs16,10,0,5,5,10,0.51237,0.57718,0.50284,0.38223,0.65616,0.50826,0.50335,0.56471,0.72274,0.51791,18.4
dc_hu_harm_nemotron_eval_balanced_refusal_loko.jsonl,none+ga1bs16,10,1,5,5,10,0.81965,0.80744,0.70888,0.8719,0.79929,0.89853,0.71615,0.80486,0.80086,0.9079,16.5
dc_hu_harm_nemotron_eval_balanced_refusal_loko.jsonl,none+ga1bs16,10,2,5,5,10,0.55075,0.59755,0.48204,0.45248,0.74504,0.52342,0.49405,0.62263,0.74875,0.52478,12.9
dc_hu_harm_nemotron_eval_balanced_refusal_loko.jsonl,none+ga1bs16,10,3,5,5,10,0.5692,0.57376,0.50284,0.82025,0.45144,0.5023,0.50054,0.85776,0.43407,0.50266,15.9
dc_hu_harm_nemotron_eval_balanced_refusal_loko.jsonl,none+ga1bs16,10,4,5,5,10,0.65612,0.63056,0.54348,0.80682,0.47895,0.79522,0.5372,0.81611,0.42701,0.74193,19.1
dc_hu_harm_nemotron_eval_balanced_refusal_loko.jsonl,none+ga1bs16,10,5,5,5,10,0.72045,0.71838,0.55104,0.79649,0.71196,0.82231,0.56856,0.77946,0.71591,0.80961,17.4
dc_hu_harm_nemotron_eval_balanced_refusal_loko.jsonl,none+ga1bs16,10,6,5,5,10,0.5488,0.56193,0.49244,0.76343,0.41501,0.52433,0.50108,0.81711,0.4166,0.51291,16.2
dc_hu_harm_nemotron_eval_balanced_refusal_loko.jsonl,none+ga1bs16,10,7,5,5,10,0.74268,0.78327,0.68431,0.61467,0.81867,0.85308,0.70718,0.72399,0.81857,0.88333,19.6
dc_hu_harm_nemotron_eval_balanced_refusal_loko.jsonl,none+ga1bs16,6,0,3,3,6,0.64662,0.6337,0.51512,0.80682,0.64424,0.62029,0.53482,0.78837,0.60988,0.60173,23.1
dc_hu_harm_nemotron_eval_balanced_refusal_loko.jsonl,none+ga1bs16,6,1,3,3,6,0.56062,0.61723,0.4896,0.42045,0.81956,0.51286,0.49459,0.61495,0.85198,0.50739,18.1
dc_hu_harm_nemotron_eval_balanced_refusal_loko.jsonl,none+ga1bs16,6,2,3,3,6,0.64002,0.61081,0.53875,0.90702,0.52016,0.59412,0.54963,0.79572,0.51838,0.5795,15.0
dc_hu_harm_nemotron_eval_balanced_refusal_loko.jsonl,none+ga1bs16,6,3,3,3,6,0.77149,0.76443,0.638,0.72314,0.79828,0.92654,0.66187,0.66206,0.80346,0.93034,18.5
dc_hu_harm_nemotron_eval_balanced_refusal_loko.jsonl,none+ga1bs16,6,4,3,3,6,0.58573,0.61084,0.50095,0.73967,0.50312,0.59917,0.51946,0.82223,0.51527,0.58637,17.5
dc_hu_harm_nemotron_eval_balanced_refusal_loko.jsonl,none+ga1bs16,6,5,3,3,6,0.51704,0.54419,0.48677,0.42562,0.65349,0.5023,0.49795,0.501,0.67146,0.50635,16.0
dc_hu_harm_nemotron_eval_balanced_refusal_loko.jsonl,none+ga1bs16,6,6,3,3,6,0.58035,0.61723,0.51512,0.58368,0.63856,0.58402,0.53255,0.75629,0.62271,0.55737,15.9
dc_hu_harm_nemotron_eval_balanced_refusal_loko.jsonl,none+ga1bs16,6,7,3,3,6,0.78436,0.76555,0.75709,0.86364,0.592,0.9247,0.80861,0.79751,0.59395,0.86214,19.0
dc_hu_harm_nemotron_eval_balanced_refusal_loko.jsonl,none+ga1bs16,4,0,2,2,4,0.54146,0.57854,0.49622,0.41426,0.76454,0.49082,0.5013,0.52261,0.8134,0.47683,17.7
dc_hu_harm_nemotron_eval_balanced_refusal_loko.jsonl,none+ga1bs16,4,1,2,2,4,0.61201,0.6095,0.5586,0.69318,0.60626,0.58999,0.54487,0.72912,0.58119,0.58283,17.5
dc_hu_harm_nemotron_eval_balanced_refusal_loko.jsonl,none+ga1bs16,4,2,2,2,4,0.54695,0.57608,0.49716,0.52583,0.70706,0.45776,0.49924,0.62887,0.68329,0.49292,19.3
dc_hu_harm_nemotron_eval_balanced_refusal_loko.jsonl,none+ga1bs16,4,3,2,2,4,0.61142,0.61046,0.49527,0.66529,0.71853,0.56657,0.50076,0.71297,0.69746,0.53066,15.9
dc_hu_harm_nemotron_eval_balanced_refusal_loko.jsonl,none+ga1bs16,4,4,2,2,4,0.69557,0.69117,0.66541,0.74897,0.54466,0.82323,0.6715,0.72689,0.54658,0.81971,16.9
dc_hu_harm_nemotron_eval_balanced_refusal_loko.jsonl,none+ga1bs16,4,5,2,2,4,0.49448,0.56031,0.50567,0.29442,0.76186,0.41598,0.52011,0.50524,0.78408,0.4318,16.4
dc_hu_harm_nemotron_eval_balanced_refusal_loko.jsonl,none+ga1bs16,4,6,2,2,4,0.53608,0.55733,0.49149,0.62913,0.498,0.52571,0.49384,0.73613,0.4951,0.50427,16.6
dc_hu_harm_nemotron_eval_balanced_refusal_loko.jsonl,none+ga1bs16,4,7,2,2,4,0.57363,0.58705,0.52268,0.77996,0.46113,0.53076,0.53893,0.77668,0.49354,0.53905,16.2
dc_hu_harm_nemotron_eval_balanced_refusal_loko.jsonl,none+ga1bs16,2,0,1,1,2,0.54697,0.52076,0.5,0.78822,0.33905,0.56061,0.5,0.73134,0.35603,0.49568,18.4
dc_hu_harm_nemotron_eval_balanced_refusal_loko.jsonl,none+ga1bs16,2,1,1,1,2,0.51358,0.48623,0.49244,0.72831,0.34551,0.48806,0.52195,0.62442,0.32015,0.47839,15.8
dc_hu_harm_nemotron_eval_balanced_refusal_loko.jsonl,none+ga1bs16,2,2,1,1,2,0.54735,0.57243,0.50662,0.45764,0.71274,0.5124,0.51157,0.51793,0.77916,0.48105,16.3
dc_hu_harm_nemotron_eval_balanced_refusal_loko.jsonl,none+ga1bs16,2,3,1,1,2,0.53051,0.54424,0.49811,0.62397,0.50501,0.49495,0.51114,0.65906,0.52349,0.48329,15.5
dc_hu_harm_nemotron_eval_balanced_refusal_loko.jsonl,none+ga1bs16,2,4,1,1,2,0.54377,0.59657,0.59452,0.37913,0.82769,0.37374,0.62413,0.47293,0.83169,0.45752,15.9
dc_hu_harm_nemotron_eval_balanced_refusal_loko.jsonl,none+ga1bs16,2,5,1,1,2,0.73953,0.72865,0.61342,0.73864,0.80853,0.79752,0.68739,0.66139,0.78753,0.77827,25.7
dc_hu_harm_nemotron_eval_balanced_refusal_loko.jsonl,none+ga1bs16,2,6,1,1,2,0.52076,0.50544,0.52174,0.70145,0.3718,0.48806,0.53093,0.63099,0.37496,0.4849,13.1
dc_hu_harm_nemotron_eval_balanced_refusal_loko.jsonl,none+ga1bs16,2,7,1,1,2,0.63775,0.65764,0.59168,0.58161,0.7877,0.58999,0.64079,0.62753,0.76504,0.5972,26.2
dc_hu_harm_nemotron_eval_daily_dilemmas_kind.jsonl,none+ga5bs16,80,0,40,40,80,0.91546,0.86953,0.96408,0.86157,0.85364,0.98255,0.95794,0.77256,0.77989,0.96772,26.2
dc_hu_harm_nemotron_eval_daily_dilemmas_kind.jsonl,none+ga5bs16,80,1,40,40,80,0.89031,0.85928,0.91304,0.83058,0.85297,0.96465,0.94172,0.74337,0.78645,0.96559,22.1
dc_hu_harm_nemotron_eval_daily_dilemmas_kind.jsonl,none+ga5bs16,80,2,40,40,80,0.91143,0.87141,0.96408,0.84194,0.84429,0.99541,0.97643,0.71954,0.80742,0.98225,38.2
dc_hu_harm_nemotron_eval_daily_dilemmas_kind.jsonl,none+ga5bs16,80,3,40,40,80,0.91456,0.87073,0.93951,0.86364,0.87436,0.98072,0.94301,0.75674,0.81054,0.97262,22.3
dc_hu_harm_nemotron_eval_daily_dilemmas_kind.jsonl,none+ga5bs16,80,4,40,40,80,0.89881,0.86172,0.9121,0.85331,0.84774,0.98209,0.93307,0.75184,0.79087,0.97111,19.7
dc_hu_harm_nemotron_eval_daily_dilemmas_kind.jsonl,none+ga5bs16,80,5,40,40,80,0.89891,0.85504,0.96219,0.82645,0.81343,0.99357,0.97297,0.71141,0.75684,0.97897,30.6
dc_hu_harm_nemotron_eval_daily_dilemmas_kind.jsonl,none+ga5bs16,80,6,40,40,80,0.92807,0.87833,0.97353,0.8874,0.85409,0.99725,0.97599,0.76899,0.79181,0.97652,37.8
dc_hu_harm_nemotron_eval_daily_dilemmas_kind.jsonl,none+ga5bs16,80,7,40,40,80,0.90655,0.85774,0.93667,0.89256,0.8337,0.96327,0.94799,0.77523,0.75486,0.95288,20.9
dc_hu_harm_nemotron_eval_daily_dilemmas_kind.jsonl,none+ga4bs16,50,0,25,25,50,0.87442,0.84432,0.89698,0.75207,0.87481,0.97383,0.91036,0.66039,0.84339,0.96314,34.3
dc_hu_harm_nemotron_eval_daily_dilemmas_kind.jsonl,none+ga4bs16,50,1,25,25,50,0.88922,0.86038,0.85822,0.8657,0.85041,0.98255,0.90993,0.77267,0.78906,0.96986,21.0
dc_hu_harm_nemotron_eval_daily_dilemmas_kind.jsonl,none+ga4bs16,50,2,25,25,50,0.91557,0.86924,0.96503,0.81715,0.88561,0.99449,0.95729,0.70884,0.83467,0.97616,30.9
dc_hu_harm_nemotron_eval_daily_dilemmas_kind.jsonl,none+ga4bs16,50,3,25,25,50,0.90733,0.87135,0.9603,0.82748,0.84796,0.99357,0.9681,0.74694,0.79651,0.97387,22.8
dc_hu_harm_nemotron_eval_daily_dilemmas_kind.jsonl,none+ga4bs16,50,4,25,25,50,0.83031,0.81901,0.75992,0.82748,0.79583,0.93802,0.80699,0.77991,0.77487,0.91425,15.5
dc_hu_harm_nemotron_eval_daily_dilemmas_kind.jsonl,none+ga4bs16,50,5,25,25,50,0.8313,0.80194,0.68715,0.84711,0.8474,0.94353,0.72978,0.71787,0.83642,0.92368,23.5
dc_hu_harm_nemotron_eval_daily_dilemmas_kind.jsonl,none+ga4bs16,50,6,25,25,50,0.86927,0.84556,0.94707,0.71178,0.81822,1.0,0.96129,0.64246,0.79711,0.98136,29.2
dc_hu_harm_nemotron_eval_daily_dilemmas_kind.jsonl,none+ga4bs16,50,7,25,25,50,0.86708,0.83242,0.78922,0.85537,0.86411,0.9596,0.82321,0.76164,0.8025,0.94232,22.1
dc_hu_harm_nemotron_eval_daily_dilemmas_kind.jsonl,none+ga2bs16,30,0,15,15,30,0.88225,0.84594,0.89319,0.83781,0.82646,0.97153,0.92431,0.7153,0.77413,0.97001,34.5
dc_hu_harm_nemotron_eval_daily_dilemmas_kind.jsonl,none+ga2bs16,30,1,15,15,30,0.89696,0.87517,0.93195,0.82231,0.87124,0.96235,0.94323,0.75473,0.84105,0.96168,19.4
dc_hu_harm_nemotron_eval_daily_dilemmas_kind.jsonl,none+ga2bs16,30,2,15,15,30,0.89535,0.85038,0.96219,0.88636,0.75395,0.97888,0.96183,0.78213,0.69135,0.96621,28.5
dc_hu_harm_nemotron_eval_daily_dilemmas_kind.jsonl,none+ga2bs16,30,3,15,15,30,0.87189,0.83972,0.91682,0.87913,0.75451,0.9371,0.91771,0.79461,0.70847,0.9381,21.9
dc_hu_harm_nemotron_eval_daily_dilemmas_kind.jsonl,none+ga2bs16,30,4,15,15,30,0.91009,0.86613,0.96219,0.86467,0.81856,0.99495,0.97643,0.72956,0.77739,0.98115,29.1
dc_hu_harm_nemotron_eval_daily_dilemmas_kind.jsonl,none+ga2bs16,30,5,15,15,30,0.90866,0.86012,0.9017,0.85331,0.91223,0.9674,0.92301,0.73769,0.83554,0.94424,18.0
dc_hu_harm_nemotron_eval_daily_dilemmas_kind.jsonl,none+ga2bs16,30,6,15,15,30,0.8719,0.84232,0.81474,0.85227,0.86467,0.95592,0.86029,0.74983,0.81309,0.94606,22.4
dc_hu_harm_nemotron_eval_daily_dilemmas_kind.jsonl,none+ga2bs16,30,7,15,15,30,0.90092,0.86433,0.96314,0.81612,0.84373,0.98072,0.95729,0.73747,0.79281,0.96975,20.2
dc_hu_harm_nemotron_eval_daily_dilemmas_kind.jsonl,none+ga2bs16,20,0,10,10,20,0.81923,0.81286,0.7448,0.7469,0.88761,0.89761,0.81747,0.71252,0.83904,0.88239,24.3
dc_hu_harm_nemotron_eval_daily_dilemmas_kind.jsonl,none+ga2bs16,20,1,10,10,20,0.80462,0.76985,0.73629,0.72727,0.81232,0.94261,0.69301,0.64714,0.80807,0.93117,15.8
dc_hu_harm_nemotron_eval_daily_dilemmas_kind.jsonl,none+ga2bs16,20,2,10,10,20,0.83641,0.81251,0.72684,0.78719,0.88026,0.95133,0.72956,0.72934,0.86581,0.92534,16.0
dc_hu_harm_nemotron_eval_daily_dilemmas_kind.jsonl,none+ga2bs16,20,3,10,10,20,0.90889,0.87751,0.98393,0.78616,0.86823,0.99725,0.98875,0.72477,0.81737,0.97912,17.5
dc_hu_harm_nemotron_eval_daily_dilemmas_kind.jsonl,none+ga2bs16,20,4,10,10,20,0.78343,0.75495,0.62571,0.81715,0.80474,0.88613,0.63571,0.76855,0.77757,0.83798,16.7
dc_hu_harm_nemotron_eval_daily_dilemmas_kind.jsonl,none+ga2bs16,20,5,10,10,20,0.88456,0.84917,0.93195,0.7562,0.86021,0.9899,0.91555,0.71063,0.80715,0.96335,16.9
dc_hu_harm_nemotron_eval_daily_dilemmas_kind.jsonl,none+ga2bs16,20,6,10,10,20,0.9297,0.87389,0.96597,0.87397,0.89174,0.98714,0.96324,0.77077,0.80129,0.96028,21.5
dc_hu_harm_nemotron_eval_daily_dilemmas_kind.jsonl,none+ga2bs16,20,7,10,10,20,0.89325,0.86304,0.91399,0.86777,0.79996,0.99128,0.91468,0.78113,0.79019,0.96616,18.6
dc_hu_harm_nemotron_eval_daily_dilemmas_kind.jsonl,none+ga1bs16,10,0,5,5,10,0.89771,0.86897,0.95274,0.82748,0.85609,0.95455,0.94442,0.76643,0.8124,0.95262,22.7
dc_hu_harm_nemotron_eval_daily_dilemmas_kind.jsonl,none+ga1bs16,10,1,5,5,10,0.81962,0.79196,0.70794,0.72417,0.91891,0.92746,0.7327,0.65048,0.85811,0.92654,17.3
dc_hu_harm_nemotron_eval_daily_dilemmas_kind.jsonl,none+ga1bs16,10,2,5,5,10,0.83334,0.81769,0.75709,0.85434,0.77701,0.9449,0.80807,0.75607,0.76514,0.94148,16.0
dc_hu_harm_nemotron_eval_daily_dilemmas_kind.jsonl,none+ga1bs16,10,3,5,5,10,0.82049,0.83618,0.80246,0.67665,0.8777,0.92516,0.87597,0.69737,0.84761,0.92378,17.7
dc_hu_harm_nemotron_eval_daily_dilemmas_kind.jsonl,none+ga1bs16,10,4,5,5,10,0.66506,0.64904,0.51701,0.68285,0.6849,0.77548,0.50368,0.66396,0.72665,0.7019,27.5
dc_hu_harm_nemotron_eval_daily_dilemmas_kind.jsonl,none+ga1bs16,10,5,5,5,10,0.89374,0.86116,0.94707,0.70764,0.93495,0.98531,0.95556,0.66719,0.86778,0.95413,17.0
dc_hu_harm_nemotron_eval_daily_dilemmas_kind.jsonl,none+ga1bs16,10,6,5,5,10,0.85368,0.82439,0.89414,0.82438,0.73981,0.95638,0.92701,0.73223,0.68121,0.9571,15.3
dc_hu_harm_nemotron_eval_daily_dilemmas_kind.jsonl,none+ga1bs16,10,7,5,5,10,0.76108,0.76511,0.67013,0.56198,0.88795,0.92424,0.69258,0.62252,0.85109,0.89426,17.6
dc_hu_harm_nemotron_eval_daily_dilemmas_kind.jsonl,none+ga1bs16,6,0,3,3,6,0.65706,0.65864,0.52457,0.76033,0.54901,0.79431,0.52433,0.7652,0.60465,0.74037,21.2
dc_hu_harm_nemotron_eval_daily_dilemmas_kind.jsonl,none+ga1bs16,6,1,3,3,6,0.5472,0.60116,0.47637,0.42045,0.78692,0.50505,0.49611,0.60348,0.80319,0.50187,17.1
dc_hu_harm_nemotron_eval_daily_dilemmas_kind.jsonl,none+ga1bs16,6,2,3,3,6,0.81714,0.79445,0.69282,0.80165,0.85398,0.92011,0.70123,0.72744,0.82649,0.92264,20.3
dc_hu_harm_nemotron_eval_daily_dilemmas_kind.jsonl,none+ga1bs16,6,3,3,3,6,0.71711,0.72521,0.60208,0.53616,0.86656,0.86364,0.67031,0.55558,0.87928,0.79566,19.6
dc_hu_harm_nemotron_eval_daily_dilemmas_kind.jsonl,none+ga1bs16,6,4,3,3,6,0.62996,0.62552,0.53403,0.69628,0.56271,0.72681,0.51189,0.66696,0.59627,0.72694,16.5
dc_hu_harm_nemotron_eval_daily_dilemmas_kind.jsonl,none+ga1bs16,6,5,3,3,6,0.67502,0.6516,0.5775,0.84401,0.53798,0.74059,0.5838,0.73235,0.51084,0.77941,15.6
dc_hu_harm_nemotron_eval_daily_dilemmas_kind.jsonl,none+ga1bs16,6,6,3,3,6,0.75393,0.7539,0.76843,0.75207,0.68668,0.80854,0.82775,0.76331,0.63876,0.78577,16.6
dc_hu_harm_nemotron_eval_daily_dilemmas_kind.jsonl,none+ga1bs16,6,7,3,3,6,0.5605,0.58469,0.49905,0.42045,0.78715,0.53535,0.50022,0.53854,0.78503,0.51499,16.4
dc_hu_harm_nemotron_eval_daily_dilemmas_kind.jsonl,none+ga1bs16,4,0,2,2,4,0.60981,0.60958,0.52836,0.62913,0.69269,0.58907,0.51427,0.62631,0.71906,0.57867,20.2
dc_hu_harm_nemotron_eval_daily_dilemmas_kind.jsonl,none+ga1bs16,4,1,2,2,4,0.52012,0.57455,0.48015,0.3595,0.71787,0.52296,0.49449,0.55502,0.73876,0.50994,14.9
dc_hu_harm_nemotron_eval_daily_dilemmas_kind.jsonl,none+ga1bs16,4,2,2,2,4,0.59795,0.60495,0.50095,0.52479,0.80775,0.55831,0.50411,0.52773,0.84414,0.54384,21.1
dc_hu_harm_nemotron_eval_daily_dilemmas_kind.jsonl,none+ga1bs16,4,3,2,2,4,0.55119,0.56017,0.49716,0.53822,0.65237,0.51699,0.49513,0.58209,0.64175,0.52171,16.8
dc_hu_harm_nemotron_eval_daily_dilemmas_kind.jsonl,none+ga1bs16,4,4,2,2,4,0.66045,0.64696,0.5586,0.69421,0.61305,0.77594,0.55601,0.69136,0.60224,0.73823,19.9
dc_hu_harm_nemotron_eval_daily_dilemmas_kind.jsonl,none+ga1bs16,4,5,2,2,4,0.65767,0.64009,0.49527,0.66322,0.79082,0.68136,0.49816,0.62163,0.832,0.60855,22.8
dc_hu_harm_nemotron_eval_daily_dilemmas_kind.jsonl,none+ga1bs16,4,6,2,2,4,0.81483,0.80667,0.68526,0.66942,0.93083,0.97383,0.70923,0.69147,0.89949,0.92649,22.0
dc_hu_harm_nemotron_eval_daily_dilemmas_kind.jsonl,none+ga1bs16,4,7,2,2,4,0.57322,0.61674,0.50567,0.48657,0.77033,0.5303,0.50433,0.64669,0.8109,0.50505,14.5
dc_hu_harm_nemotron_eval_daily_dilemmas_kind.jsonl,none+ga1bs16,2,0,1,1,2,0.53563,0.54352,0.48299,0.40909,0.75596,0.49449,0.49708,0.42192,0.79091,0.46418,18.4
dc_hu_harm_nemotron_eval_daily_dilemmas_kind.jsonl,none+ga1bs16,2,1,1,1,2,0.55875,0.60531,0.47543,0.4969,0.7397,0.52296,0.48865,0.6292,0.8083,0.49511,14.5
dc_hu_harm_nemotron_eval_daily_dilemmas_kind.jsonl,none+ga1bs16,2,2,1,1,2,0.591,0.61253,0.48204,0.51756,0.82858,0.53581,0.49254,0.60693,0.81977,0.53087,13.8
dc_hu_harm_nemotron_eval_daily_dilemmas_kind.jsonl,none+ga1bs16,2,3,1,1,2,0.54491,0.52141,0.49716,0.58781,0.58409,0.51056,0.49503,0.55525,0.53445,0.50094,17.1
dc_hu_harm_nemotron_eval_daily_dilemmas_kind.jsonl,none+ga1bs16,2,4,1,1,2,0.61354,0.62635,0.55293,0.52273,0.67832,0.70018,0.57147,0.55836,0.69315,0.68242,27.7
dc_hu_harm_nemotron_eval_daily_dilemmas_kind.jsonl,none+ga1bs16,2,5,1,1,2,0.64746,0.65288,0.5879,0.42562,0.83849,0.73783,0.60586,0.44297,0.86226,0.70044,22.2
dc_hu_harm_nemotron_eval_daily_dilemmas_kind.jsonl,none+ga1bs16,2,6,1,1,2,0.56743,0.62264,0.52079,0.39463,0.79828,0.55601,0.55082,0.60971,0.79941,0.53061,15.2
dc_hu_harm_nemotron_eval_daily_dilemmas_kind.jsonl,none+ga1bs16,2,7,1,1,2,0.62641,0.61168,0.53025,0.53926,0.77267,0.66345,0.52357,0.58142,0.71811,0.62359,14.5
dc_hu_harm_nemotron_eval_daily_dilemmas_loko.jsonl,none+ga22bs16,350,0,175,175,350,0.91287,0.90781,0.99055,0.69628,0.97706,0.9876,0.99297,0.6898,0.97794,0.97053,37.1
dc_hu_harm_nemotron_eval_daily_dilemmas_loko.jsonl,none+ga22bs16,350,1,175,175,350,0.90469,0.89956,0.99622,0.65496,0.97215,0.99541,0.99178,0.65716,0.97995,0.96934,33.7
dc_hu_harm_nemotron_eval_daily_dilemmas_loko.jsonl,none+ga22bs16,350,2,175,175,350,0.90346,0.89882,0.98488,0.66116,0.97561,0.99219,0.98713,0.66418,0.9804,0.96356,36.4
dc_hu_harm_nemotron_eval_daily_dilemmas_loko.jsonl,none+ga22bs16,350,3,175,175,350,0.90534,0.90203,0.99622,0.65289,0.98006,0.99219,0.99351,0.66106,0.98735,0.96621,37.2
dc_hu_harm_nemotron_eval_daily_dilemmas_loko.jsonl,none+ga22bs16,350,4,175,175,350,0.90445,0.90129,0.98299,0.67459,0.96759,0.99265,0.99254,0.66696,0.97675,0.96892,35.8
dc_hu_harm_nemotron_eval_daily_dilemmas_loko.jsonl,none+ga22bs16,350,5,175,175,350,0.90253,0.90555,0.97732,0.66322,0.97783,0.99174,0.98994,0.67031,0.98547,0.97647,67.1
dc_hu_harm_nemotron_eval_daily_dilemmas_loko.jsonl,none+ga22bs16,350,6,175,175,350,0.89969,0.9016,1.0,0.63017,0.9755,0.99311,0.99567,0.64881,0.98633,0.97558,35.0
dc_hu_harm_nemotron_eval_daily_dilemmas_loko.jsonl,none+ga22bs16,350,7,175,175,350,0.90331,0.90701,1.0,0.65909,0.9638,0.99036,0.99503,0.67899,0.9803,0.97371,37.3
dc_hu_harm_nemotron_eval_daily_dilemmas_loko.jsonl,none+ga11bs16,170,0,85,85,170,0.89747,0.90799,0.98866,0.62397,0.98184,0.99541,0.99232,0.67019,0.97937,0.99006,42.3
dc_hu_harm_nemotron_eval_daily_dilemmas_loko.jsonl,none+ga11bs16,170,1,85,85,170,0.8834,0.89732,0.95558,0.61054,0.97806,0.98944,0.98378,0.65505,0.98415,0.96632,48.4
dc_hu_harm_nemotron_eval_daily_dilemmas_loko.jsonl,none+ga11bs16,170,2,85,85,170,0.89114,0.89261,0.99622,0.58988,0.98307,0.99541,0.98984,0.62843,0.99189,0.96028,51.0
dc_hu_harm_nemotron_eval_daily_dilemmas_loko.jsonl,none+ga11bs16,170,3,85,85,170,0.89166,0.90474,0.99244,0.59298,0.98675,0.99449,0.99524,0.6556,0.99318,0.97496,38.7
dc_hu_harm_nemotron_eval_daily_dilemmas_loko.jsonl,none+ga11bs16,170,4,85,85,170,0.89192,0.89449,0.99433,0.60021,0.97405,0.99908,0.988,0.63967,0.98131,0.96897,24.7
dc_hu_harm_nemotron_eval_daily_dilemmas_loko.jsonl,none+ga11bs16,170,5,85,85,170,0.87499,0.89615,0.98488,0.54959,0.97282,0.99265,0.98508,0.65248,0.98456,0.96246,44.8
dc_hu_harm_nemotron_eval_daily_dilemmas_loko.jsonl,none+ga11bs16,170,6,85,85,170,0.8352,0.87334,0.8138,0.57645,0.96937,0.98118,0.89165,0.66006,0.97417,0.96746,51.6
dc_hu_harm_nemotron_eval_daily_dilemmas_loko.jsonl,none+ga11bs16,170,7,85,85,170,0.88171,0.88415,0.92911,0.63533,0.96469,0.9977,0.96453,0.66262,0.93095,0.9785,27.7
dc_hu_harm_nemotron_eval_daily_dilemmas_loko.jsonl,none+ga7bs16,110,0,55,55,110,0.88453,0.89195,0.97826,0.58264,0.97995,0.99725,0.98151,0.63778,0.97615,0.97236,23.2
dc_hu_harm_nemotron_eval_daily_dilemmas_loko.jsonl,none+ga7bs16,110,1,55,55,110,0.87144,0.89038,0.90832,0.6219,0.9716,0.98393,0.94442,0.66496,0.98118,0.97095,36.7
dc_hu_harm_nemotron_eval_daily_dilemmas_loko.jsonl,none+ga7bs16,110,2,55,55,110,0.89373,0.90613,0.99244,0.6126,0.97906,0.99082,0.99276,0.66217,0.98446,0.98511,40.6
dc_hu_harm_nemotron_eval_daily_dilemmas_loko.jsonl,none+ga7bs16,110,3,55,55,110,0.88965,0.90341,0.9707,0.61364,0.97884,0.99541,0.97946,0.68634,0.97901,0.96882,25.0
dc_hu_harm_nemotron_eval_daily_dilemmas_loko.jsonl,none+ga7bs16,110,4,55,55,110,0.85843,0.89506,0.9603,0.52893,0.9491,0.99541,0.988,0.63767,0.97471,0.97985,39.7
dc_hu_harm_nemotron_eval_daily_dilemmas_loko.jsonl,none+ga7bs16,110,5,55,55,110,0.90032,0.89137,0.99244,0.63636,0.97249,1.0,0.99103,0.64758,0.94134,0.98553,41.9
dc_hu_harm_nemotron_eval_daily_dilemmas_loko.jsonl,none+ga7bs16,110,6,55,55,110,0.8708,0.89004,0.89603,0.62707,0.97204,0.98806,0.94064,0.66095,0.98097,0.97761,41.6
dc_hu_harm_nemotron_eval_daily_dilemmas_loko.jsonl,none+ga7bs16,110,7,55,55,110,0.89203,0.89926,0.91682,0.67665,0.98106,0.99357,0.95934,0.69514,0.96036,0.98219,35.3
dc_hu_harm_nemotron_eval_daily_dilemmas_loko.jsonl,none+ga5bs16,80,0,40,40,80,0.84664,0.885,0.98677,0.45455,0.95444,0.99082,0.98367,0.62341,0.96935,0.96356,37.3
dc_hu_harm_nemotron_eval_daily_dilemmas_loko.jsonl,none+ga5bs16,80,1,40,40,80,0.76508,0.80662,0.67202,0.47211,0.95979,0.95638,0.69496,0.63878,0.96566,0.92706,39.5
dc_hu_harm_nemotron_eval_daily_dilemmas_loko.jsonl,none+ga5bs16,80,2,40,40,80,0.82348,0.84349,0.79962,0.56198,0.94932,0.98301,0.84505,0.64123,0.92006,0.96762,37.4
dc_hu_harm_nemotron_eval_daily_dilemmas_loko.jsonl,none+ga5bs16,80,3,40,40,80,0.83709,0.85715,0.8138,0.61054,0.95801,0.96602,0.88354,0.68724,0.90753,0.95028,20.3
dc_hu_harm_nemotron_eval_daily_dilemmas_loko.jsonl,none+ga5bs16,80,4,40,40,80,0.88794,0.89923,0.99244,0.57231,0.98975,0.99725,0.99178,0.63433,0.98669,0.98412,39.1
dc_hu_harm_nemotron_eval_daily_dilemmas_loko.jsonl,none+ga5bs16,80,5,40,40,80,0.8679,0.89027,0.93762,0.57025,0.96926,0.99449,0.97837,0.638,0.96845,0.97626,39.5
dc_hu_harm_nemotron_eval_daily_dilemmas_loko.jsonl,none+ga5bs16,80,6,40,40,80,0.91717,0.89835,0.9811,0.72107,0.97661,0.9899,0.98659,0.67532,0.97209,0.95939,27.1
dc_hu_harm_nemotron_eval_daily_dilemmas_loko.jsonl,none+ga5bs16,80,7,40,40,80,0.80522,0.85575,0.72873,0.55165,0.96068,0.9798,0.867,0.64769,0.95088,0.95741,36.9
dc_hu_harm_nemotron_eval_daily_dilemmas_loko.jsonl,none+ga4bs16,50,0,25,25,50,0.83676,0.83424,0.82609,0.63533,0.91501,0.97062,0.87824,0.65984,0.86938,0.92951,23.5
dc_hu_harm_nemotron_eval_daily_dilemmas_loko.jsonl,none+ga4bs16,50,1,25,25,50,0.91343,0.90771,1.0,0.69318,0.96146,0.99908,0.99643,0.68902,0.95194,0.99344,30.5
dc_hu_harm_nemotron_eval_daily_dilemmas_loko.jsonl,none+ga4bs16,50,2,25,25,50,0.85866,0.89288,0.88752,0.59298,0.96057,0.99357,0.94561,0.67688,0.96927,0.97975,34.4
dc_hu_harm_nemotron_eval_daily_dilemmas_loko.jsonl,none+ga4bs16,50,3,25,25,50,0.84997,0.87305,0.99811,0.45145,0.95032,1.0,0.99351,0.55714,0.96153,0.98001,27.1
dc_hu_harm_nemotron_eval_daily_dilemmas_loko.jsonl,none+ga4bs16,50,4,25,25,50,0.8748,0.88543,0.95463,0.56818,0.98418,0.99219,0.96767,0.62642,0.98635,0.96127,30.8
dc_hu_harm_nemotron_eval_daily_dilemmas_loko.jsonl,none+ga4bs16,50,5,25,25,50,0.79368,0.78915,0.60681,0.67872,0.94152,0.94766,0.63322,0.69982,0.92509,0.89848,37.1
dc_hu_harm_nemotron_eval_daily_dilemmas_loko.jsonl,none+ga4bs16,50,6,25,25,50,0.83192,0.83858,0.82703,0.58058,0.97149,0.94858,0.83272,0.62765,0.97072,0.92321,23.3
dc_hu_harm_nemotron_eval_daily_dilemmas_loko.jsonl,none+ga4bs16,50,7,25,25,50,0.86575,0.88529,0.91399,0.58368,0.97772,0.9876,0.91458,0.67264,0.97946,0.97449,20.3
dc_hu_harm_nemotron_eval_daily_dilemmas_loko.jsonl,none+ga2bs16,30,0,15,15,30,0.69509,0.71782,0.58507,0.51756,0.88528,0.79247,0.609,0.61049,0.88956,0.76223,31.5
dc_hu_harm_nemotron_eval_daily_dilemmas_loko.jsonl,none+ga2bs16,30,1,15,15,30,0.73683,0.77546,0.7051,0.51136,0.95857,0.77227,0.7447,0.59557,0.95689,0.80466,36.0
dc_hu_harm_nemotron_eval_daily_dilemmas_loko.jsonl,none+ga2bs16,30,2,15,15,30,0.79841,0.83721,0.87051,0.41116,0.96202,0.94995,0.91544,0.5509,0.96179,0.92071,31.0
dc_hu_harm_nemotron_eval_daily_dilemmas_loko.jsonl,none+ga2bs16,30,3,15,15,30,0.68553,0.73981,0.63233,0.43388,0.86968,0.80624,0.69269,0.63689,0.84534,0.78431,17.6
dc_hu_harm_nemotron_eval_daily_dilemmas_loko.jsonl,none+ga2bs16,30,4,15,15,30,0.78345,0.84595,0.82609,0.45558,0.91869,0.93343,0.891,0.67398,0.9216,0.89723,31.8
dc_hu_harm_nemotron_eval_daily_dilemmas_loko.jsonl,none+ga2bs16,30,5,15,15,30,0.62025,0.67375,0.53119,0.42562,0.85476,0.66942,0.54596,0.62297,0.86843,0.65764,18.3
dc_hu_harm_nemotron_eval_daily_dilemmas_loko.jsonl,none+ga2bs16,30,6,15,15,30,0.85151,0.86086,0.79301,0.67045,0.96369,0.97888,0.84948,0.69548,0.93117,0.96731,18.8
dc_hu_harm_nemotron_eval_daily_dilemmas_loko.jsonl,none+ga2bs16,30,7,15,15,30,0.79907,0.84494,0.74858,0.50826,0.94587,0.99357,0.80277,0.66373,0.94266,0.97059,31.7
dc_hu_harm_nemotron_eval_daily_dilemmas_loko.jsonl,none+ga2bs16,20,0,10,10,20,0.7998,0.80037,0.77127,0.6095,0.88271,0.93572,0.81758,0.62119,0.85688,0.90582,32.5
dc_hu_harm_nemotron_eval_daily_dilemmas_loko.jsonl,none+ga2bs16,20,1,10,10,20,0.56726,0.61077,0.5,0.43492,0.79784,0.53627,0.50497,0.60604,0.7934,0.53868,18.8
dc_hu_harm_nemotron_eval_daily_dilemmas_loko.jsonl,none+ga2bs16,20,2,10,10,20,0.8245,0.84008,0.85444,0.54649,0.92693,0.97016,0.8497,0.64658,0.91271,0.95132,31.5
dc_hu_harm_nemotron_eval_daily_dilemmas_loko.jsonl,none+ga2bs16,20,3,10,10,20,0.67386,0.70164,0.63327,0.45868,0.90332,0.70018,0.60986,0.56104,0.90381,0.73183,32.6
dc_hu_harm_nemotron_eval_daily_dilemmas_loko.jsonl,none+ga2bs16,20,4,10,10,20,0.81383,0.8303,0.73535,0.58884,0.9628,0.96832,0.7407,0.66307,0.96901,0.94841,30.9
dc_hu_harm_nemotron_eval_daily_dilemmas_loko.jsonl,none+ga2bs16,20,5,10,10,20,0.66131,0.67435,0.53686,0.66219,0.79283,0.65335,0.54898,0.65894,0.83726,0.65223,19.1
dc_hu_harm_nemotron_eval_daily_dilemmas_loko.jsonl,none+ga2bs16,20,6,10,10,20,0.58574,0.64927,0.52647,0.3936,0.83705,0.58586,0.52217,0.60125,0.87938,0.59428,28.7
dc_hu_harm_nemotron_eval_daily_dilemmas_loko.jsonl,none+ga2bs16,20,7,10,10,20,0.77432,0.78842,0.6673,0.55888,0.95055,0.92057,0.67496,0.6438,0.94227,0.89265,26.7
dc_hu_harm_nemotron_eval_daily_dilemmas_loko.jsonl,none+ga1bs16,10,0,5,5,10,0.61585,0.61179,0.52079,0.89256,0.43295,0.61708,0.55277,0.83215,0.45385,0.60839,22.7
dc_hu_harm_nemotron_eval_daily_dilemmas_loko.jsonl,none+ga1bs16,10,1,5,5,10,0.56822,0.60272,0.60208,0.3595,0.76632,0.545,0.55547,0.48251,0.80464,0.56825,14.6
dc_hu_harm_nemotron_eval_daily_dilemmas_loko.jsonl,none+ga1bs16,10,2,5,5,10,0.53219,0.57833,0.5189,0.30165,0.72555,0.58264,0.5266,0.47238,0.74168,0.57268,16.3
dc_hu_harm_nemotron_eval_daily_dilemmas_loko.jsonl,none+ga1bs16,10,3,5,5,10,0.62146,0.66554,0.50851,0.42975,0.82168,0.7259,0.56672,0.55458,0.8343,0.70658,17.8
dc_hu_harm_nemotron_eval_daily_dilemmas_loko.jsonl,none+ga1bs16,10,4,5,5,10,0.60776,0.63121,0.49622,0.51136,0.89407,0.52938,0.49805,0.58265,0.90896,0.53519,14.3
dc_hu_harm_nemotron_eval_daily_dilemmas_loko.jsonl,none+ga1bs16,10,5,5,5,10,0.6191,0.66121,0.61531,0.42769,0.8053,0.6281,0.61419,0.58053,0.79727,0.65285,17.5
dc_hu_harm_nemotron_eval_daily_dilemmas_loko.jsonl,none+ga1bs16,10,6,5,5,10,0.56779,0.60936,0.51229,0.39876,0.81421,0.54591,0.51503,0.53653,0.83425,0.55165,15.8
dc_hu_harm_nemotron_eval_daily_dilemmas_loko.jsonl,none+ga1bs16,10,7,5,5,10,0.54801,0.57688,0.5,0.77479,0.39107,0.52617,0.51146,0.85453,0.40549,0.53603,13.8
dc_hu_harm_nemotron_eval_daily_dilemmas_loko.jsonl,none+ga1bs16,6,0,3,3,6,0.52582,0.57021,0.49811,0.32541,0.72466,0.5551,0.49913,0.54065,0.7029,0.53816,16.9
dc_hu_harm_nemotron_eval_daily_dilemmas_loko.jsonl,none+ga1bs16,6,1,3,3,6,0.61064,0.63524,0.51796,0.78512,0.61194,0.52755,0.51341,0.84529,0.64676,0.53551,16.3
dc_hu_harm_nemotron_eval_daily_dilemmas_loko.jsonl,none+ga1bs16,6,2,3,3,6,0.58022,0.64924,0.50095,0.44938,0.81132,0.55923,0.50216,0.66618,0.87515,0.55347,14.8
dc_hu_harm_nemotron_eval_daily_dilemmas_loko.jsonl,none+ga1bs16,6,3,3,3,6,0.61634,0.64019,0.57089,0.51343,0.77957,0.60147,0.61667,0.60726,0.74823,0.58861,16.4
dc_hu_harm_nemotron_eval_daily_dilemmas_loko.jsonl,none+ga1bs16,6,4,3,3,6,0.47433,0.57494,0.50756,0.12087,0.80976,0.45914,0.51665,0.46324,0.84898,0.4709,16.3
dc_hu_harm_nemotron_eval_daily_dilemmas_loko.jsonl,none+ga1bs16,6,5,3,3,6,0.5483,0.61344,0.50662,0.39566,0.83682,0.45409,0.51633,0.58577,0.85787,0.4938,18.1
dc_hu_harm_nemotron_eval_daily_dilemmas_loko.jsonl,none+ga1bs16,6,6,3,3,6,0.57871,0.58743,0.52174,0.84091,0.42326,0.52893,0.54952,0.86055,0.40679,0.53285,18.8
dc_hu_harm_nemotron_eval_daily_dilemmas_loko.jsonl,none+ga1bs16,6,7,3,3,6,0.57285,0.61255,0.58885,0.33574,0.77545,0.59137,0.62176,0.43295,0.81294,0.58257,15.1
dc_hu_harm_nemotron_eval_daily_dilemmas_loko.jsonl,none+ga1bs16,4,0,2,2,4,0.54628,0.53365,0.5,0.77273,0.40688,0.50551,0.5,0.71475,0.39586,0.524,16.9
dc_hu_harm_nemotron_eval_daily_dilemmas_loko.jsonl,none+ga1bs16,4,1,2,2,4,0.53852,0.55247,0.47448,0.67562,0.52785,0.47612,0.5066,0.70249,0.52923,0.47157,18.2
dc_hu_harm_nemotron_eval_daily_dilemmas_loko.jsonl,none+ga1bs16,4,2,2,2,4,0.53104,0.568,0.50662,0.5031,0.60158,0.51286,0.50573,0.65549,0.58371,0.52707,14.6
dc_hu_harm_nemotron_eval_daily_dilemmas_loko.jsonl,none+ga1bs16,4,3,2,2,4,0.63111,0.62496,0.57278,0.79029,0.45478,0.70661,0.59872,0.78403,0.45774,0.65936,18.5
dc_hu_harm_nemotron_eval_daily_dilemmas_loko.jsonl,none+ga1bs16,4,4,2,2,4,0.55642,0.57969,0.52363,0.66116,0.47706,0.56382,0.54423,0.726,0.46623,0.58231,17.5
dc_hu_harm_nemotron_eval_daily_dilemmas_loko.jsonl,none+ga1bs16,4,5,2,2,4,0.56397,0.56937,0.5,0.53512,0.65371,0.56703,0.51319,0.56004,0.65891,0.54535,15.5
dc_hu_harm_nemotron_eval_daily_dilemmas_loko.jsonl,none+ga1bs16,4,6,2,2,4,0.56772,0.58431,0.51134,0.45661,0.76621,0.53673,0.50584,0.53018,0.75877,0.54243,23.3
dc_hu_harm_nemotron_eval_daily_dilemmas_loko.jsonl,none+ga1bs16,4,7,2,2,4,0.55402,0.60275,0.54348,0.46074,0.74493,0.46694,0.5825,0.65583,0.69673,0.47595,18.2
dc_hu_harm_nemotron_eval_daily_dilemmas_loko.jsonl,none+ga1bs16,2,0,1,1,2,0.48798,0.53042,0.49527,0.29236,0.63812,0.52617,0.49957,0.42571,0.65913,0.53728,17.4
dc_hu_harm_nemotron_eval_daily_dilemmas_loko.jsonl,none+ga1bs16,2,1,1,1,2,0.59966,0.58442,0.55577,0.79752,0.42871,0.61662,0.53082,0.77835,0.43959,0.58892,25.1
dc_hu_harm_nemotron_eval_daily_dilemmas_loko.jsonl,none+ga1bs16,2,2,1,1,2,0.60654,0.59677,0.59168,0.78926,0.44052,0.60468,0.59213,0.77902,0.45712,0.55883,21.6
dc_hu_harm_nemotron_eval_daily_dilemmas_loko.jsonl,none+ga1bs16,2,3,1,1,2,0.64683,0.62528,0.54537,0.61983,0.82524,0.59688,0.53385,0.63566,0.76455,0.56706,16.3
dc_hu_harm_nemotron_eval_daily_dilemmas_loko.jsonl,none+ga1bs16,2,4,1,1,2,0.63692,0.63821,0.58223,0.69215,0.71865,0.55464,0.58348,0.67108,0.72784,0.57044,13.8
dc_hu_harm_nemotron_eval_daily_dilemmas_loko.jsonl,none+ga1bs16,2,5,1,1,2,0.52086,0.54152,0.49811,0.57025,0.54311,0.47199,0.50324,0.66462,0.51306,0.48516,16.3
dc_hu_harm_nemotron_eval_daily_dilemmas_loko.jsonl,none+ga1bs16,2,6,1,1,2,0.45985,0.51334,0.47637,0.30888,0.71943,0.33471,0.51838,0.47238,0.69999,0.36261,15.7
dc_hu_harm_nemotron_eval_daily_dilemmas_loko.jsonl,none+ga1bs16,2,7,1,1,2,0.51087,0.54619,0.5,0.44525,0.55324,0.545,0.5,0.57474,0.57627,0.53374,15.3
dc_hu_harm_nemotron_mixed.jsonl,none+ga37bs16,590,0,295,295,590,0.91734,0.90195,0.9896,0.71488,0.96948,0.99541,0.98421,0.69592,0.94885,0.97881,95.0
dc_hu_harm_nemotron_mixed.jsonl,none+ga37bs16,590,1,295,295,590,0.91232,0.9084,1.0,0.67562,0.97917,0.99449,0.98832,0.69058,0.97343,0.98126,58.9
dc_hu_harm_nemotron_mixed.jsonl,none+ga37bs16,590,2,295,295,590,0.92281,0.90684,1.0,0.72211,0.97739,0.99174,0.98832,0.69403,0.96295,0.98204,57.4
dc_hu_harm_nemotron_mixed.jsonl,none+ga37bs16,590,3,295,295,590,0.92057,0.90669,1.0,0.71281,0.9814,0.98806,0.98529,0.69392,0.96864,0.97892,72.3
dc_hu_harm_nemotron_mixed.jsonl,none+ga37bs16,590,4,295,295,590,0.91944,0.91003,1.0,0.71178,0.97884,0.98714,0.99005,0.69125,0.97495,0.98386,56.9
dc_hu_harm_nemotron_mixed.jsonl,none+ga37bs16,590,5,295,295,590,0.92043,0.90705,1.0,0.71178,0.97728,0.99265,0.98994,0.69047,0.96561,0.98219,54.5
dc_hu_harm_nemotron_mixed.jsonl,none+ga37bs16,590,6,295,295,590,0.91282,0.9055,1.0,0.67872,0.97806,0.99449,0.99005,0.68022,0.96944,0.9823,55.1
dc_hu_harm_nemotron_mixed.jsonl,none+ga37bs16,590,7,295,295,590,0.9172,0.90759,1.0,0.69112,0.98274,0.99495,0.98681,0.68802,0.97497,0.98058,54.8
dc_hu_harm_nemotron_mixed.jsonl,none+ga22bs16,350,0,175,175,350,0.89951,0.90347,0.9811,0.65806,0.97037,0.98852,0.98616,0.68779,0.95915,0.98079,45.0
dc_hu_harm_nemotron_mixed.jsonl,none+ga22bs16,350,1,175,175,350,0.92207,0.90223,0.99055,0.7314,0.97182,0.99449,0.98075,0.69737,0.95319,0.97761,36.7
dc_hu_harm_nemotron_mixed.jsonl,none+ga22bs16,350,2,175,175,350,0.91161,0.90779,0.99055,0.68388,0.9775,0.99449,0.98465,0.69759,0.96615,0.98277,48.0
dc_hu_harm_nemotron_mixed.jsonl,none+ga22bs16,350,3,175,175,350,0.91246,0.90364,0.98677,0.69525,0.97149,0.99633,0.98919,0.69893,0.9433,0.98313,33.7
dc_hu_harm_nemotron_mixed.jsonl,none+ga22bs16,350,4,175,175,350,0.91876,0.90623,0.99055,0.72004,0.97639,0.98806,0.98475,0.68935,0.97532,0.97548,36.0
dc_hu_harm_nemotron_mixed.jsonl,none+ga22bs16,350,5,175,175,350,0.91853,0.91118,1.0,0.69421,0.98173,0.99816,0.99243,0.69358,0.97579,0.98292,32.5
dc_hu_harm_nemotron_mixed.jsonl,none+ga22bs16,350,6,175,175,350,0.90329,0.90567,1.0,0.64669,0.9775,0.98898,0.98811,0.67988,0.96954,0.98516,38.8
dc_hu_harm_nemotron_mixed.jsonl,none+ga22bs16,350,7,175,175,350,0.91719,0.90402,1.0,0.69628,0.97616,0.99633,0.98638,0.68534,0.96175,0.98261,32.1
dc_hu_harm_nemotron_mixed.jsonl,none+ga11bs16,170,0,85,85,170,0.90606,0.90173,1.0,0.65599,0.97193,0.99633,0.98454,0.67677,0.96372,0.98188,45.3
dc_hu_harm_nemotron_mixed.jsonl,none+ga11bs16,170,1,85,85,170,0.92097,0.90267,1.0,0.72004,0.96569,0.99816,0.99384,0.69325,0.93568,0.98792,36.2
dc_hu_harm_nemotron_mixed.jsonl,none+ga11bs16,170,2,85,85,170,0.90858,0.90578,1.0,0.67045,0.9648,0.99908,0.98929,0.67877,0.96684,0.98823,27.8
dc_hu_harm_nemotron_mixed.jsonl,none+ga11bs16,170,3,85,85,170,0.90697,0.89448,0.9603,0.69421,0.97427,0.99908,0.97686,0.67844,0.93745,0.98516,33.8
dc_hu_harm_nemotron_mixed.jsonl,none+ga11bs16,170,4,85,85,170,0.91487,0.90566,0.99622,0.70248,0.97182,0.98898,0.98237,0.70327,0.96787,0.96913,24.6
dc_hu_harm_nemotron_mixed.jsonl,none+ga11bs16,170,5,85,85,170,0.85068,0.83989,0.77977,0.70041,0.94364,0.97888,0.81596,0.69158,0.89476,0.95726,20.9
dc_hu_harm_nemotron_mixed.jsonl,none+ga11bs16,170,6,85,85,170,0.92044,0.90744,0.96975,0.73554,0.98151,0.99495,0.98659,0.70495,0.95546,0.98277,26.3
dc_hu_harm_nemotron_mixed.jsonl,none+ga11bs16,170,7,85,85,170,0.9089,0.90926,0.9896,0.68492,0.96658,0.99449,0.98486,0.70862,0.95904,0.98454,40.2
dc_hu_harm_nemotron_mixed.jsonl,none+ga7bs16,110,0,55,55,110,0.89168,0.90013,0.95369,0.63636,0.98173,0.99495,0.97426,0.66763,0.97169,0.98693,33.3
dc_hu_harm_nemotron_mixed.jsonl,none+ga7bs16,110,1,55,55,110,0.89877,0.90037,0.96786,0.68285,0.96458,0.9798,0.98854,0.68189,0.95246,0.9786,17.0
dc_hu_harm_nemotron_mixed.jsonl,none+ga7bs16,110,2,55,55,110,0.91776,0.90021,0.98015,0.72624,0.96647,0.99816,0.98054,0.68657,0.95161,0.98214,23.0
dc_hu_harm_nemotron_mixed.jsonl,none+ga7bs16,110,3,55,55,110,0.87825,0.90016,0.98866,0.55475,0.97327,0.99633,0.98811,0.64736,0.97872,0.98646,18.9
dc_hu_harm_nemotron_mixed.jsonl,none+ga7bs16,110,4,55,55,110,0.85831,0.86818,0.80435,0.70351,0.95199,0.97337,0.8776,0.70272,0.931,0.96142,16.5
dc_hu_harm_nemotron_mixed.jsonl,none+ga7bs16,110,5,55,55,110,0.90557,0.89782,0.99622,0.66529,0.96536,0.99541,0.98767,0.67365,0.94851,0.98147,23.4
dc_hu_harm_nemotron_mixed.jsonl,none+ga7bs16,110,6,55,55,110,0.88695,0.88334,0.93195,0.68698,0.93896,0.9899,0.96767,0.69526,0.88913,0.98131,15.4
dc_hu_harm_nemotron_mixed.jsonl,none+ga7bs16,110,7,55,55,110,0.90769,0.89202,0.99244,0.67562,0.96547,0.99725,0.9907,0.67465,0.92386,0.97886,30.1
dc_hu_harm_nemotron_mixed.jsonl,none+ga5bs16,80,0,40,40,80,0.87355,0.89279,0.89225,0.66426,0.94687,0.99082,0.95815,0.69358,0.93873,0.98069,30.4
dc_hu_harm_nemotron_mixed.jsonl,none+ga5bs16,80,1,40,40,80,0.86062,0.88634,0.90454,0.58058,0.9785,0.97888,0.96464,0.65037,0.95571,0.97465,17.6
dc_hu_harm_nemotron_mixed.jsonl,none+ga5bs16,80,2,40,40,80,0.88519,0.89756,1.0,0.58368,0.96258,0.99449,0.9934,0.65493,0.95679,0.98511,17.0
dc_hu_harm_nemotron_mixed.jsonl,none+ga5bs16,80,3,40,40,80,0.87767,0.87673,0.94707,0.63326,0.94687,0.98347,0.97524,0.67554,0.87879,0.97735,28.1
dc_hu_harm_nemotron_mixed.jsonl,none+ga5bs16,80,4,40,40,80,0.89163,0.88743,1.0,0.61467,0.96012,0.99174,0.98984,0.62241,0.95451,0.98298,29.7
dc_hu_harm_nemotron_mixed.jsonl,none+ga5bs16,80,5,40,40,80,0.86887,0.88681,0.96503,0.55785,0.97004,0.98255,0.97686,0.64123,0.95795,0.97121,15.9
dc_hu_harm_nemotron_mixed.jsonl,none+ga5bs16,80,6,40,40,80,0.85613,0.88047,0.90737,0.55062,0.97572,0.99082,0.95415,0.62865,0.96596,0.97314,29.1
dc_hu_harm_nemotron_mixed.jsonl,none+ga5bs16,80,7,40,40,80,0.79759,0.84975,0.78733,0.4814,0.9501,0.97153,0.89035,0.61383,0.92919,0.96564,28.9
dc_hu_harm_nemotron_mixed.jsonl,none+ga4bs16,50,0,25,25,50,0.84254,0.8509,0.77127,0.67149,0.96413,0.96327,0.81953,0.69659,0.93958,0.94789,18.0
dc_hu_harm_nemotron_mixed.jsonl,none+ga4bs16,50,1,25,25,50,0.78339,0.82499,0.69093,0.51033,0.95433,0.97796,0.80353,0.59612,0.95609,0.94424,16.3
dc_hu_harm_nemotron_mixed.jsonl,none+ga4bs16,50,2,25,25,50,0.82746,0.83402,0.83743,0.52066,0.96736,0.98439,0.84851,0.5793,0.95475,0.95351,21.3
dc_hu_harm_nemotron_mixed.jsonl,none+ga4bs16,50,3,25,25,50,0.92314,0.91211,0.99811,0.69938,0.99644,0.99862,0.99513,0.68568,0.98478,0.98287,14.1
dc_hu_harm_nemotron_mixed.jsonl,none+ga4bs16,50,4,25,25,50,0.89564,0.89747,0.97826,0.63326,0.97472,0.99633,0.99005,0.66106,0.95376,0.98501,15.6
dc_hu_harm_nemotron_mixed.jsonl,none+ga4bs16,50,5,25,25,50,0.86877,0.88863,0.94707,0.60331,0.93573,0.98898,0.98259,0.6331,0.95863,0.98022,19.6
dc_hu_harm_nemotron_mixed.jsonl,none+ga4bs16,50,6,25,25,50,0.91233,0.9045,0.99622,0.68802,0.97059,0.99449,0.98994,0.67131,0.96816,0.9886,26.4
dc_hu_harm_nemotron_mixed.jsonl,none+ga4bs16,50,7,25,25,50,0.7713,0.79469,0.67769,0.52376,0.9315,0.95225,0.71324,0.636,0.93147,0.89806,15.1
dc_hu_harm_nemotron_mixed.jsonl,none+ga2bs16,30,0,15,15,30,0.85706,0.87065,0.89414,0.57851,0.97672,0.97888,0.91274,0.63778,0.9602,0.97189,29.6
dc_hu_harm_nemotron_mixed.jsonl,none+ga2bs16,30,1,15,15,30,0.77397,0.79004,0.75142,0.51446,0.87636,0.95363,0.80666,0.59813,0.83306,0.92232,24.0
dc_hu_harm_nemotron_mixed.jsonl,none+ga2bs16,30,2,15,15,30,0.74953,0.7707,0.65406,0.58368,0.87469,0.88567,0.63095,0.63388,0.91618,0.90181,23.8
dc_hu_harm_nemotron_mixed.jsonl,none+ga2bs16,30,3,15,15,30,0.81878,0.80247,0.76276,0.62913,0.91034,0.97291,0.76914,0.60192,0.89251,0.94632,23.9
dc_hu_harm_nemotron_mixed.jsonl,none+ga2bs16,30,4,15,15,30,0.62592,0.67395,0.54915,0.45764,0.82335,0.67355,0.55125,0.66061,0.82686,0.65707,13.0
dc_hu_harm_nemotron_mixed.jsonl,none+ga2bs16,30,5,15,15,30,0.71692,0.7015,0.53875,0.66116,0.83259,0.83517,0.54812,0.68089,0.8047,0.77228,12.9
dc_hu_harm_nemotron_mixed.jsonl,none+ga2bs16,30,6,15,15,30,0.71178,0.73589,0.57183,0.55579,0.91279,0.8067,0.60435,0.68456,0.88394,0.77072,23.3
dc_hu_harm_nemotron_mixed.jsonl,none+ga2bs16,30,7,15,15,30,0.72796,0.74929,0.569,0.52066,0.92916,0.89302,0.58726,0.62241,0.93409,0.85339,23.5
dc_hu_harm_nemotron_mixed.jsonl,none+ga2bs16,20,0,10,10,20,0.91487,0.9029,0.9603,0.76446,0.9687,0.96602,0.9747,0.7192,0.95774,0.95996,15.8
dc_hu_harm_nemotron_mixed.jsonl,none+ga2bs16,20,1,10,10,20,0.71129,0.72371,0.56616,0.54752,0.89998,0.8315,0.5718,0.6096,0.92194,0.79149,23.9
dc_hu_harm_nemotron_mixed.jsonl,none+ga2bs16,20,2,10,10,20,0.85155,0.85494,0.90926,0.58678,0.94598,0.96419,0.89868,0.62798,0.92385,0.96923,19.6
dc_hu_harm_nemotron_mixed.jsonl,none+ga2bs16,20,3,10,10,20,0.79256,0.78505,0.66446,0.61157,0.93918,0.955,0.66328,0.62898,0.93416,0.91379,16.2
dc_hu_harm_nemotron_mixed.jsonl,none+ga2bs16,20,4,10,10,20,0.70108,0.72518,0.63043,0.4907,0.89853,0.78466,0.6277,0.6018,0.91346,0.75776,24.6
dc_hu_harm_nemotron_mixed.jsonl,none+ga2bs16,20,5,10,10,20,0.83832,0.83947,0.83648,0.64979,0.92393,0.94307,0.85564,0.68657,0.86684,0.94882,13.5
dc_hu_harm_nemotron_mixed.jsonl,none+ga2bs16,20,6,10,10,20,0.70579,0.72585,0.66541,0.45041,0.85565,0.8517,0.71226,0.56806,0.80654,0.81653,22.2
dc_hu_harm_nemotron_mixed.jsonl,none+ga2bs16,20,7,10,10,20,0.57715,0.61404,0.61531,0.35331,0.74816,0.59183,0.62403,0.47795,0.77272,0.58148,23.3
dc_hu_harm_nemotron_mixed.jsonl,none+ga1bs16,10,0,5,5,10,0.5627,0.60234,0.58601,0.33058,0.7084,0.6258,0.55915,0.51114,0.70408,0.635,15.8
dc_hu_harm_nemotron_mixed.jsonl,none+ga1bs16,10,1,5,5,10,0.5671,0.59986,0.49527,0.46488,0.79082,0.51745,0.49924,0.59813,0.78535,0.51671,12.5
dc_hu_harm_nemotron_mixed.jsonl,none+ga1bs16,10,2,5,5,10,0.50856,0.52888,0.49527,0.52169,0.50579,0.51148,0.49795,0.62018,0.48574,0.51166,12.5
dc_hu_harm_nemotron_mixed.jsonl,none+ga1bs16,10,3,5,5,10,0.52061,0.53957,0.49716,0.46074,0.60893,0.51561,0.49611,0.50947,0.64282,0.50989,12.2
dc_hu_harm_nemotron_mixed.jsonl,none+ga1bs16,10,4,5,5,10,0.57862,0.60706,0.49811,0.41839,0.78548,0.61249,0.50076,0.53887,0.80201,0.58658,12.6
dc_hu_harm_nemotron_mixed.jsonl,none+ga1bs16,10,5,5,5,10,0.58851,0.59256,0.49055,0.57955,0.75228,0.53168,0.49286,0.60526,0.74916,0.52296,12.4
dc_hu_harm_nemotron_mixed.jsonl,none+ga1bs16,10,6,5,5,10,0.64712,0.67427,0.50473,0.43905,0.90733,0.73737,0.50562,0.57908,0.92473,0.68763,22.4
dc_hu_harm_nemotron_mixed.jsonl,none+ga1bs16,10,7,5,5,10,0.55956,0.60187,0.51796,0.49174,0.68813,0.5404,0.52044,0.58766,0.7355,0.56388,12.2
dc_hu_harm_nemotron_mixed.jsonl,none+ga1bs16,6,0,3,3,6,0.51885,0.57114,0.5,0.44215,0.63143,0.50184,0.5,0.60314,0.6713,0.5101,15.6
dc_hu_harm_nemotron_mixed.jsonl,none+ga1bs16,6,1,3,3,6,0.70153,0.71377,0.59168,0.78099,0.56705,0.86639,0.6675,0.79762,0.57566,0.8143,15.3
dc_hu_harm_nemotron_mixed.jsonl,none+ga1bs16,6,2,3,3,6,0.56853,0.56524,0.50945,0.71591,0.51526,0.53352,0.50973,0.71642,0.50086,0.53394,12.5
dc_hu_harm_nemotron_mixed.jsonl,none+ga1bs16,6,3,3,3,6,0.85931,0.84362,0.92817,0.6374,0.92036,0.95133,0.96399,0.64057,0.85492,0.91498,13.9
dc_hu_harm_nemotron_mixed.jsonl,none+ga1bs16,6,4,3,3,6,0.58824,0.59251,0.49338,0.7314,0.61762,0.51056,0.51287,0.69425,0.63733,0.52561,12.4
dc_hu_harm_nemotron_mixed.jsonl,none+ga1bs16,6,5,3,3,6,0.57254,0.58909,0.49055,0.4969,0.7779,0.52479,0.4974,0.58398,0.73451,0.54045,12.2
dc_hu_harm_nemotron_mixed.jsonl,none+ga1bs16,6,6,3,3,6,0.59294,0.61617,0.55293,0.43905,0.81689,0.5629,0.53006,0.57084,0.81076,0.553,14.5
dc_hu_harm_nemotron_mixed.jsonl,none+ga1bs16,6,7,3,3,6,0.59213,0.6398,0.50095,0.42252,0.90833,0.53673,0.50541,0.58331,0.9168,0.55368,12.0
dc_hu_harm_nemotron_mixed.jsonl,none+ga1bs16,4,0,2,2,4,0.701,0.70088,0.59357,0.77893,0.60459,0.82691,0.61862,0.74415,0.5896,0.85116,19.6
dc_hu_harm_nemotron_mixed.jsonl,none+ga1bs16,4,1,2,2,4,0.6035,0.60574,0.53214,0.80785,0.46291,0.61111,0.53676,0.80274,0.46402,0.61943,15.2
dc_hu_harm_nemotron_mixed.jsonl,none+ga1bs16,4,2,2,2,4,0.59562,0.60708,0.51512,0.78099,0.48352,0.60285,0.51687,0.85208,0.48111,0.57825,13.9
dc_hu_harm_nemotron_mixed.jsonl,none+ga1bs16,4,3,2,2,4,0.53013,0.55679,0.50567,0.41426,0.6634,0.53719,0.51211,0.49521,0.66596,0.55388,12.1
dc_hu_harm_nemotron_mixed.jsonl,none+ga1bs16,4,4,2,2,4,0.57748,0.5608,0.52174,0.69835,0.4677,0.62213,0.56596,0.65605,0.46668,0.55451,13.2
dc_hu_harm_nemotron_mixed.jsonl,none+ga1bs16,4,5,2,2,4,0.62587,0.62481,0.58696,0.85537,0.42894,0.63223,0.59786,0.82279,0.45775,0.62084,14.6
dc_hu_harm_nemotron_mixed.jsonl,none+ga1bs16,4,6,2,2,4,0.47823,0.51554,0.50567,0.2438,0.64279,0.52066,0.50151,0.43941,0.59536,0.52587,12.6
dc_hu_harm_nemotron_mixed.jsonl,none+ga1bs16,4,7,2,2,4,0.65279,0.65983,0.62098,0.79442,0.46068,0.73508,0.65225,0.82669,0.43794,0.72246,20.7
dc_hu_harm_nemotron_mixed.jsonl,none+ga1bs16,2,0,1,1,2,0.61667,0.65585,0.51512,0.42769,0.90633,0.61754,0.51276,0.57463,0.9294,0.60662,24.8
dc_hu_harm_nemotron_mixed.jsonl,none+ga1bs16,2,1,1,1,2,0.49649,0.53089,0.5,0.30888,0.6399,0.53719,0.49308,0.46736,0.64041,0.5227,12.3
dc_hu_harm_nemotron_mixed.jsonl,none+ga1bs16,2,2,1,1,2,0.5318,0.53675,0.5,0.48347,0.6272,0.51653,0.50011,0.50033,0.6132,0.53337,12.7
dc_hu_harm_nemotron_mixed.jsonl,none+ga1bs16,2,3,1,1,2,0.63359,0.62147,0.57089,0.56612,0.79728,0.60009,0.60218,0.56794,0.76042,0.55534,14.5
dc_hu_harm_nemotron_mixed.jsonl,none+ga1bs16,2,4,1,1,2,0.54421,0.53243,0.5,0.79132,0.3855,0.5,0.5,0.74493,0.37967,0.5051,13.6
dc_hu_harm_nemotron_mixed.jsonl,none+ga1bs16,2,5,1,1,2,0.59138,0.57416,0.51985,0.85847,0.41557,0.57163,0.52109,0.78715,0.43485,0.55357,18.8
dc_hu_harm_nemotron_mixed.jsonl,none+ga1bs16,2,6,1,1,2,0.66665,0.67366,0.58507,0.52066,0.7955,0.76538,0.61862,0.49009,0.80276,0.78316,21.0
dc_hu_harm_nemotron_mixed.jsonl,none+ga1bs16,2,7,1,1,2,0.64624,0.63659,0.59168,0.71694,0.61929,0.65702,0.66339,0.66652,0.61326,0.60319,14.0
