samples,base,n,draw,n_pos,n_neg,n_training_rows,dev_mean,eval_mean,dev_ai_dilemmas,dev_ant_hh,dev_balanced_refusal,dev_daily_dilemmas,eval_ai_dilemmas,eval_ant_hh,eval_balanced_refusal,eval_daily_dilemmas,seconds
dc_hu_harm_gptoss_eval_ai_dilemmas_kind.jsonl,none+ga5bs16,80,0,40,40,80,0.87936,0.85506,0.94896,0.875,0.72009,0.97337,0.97632,0.79873,0.67226,0.97293,36.0
dc_hu_harm_gptoss_eval_ai_dilemmas_kind.jsonl,none+ga5bs16,80,1,40,40,80,0.84284,0.83571,0.84405,0.83058,0.74772,0.94904,0.86397,0.81098,0.7163,0.95158,30.9
dc_hu_harm_gptoss_eval_ai_dilemmas_kind.jsonl,none+ga5bs16,80,2,40,40,80,0.8797,0.85255,0.91304,0.84711,0.79127,0.9674,0.91847,0.7877,0.73809,0.96595,25.7
dc_hu_harm_gptoss_eval_ai_dilemmas_kind.jsonl,none+ga5bs16,80,3,40,40,80,0.91177,0.86941,0.97637,0.84711,0.8337,0.9899,0.9721,0.76933,0.7573,0.97892,22.3
dc_hu_harm_gptoss_eval_ai_dilemmas_kind.jsonl,none+ga5bs16,80,4,40,40,80,0.74398,0.74389,0.65784,0.82025,0.67231,0.82553,0.65268,0.81956,0.64572,0.85761,19.2
dc_hu_harm_gptoss_eval_ai_dilemmas_kind.jsonl,none+ga5bs16,80,5,40,40,80,0.88656,0.85261,0.95463,0.88326,0.7368,0.97153,0.97416,0.79673,0.66596,0.9736,20.3
dc_hu_harm_gptoss_eval_ai_dilemmas_kind.jsonl,none+ga5bs16,80,6,40,40,80,0.84144,0.81724,0.85539,0.875,0.69414,0.94123,0.87089,0.81265,0.64196,0.94346,21.4
dc_hu_harm_gptoss_eval_ai_dilemmas_kind.jsonl,none+ga5bs16,80,7,40,40,80,0.88765,0.86389,0.94612,0.82645,0.81154,0.96648,0.94074,0.79517,0.75316,0.96647,26.9
dc_hu_harm_gptoss_eval_ai_dilemmas_kind.jsonl,none+ga4bs16,50,0,25,25,50,0.84442,0.8464,0.79206,0.81612,0.81956,0.94995,0.8231,0.79071,0.81178,0.96002,22.4
dc_hu_harm_gptoss_eval_ai_dilemmas_kind.jsonl,none+ga4bs16,50,1,25,25,50,0.93599,0.91232,0.99622,0.84091,0.91969,0.98714,0.99643,0.78603,0.88154,0.98527,20.6
dc_hu_harm_gptoss_eval_ai_dilemmas_kind.jsonl,none+ga4bs16,50,2,25,25,50,0.82112,0.80503,0.83365,0.75,0.77612,0.9247,0.86019,0.67387,0.75823,0.92784,25.5
dc_hu_harm_gptoss_eval_ai_dilemmas_kind.jsonl,none+ga4bs16,50,3,25,25,50,0.90132,0.84429,0.98299,0.87707,0.75072,0.99449,0.9907,0.72644,0.68601,0.97402,23.2
dc_hu_harm_gptoss_eval_ai_dilemmas_kind.jsonl,none+ga4bs16,50,4,25,25,50,0.88688,0.8583,0.95369,0.88017,0.71686,0.99679,0.98097,0.78826,0.68271,0.98126,18.5
dc_hu_harm_gptoss_eval_ai_dilemmas_kind.jsonl,none+ga4bs16,50,5,25,25,50,0.83927,0.8286,0.84688,0.83161,0.73413,0.94444,0.8737,0.77656,0.71465,0.9495,21.4
dc_hu_harm_gptoss_eval_ai_dilemmas_kind.jsonl,none+ga4bs16,50,6,25,25,50,0.86109,0.85171,0.8913,0.8564,0.75496,0.94169,0.89068,0.82858,0.735,0.95257,23.0
dc_hu_harm_gptoss_eval_ai_dilemmas_kind.jsonl,none+ga4bs16,50,7,25,25,50,0.82084,0.80808,0.77977,0.85331,0.75819,0.8921,0.78536,0.80285,0.72554,0.91858,16.6
dc_hu_harm_gptoss_eval_ai_dilemmas_kind.jsonl,none+ga2bs16,30,0,15,15,30,0.85028,0.851,0.83743,0.73347,0.86144,0.96878,0.86927,0.74181,0.83269,0.96022,20.0
dc_hu_harm_gptoss_eval_ai_dilemmas_kind.jsonl,none+ga2bs16,30,1,15,15,30,0.76803,0.77926,0.64461,0.72211,0.85141,0.85399,0.6409,0.75674,0.85872,0.86068,18.5
dc_hu_harm_gptoss_eval_ai_dilemmas_kind.jsonl,none+ga2bs16,30,2,15,15,30,0.84096,0.83813,0.8431,0.79442,0.77545,0.95087,0.87186,0.80508,0.74371,0.93185,15.8
dc_hu_harm_gptoss_eval_ai_dilemmas_kind.jsonl,none+ga2bs16,30,3,15,15,30,0.77553,0.75902,0.7259,0.84711,0.61361,0.91552,0.75324,0.78971,0.57841,0.91472,19.0
dc_hu_harm_gptoss_eval_ai_dilemmas_kind.jsonl,none+ga2bs16,30,4,15,15,30,0.90256,0.86302,0.97732,0.80165,0.85698,0.97429,0.9747,0.73524,0.77146,0.97069,27.0
dc_hu_harm_gptoss_eval_ai_dilemmas_kind.jsonl,none+ga2bs16,30,5,15,15,30,0.70255,0.6759,0.57656,0.83058,0.68679,0.71625,0.55082,0.78637,0.66945,0.69695,17.2
dc_hu_harm_gptoss_eval_ai_dilemmas_kind.jsonl,none+ga2bs16,30,6,15,15,30,0.75342,0.73899,0.6966,0.83781,0.58164,0.89761,0.68447,0.76944,0.58441,0.91764,18.4
dc_hu_harm_gptoss_eval_ai_dilemmas_kind.jsonl,none+ga2bs16,30,7,15,15,30,0.87819,0.84595,0.90643,0.85124,0.78815,0.96694,0.91025,0.77579,0.73926,0.95851,23.3
dc_hu_harm_gptoss_eval_ai_dilemmas_kind.jsonl,none+ga2bs16,20,0,10,10,20,0.90255,0.88778,0.98204,0.76136,0.89708,0.9697,0.97567,0.73981,0.85849,0.97714,22.2
dc_hu_harm_gptoss_eval_ai_dilemmas_kind.jsonl,none+ga2bs16,20,1,10,10,20,0.83681,0.81957,0.83648,0.80579,0.77155,0.93343,0.84505,0.78236,0.71172,0.93914,17.1
dc_hu_harm_gptoss_eval_ai_dilemmas_kind.jsonl,none+ga2bs16,20,2,10,10,20,0.84905,0.82438,0.96219,0.82335,0.63177,0.97888,0.96378,0.71152,0.64166,0.98058,24.5
dc_hu_harm_gptoss_eval_ai_dilemmas_kind.jsonl,none+ga2bs16,20,3,10,10,20,0.79025,0.81883,0.72401,0.72417,0.81611,0.89669,0.75292,0.76977,0.8134,0.93924,17.0
dc_hu_harm_gptoss_eval_ai_dilemmas_kind.jsonl,none+ga2bs16,20,4,10,10,20,0.89073,0.8785,0.88658,0.85537,0.87514,0.94582,0.94323,0.77178,0.83949,0.9595,19.7
dc_hu_harm_gptoss_eval_ai_dilemmas_kind.jsonl,none+ga2bs16,20,5,10,10,20,0.69477,0.67196,0.59546,0.89773,0.49343,0.79247,0.61375,0.81577,0.46465,0.79368,21.1
dc_hu_harm_gptoss_eval_ai_dilemmas_kind.jsonl,none+ga2bs16,20,6,10,10,20,0.79917,0.77638,0.72212,0.74483,0.83716,0.89256,0.67193,0.74337,0.80644,0.8838,18.2
dc_hu_harm_gptoss_eval_ai_dilemmas_kind.jsonl,none+ga2bs16,20,7,10,10,20,0.86811,0.86487,0.8913,0.78822,0.85398,0.93893,0.90203,0.77311,0.82569,0.95866,31.9
dc_hu_harm_gptoss_eval_ai_dilemmas_kind.jsonl,none+ga1bs16,10,0,5,5,10,0.78922,0.79045,0.83554,0.61364,0.90376,0.80395,0.81369,0.64814,0.84641,0.85355,21.9
dc_hu_harm_gptoss_eval_ai_dilemmas_kind.jsonl,none+ga1bs16,10,1,5,5,10,0.70286,0.69396,0.638,0.7686,0.60871,0.79614,0.61862,0.75184,0.61316,0.79222,23.4
dc_hu_harm_gptoss_eval_ai_dilemmas_kind.jsonl,none+ga1bs16,10,2,5,5,10,0.67443,0.68593,0.54159,0.72521,0.62653,0.80441,0.58229,0.77088,0.61325,0.77728,16.5
dc_hu_harm_gptoss_eval_ai_dilemmas_kind.jsonl,none+ga1bs16,10,3,5,5,10,0.85446,0.83342,0.85728,0.76446,0.8209,0.97521,0.8856,0.70361,0.78411,0.96038,16.9
dc_hu_harm_gptoss_eval_ai_dilemmas_kind.jsonl,none+ga1bs16,10,4,5,5,10,0.67401,0.66918,0.55293,0.78099,0.57652,0.78558,0.59689,0.77378,0.52345,0.78259,18.0
dc_hu_harm_gptoss_eval_ai_dilemmas_kind.jsonl,none+ga1bs16,10,5,5,5,10,0.84333,0.83101,0.95369,0.78926,0.73324,0.89715,0.91717,0.78247,0.68297,0.94143,16.6
dc_hu_harm_gptoss_eval_ai_dilemmas_kind.jsonl,none+ga1bs16,10,6,5,5,10,0.57614,0.59638,0.49622,0.56612,0.73535,0.50689,0.50162,0.6389,0.7247,0.5203,16.1
dc_hu_harm_gptoss_eval_ai_dilemmas_kind.jsonl,none+ga1bs16,10,7,5,5,10,0.76484,0.7438,0.73913,0.7407,0.67688,0.90266,0.7247,0.71798,0.63609,0.89645,17.2
dc_hu_harm_gptoss_eval_ai_dilemmas_kind.jsonl,none+ga1bs16,6,0,3,3,6,0.51871,0.4569,0.50095,0.7624,0.26376,0.54775,0.50054,0.54867,0.24049,0.5379,17.0
dc_hu_harm_gptoss_eval_ai_dilemmas_kind.jsonl,none+ga1bs16,6,1,3,3,6,0.60373,0.62263,0.53875,0.6405,0.65026,0.5854,0.53666,0.67365,0.67037,0.60985,18.1
dc_hu_harm_gptoss_eval_ai_dilemmas_kind.jsonl,none+ga1bs16,6,2,3,3,6,0.59259,0.62476,0.49338,0.45145,0.90532,0.5202,0.49622,0.60314,0.88265,0.51702,15.9
dc_hu_harm_gptoss_eval_ai_dilemmas_kind.jsonl,none+ga1bs16,6,3,3,3,6,0.55874,0.57735,0.49622,0.46488,0.79684,0.47704,0.50195,0.55903,0.75142,0.49698,17.7
dc_hu_harm_gptoss_eval_ai_dilemmas_kind.jsonl,none+ga1bs16,6,4,3,3,6,0.63543,0.61041,0.54253,0.84298,0.52718,0.62902,0.56077,0.72967,0.50735,0.64385,16.6
dc_hu_harm_gptoss_eval_ai_dilemmas_kind.jsonl,none+ga1bs16,6,5,3,3,6,0.59428,0.62847,0.50378,0.59917,0.78013,0.49403,0.50519,0.67677,0.80231,0.52962,15.5
dc_hu_harm_gptoss_eval_ai_dilemmas_kind.jsonl,none+ga1bs16,6,6,3,3,6,0.64076,0.6673,0.52268,0.63017,0.72744,0.68274,0.53352,0.7006,0.74174,0.69336,19.2
dc_hu_harm_gptoss_eval_ai_dilemmas_kind.jsonl,none+ga1bs16,6,7,3,3,6,0.58866,0.6151,0.51229,0.60744,0.70829,0.52663,0.50638,0.67899,0.7318,0.54321,15.5
dc_hu_harm_gptoss_eval_ai_dilemmas_kind.jsonl,none+ga1bs16,4,0,2,2,4,0.55226,0.56154,0.50662,0.54132,0.75017,0.41093,0.53558,0.55558,0.71527,0.43971,19.4
dc_hu_harm_gptoss_eval_ai_dilemmas_kind.jsonl,none+ga1bs16,4,1,2,2,4,0.64226,0.65304,0.54915,0.61777,0.87503,0.52709,0.55569,0.59468,0.88241,0.57939,26.7
dc_hu_harm_gptoss_eval_ai_dilemmas_kind.jsonl,none+ga1bs16,4,2,2,2,4,0.62976,0.63736,0.5482,0.53202,0.86901,0.56979,0.54282,0.5763,0.83629,0.59402,16.2
dc_hu_harm_gptoss_eval_ai_dilemmas_kind.jsonl,none+ga1bs16,4,3,2,2,4,0.62042,0.65051,0.5586,0.42045,0.88739,0.61524,0.58315,0.5734,0.8523,0.59319,30.9
dc_hu_harm_gptoss_eval_ai_dilemmas_kind.jsonl,none+ga1bs16,4,4,2,2,4,0.57751,0.58398,0.49527,0.59194,0.76275,0.46006,0.50757,0.59635,0.7405,0.49151,17.6
dc_hu_harm_gptoss_eval_ai_dilemmas_kind.jsonl,none+ga1bs16,4,5,2,2,4,0.51706,0.56171,0.47732,0.54339,0.66095,0.38659,0.50151,0.68066,0.63629,0.42836,16.7
dc_hu_harm_gptoss_eval_ai_dilemmas_kind.jsonl,none+ga1bs16,4,6,2,2,4,0.59391,0.63863,0.49244,0.61157,0.81432,0.4573,0.50378,0.76732,0.79522,0.48818,14.8
dc_hu_harm_gptoss_eval_ai_dilemmas_kind.jsonl,none+ga1bs16,4,7,2,2,4,0.62379,0.62488,0.52741,0.68388,0.75128,0.5326,0.5253,0.65081,0.76764,0.55576,16.2
dc_hu_harm_gptoss_eval_ai_dilemmas_kind.jsonl,none+ga1bs16,2,0,1,1,2,0.47549,0.46881,0.49149,0.54132,0.43618,0.43297,0.49211,0.48407,0.4503,0.44877,19.7
dc_hu_harm_gptoss_eval_ai_dilemmas_kind.jsonl,none+ga1bs16,2,1,1,1,2,0.52597,0.56501,0.49149,0.40702,0.76643,0.43893,0.4907,0.53319,0.78109,0.45507,16.1
dc_hu_harm_gptoss_eval_ai_dilemmas_kind.jsonl,none+ga1bs16,2,2,1,1,2,0.55343,0.5575,0.51134,0.45661,0.73981,0.50597,0.5293,0.51014,0.7146,0.47595,16.5
dc_hu_harm_gptoss_eval_ai_dilemmas_kind.jsonl,none+ga1bs16,2,3,1,1,2,0.58994,0.61848,0.49716,0.48864,0.86155,0.5124,0.5,0.56527,0.88286,0.52577,16.4
dc_hu_harm_gptoss_eval_ai_dilemmas_kind.jsonl,none+ga1bs16,2,4,1,1,2,0.56881,0.62415,0.50378,0.42355,0.84651,0.50138,0.52628,0.5646,0.87067,0.53504,16.0
dc_hu_harm_gptoss_eval_ai_dilemmas_kind.jsonl,none+ga1bs16,2,5,1,1,2,0.59181,0.62864,0.54064,0.38636,0.8562,0.58402,0.57331,0.545,0.85128,0.54498,15.9
dc_hu_harm_gptoss_eval_ai_dilemmas_kind.jsonl,none+ga1bs16,2,6,1,1,2,0.57656,0.62809,0.52363,0.38533,0.88628,0.51102,0.52411,0.53865,0.92366,0.52593,16.3
dc_hu_harm_gptoss_eval_ai_dilemmas_kind.jsonl,none+ga1bs16,2,7,1,1,2,0.54296,0.57927,0.52552,0.36983,0.81276,0.46373,0.53774,0.49109,0.79829,0.48995,15.0
dc_hu_harm_gptoss_eval_ai_dilemmas_loko.jsonl,none+ga22bs16,350,0,175,175,350,0.89463,0.86514,0.84216,0.82851,0.94319,0.96465,0.81985,0.79071,0.91423,0.93576,42.5
dc_hu_harm_gptoss_eval_ai_dilemmas_loko.jsonl,none+ga22bs16,350,1,175,175,350,0.87656,0.85595,0.8242,0.79236,0.92871,0.96097,0.80266,0.77656,0.90147,0.9431,40.1
dc_hu_harm_gptoss_eval_ai_dilemmas_loko.jsonl,none+ga22bs16,350,2,175,175,350,0.87905,0.85078,0.82514,0.80579,0.9188,0.96648,0.80125,0.7603,0.90018,0.94138,39.6
dc_hu_harm_gptoss_eval_ai_dilemmas_loko.jsonl,none+ga22bs16,350,3,175,175,350,0.87769,0.85511,0.82987,0.80165,0.90221,0.97704,0.80753,0.77077,0.88125,0.9609,38.8
dc_hu_harm_gptoss_eval_ai_dilemmas_loko.jsonl,none+ga22bs16,350,4,175,175,350,0.87784,0.84699,0.79868,0.82438,0.92961,0.95868,0.78385,0.78102,0.89062,0.93248,36.3
dc_hu_harm_gptoss_eval_ai_dilemmas_loko.jsonl,none+ga22bs16,350,5,175,175,350,0.8773,0.84991,0.81191,0.82231,0.90711,0.96786,0.79379,0.77668,0.88404,0.94513,39.9
dc_hu_harm_gptoss_eval_ai_dilemmas_loko.jsonl,none+ga22bs16,350,6,175,175,350,0.87138,0.85737,0.84026,0.77686,0.90376,0.96465,0.82321,0.77489,0.87914,0.95226,38.1
dc_hu_harm_gptoss_eval_ai_dilemmas_loko.jsonl,none+ga22bs16,350,7,175,175,350,0.85835,0.84422,0.7552,0.78099,0.94542,0.95179,0.76092,0.76944,0.91491,0.93159,28.8
dc_hu_harm_gptoss_eval_ai_dilemmas_loko.jsonl,none+ga11bs16,170,0,85,85,170,0.86293,0.84261,0.78733,0.77066,0.93139,0.96235,0.7779,0.75841,0.90029,0.93383,27.5
dc_hu_harm_gptoss_eval_ai_dilemmas_loko.jsonl,none+ga11bs16,170,1,85,85,170,0.84434,0.83242,0.7741,0.79339,0.86311,0.94674,0.76936,0.77022,0.85611,0.93399,23.3
dc_hu_harm_gptoss_eval_ai_dilemmas_loko.jsonl,none+ga11bs16,170,2,85,85,170,0.88913,0.87451,0.84216,0.77066,0.96024,0.98347,0.84516,0.75841,0.94225,0.95221,25.5
dc_hu_harm_gptoss_eval_ai_dilemmas_loko.jsonl,none+ga11bs16,170,3,85,85,170,0.84949,0.84638,0.78166,0.7469,0.89831,0.97107,0.78763,0.75395,0.8812,0.96272,27.5
dc_hu_harm_gptoss_eval_ai_dilemmas_loko.jsonl,none+ga11bs16,170,4,85,85,170,0.84197,0.83554,0.77316,0.70455,0.93473,0.95546,0.76222,0.74059,0.90354,0.93581,28.8
dc_hu_harm_gptoss_eval_ai_dilemmas_loko.jsonl,none+ga11bs16,170,5,85,85,170,0.85912,0.84614,0.76749,0.83264,0.88227,0.95409,0.77649,0.77857,0.87706,0.95242,25.9
dc_hu_harm_gptoss_eval_ai_dilemmas_loko.jsonl,none+ga11bs16,170,6,85,85,170,0.85758,0.83885,0.77221,0.75517,0.94888,0.95409,0.76103,0.7436,0.92985,0.92092,23.5
dc_hu_harm_gptoss_eval_ai_dilemmas_loko.jsonl,none+ga11bs16,170,7,85,85,170,0.86128,0.85704,0.79679,0.7531,0.91958,0.97567,0.79942,0.78158,0.90245,0.94471,22.8
dc_hu_harm_gptoss_eval_ai_dilemmas_loko.jsonl,none+ga7bs16,110,0,55,55,110,0.85931,0.85458,0.83554,0.74277,0.9168,0.94215,0.8418,0.76242,0.88679,0.92732,28.7
dc_hu_harm_gptoss_eval_ai_dilemmas_loko.jsonl,none+ga7bs16,110,1,55,55,110,0.88335,0.87032,0.86295,0.76756,0.92448,0.97842,0.88246,0.73836,0.90331,0.95715,21.7
dc_hu_harm_gptoss_eval_ai_dilemmas_loko.jsonl,none+ga7bs16,110,2,55,55,110,0.86996,0.86183,0.80529,0.78202,0.92281,0.9697,0.83705,0.77077,0.89921,0.94029,22.7
dc_hu_harm_gptoss_eval_ai_dilemmas_loko.jsonl,none+ga7bs16,110,3,55,55,110,0.87097,0.85923,0.82798,0.71901,0.95433,0.98255,0.82429,0.74582,0.90554,0.96127,24.6
dc_hu_harm_gptoss_eval_ai_dilemmas_loko.jsonl,none+ga7bs16,110,4,55,55,110,0.89258,0.86675,0.89319,0.78099,0.90577,0.99036,0.88516,0.74638,0.86886,0.96658,20.4
dc_hu_harm_gptoss_eval_ai_dilemmas_loko.jsonl,none+ga7bs16,110,5,55,55,110,0.86073,0.84063,0.79679,0.78822,0.90933,0.94858,0.77779,0.77088,0.88396,0.92987,21.4
dc_hu_harm_gptoss_eval_ai_dilemmas_loko.jsonl,none+ga7bs16,110,6,55,55,110,0.87224,0.85206,0.86484,0.7376,0.91546,0.97107,0.86083,0.72466,0.8744,0.94835,20.3
dc_hu_harm_gptoss_eval_ai_dilemmas_loko.jsonl,none+ga7bs16,110,7,55,55,110,0.83345,0.83149,0.75047,0.67355,0.94743,0.96235,0.7208,0.73457,0.93435,0.93622,21.5
dc_hu_harm_gptoss_eval_ai_dilemmas_loko.jsonl,none+ga5bs16,80,0,40,40,80,0.79616,0.81047,0.66919,0.67562,0.92938,0.91047,0.67269,0.73669,0.91835,0.91415,22.6
dc_hu_harm_gptoss_eval_ai_dilemmas_loko.jsonl,none+ga5bs16,80,1,40,40,80,0.85241,0.84567,0.80529,0.78202,0.87558,0.94674,0.78893,0.77957,0.87105,0.94315,18.5
dc_hu_harm_gptoss_eval_ai_dilemmas_loko.jsonl,none+ga5bs16,80,2,40,40,80,0.86963,0.85308,0.82514,0.75103,0.9354,0.96694,0.79401,0.74616,0.91783,0.95434,18.8
dc_hu_harm_gptoss_eval_ai_dilemmas_loko.jsonl,none+ga5bs16,80,3,40,40,80,0.84997,0.83111,0.8034,0.7593,0.90098,0.93618,0.77,0.75741,0.86685,0.93019,19.7
dc_hu_harm_gptoss_eval_ai_dilemmas_loko.jsonl,none+ga5bs16,80,4,40,40,80,0.88251,0.87475,0.90265,0.70351,0.94409,0.9798,0.87295,0.71508,0.94459,0.96637,19.7
dc_hu_harm_gptoss_eval_ai_dilemmas_loko.jsonl,none+ga5bs16,80,5,40,40,80,0.79868,0.8209,0.70416,0.58988,0.95534,0.94536,0.69529,0.7035,0.94951,0.93529,18.1
dc_hu_harm_gptoss_eval_ai_dilemmas_loko.jsonl,none+ga5bs16,80,6,40,40,80,0.79651,0.81605,0.67675,0.64979,0.90956,0.94995,0.68707,0.7407,0.89968,0.93675,18.6
dc_hu_harm_gptoss_eval_ai_dilemmas_loko.jsonl,none+ga5bs16,80,7,40,40,80,0.8744,0.868,0.86295,0.74793,0.90143,0.98531,0.87067,0.76988,0.86299,0.96845,20.0
dc_hu_harm_gptoss_eval_ai_dilemmas_loko.jsonl,none+ga4bs16,50,0,25,25,50,0.81573,0.83539,0.76843,0.64256,0.88405,0.96786,0.80623,0.73279,0.85933,0.9432,23.1
dc_hu_harm_gptoss_eval_ai_dilemmas_loko.jsonl,none+ga4bs16,50,1,25,25,50,0.80884,0.81497,0.67864,0.68388,0.91735,0.95546,0.71086,0.70784,0.91629,0.92488,19.0
dc_hu_harm_gptoss_eval_ai_dilemmas_loko.jsonl,none+ga4bs16,50,2,25,25,50,0.88372,0.86834,0.88563,0.74587,0.92404,0.97934,0.8577,0.74816,0.90606,0.96142,20.1
dc_hu_harm_gptoss_eval_ai_dilemmas_loko.jsonl,none+ga4bs16,50,3,25,25,50,0.86191,0.84434,0.81947,0.74483,0.90722,0.97612,0.83121,0.73379,0.87291,0.93945,18.5
dc_hu_harm_gptoss_eval_ai_dilemmas_loko.jsonl,none+ga4bs16,50,4,25,25,50,0.76704,0.76818,0.65217,0.63223,0.8875,0.89624,0.63473,0.67543,0.89039,0.87219,19.9
dc_hu_harm_gptoss_eval_ai_dilemmas_loko.jsonl,none+ga4bs16,50,5,25,25,50,0.81115,0.81199,0.73346,0.6281,0.95467,0.92837,0.71529,0.66964,0.93588,0.92717,19.1
dc_hu_harm_gptoss_eval_ai_dilemmas_loko.jsonl,none+ga4bs16,50,6,25,25,50,0.79551,0.82653,0.79584,0.52066,0.88851,0.97704,0.80817,0.65193,0.89239,0.95361,19.3
dc_hu_harm_gptoss_eval_ai_dilemmas_loko.jsonl,none+ga4bs16,50,7,25,25,50,0.78604,0.79809,0.68998,0.58368,0.92604,0.94444,0.68847,0.66752,0.90991,0.92644,18.4
dc_hu_harm_gptoss_eval_ai_dilemmas_loko.jsonl,none+ga2bs16,30,0,15,15,30,0.78138,0.78221,0.62949,0.6188,0.9452,0.93205,0.58348,0.70294,0.9326,0.90983,25.0
dc_hu_harm_gptoss_eval_ai_dilemmas_loko.jsonl,none+ga2bs16,30,1,15,15,30,0.81879,0.81763,0.79868,0.67149,0.84585,0.95914,0.7832,0.71597,0.8156,0.95575,17.1
dc_hu_harm_gptoss_eval_ai_dilemmas_loko.jsonl,none+ga2bs16,30,2,15,15,30,0.68253,0.72541,0.61815,0.54339,0.88127,0.68733,0.58856,0.6693,0.9019,0.74188,31.5
dc_hu_harm_gptoss_eval_ai_dilemmas_loko.jsonl,none+ga2bs16,30,3,15,15,30,0.83468,0.84376,0.78922,0.68698,0.90566,0.95684,0.77909,0.72644,0.91526,0.95424,15.8
dc_hu_harm_gptoss_eval_ai_dilemmas_loko.jsonl,none+ga2bs16,30,4,15,15,30,0.83864,0.84961,0.82231,0.6312,0.92081,0.98026,0.83261,0.69526,0.91185,0.95872,31.2
dc_hu_harm_gptoss_eval_ai_dilemmas_loko.jsonl,none+ga2bs16,30,5,15,15,30,0.88324,0.88987,0.88374,0.68905,0.97026,0.9899,0.88711,0.73179,0.96191,0.97865,19.1
dc_hu_harm_gptoss_eval_ai_dilemmas_loko.jsonl,none+ga2bs16,30,6,15,15,30,0.75932,0.76349,0.64367,0.68492,0.86066,0.84803,0.60997,0.75763,0.84004,0.84631,27.6
dc_hu_harm_gptoss_eval_ai_dilemmas_loko.jsonl,none+ga2bs16,30,7,15,15,30,0.8597,0.84644,0.84216,0.80062,0.83415,0.96189,0.88095,0.75707,0.79315,0.9546,18.9
dc_hu_harm_gptoss_eval_ai_dilemmas_loko.jsonl,none+ga2bs16,20,0,10,10,20,0.82055,0.80188,0.75898,0.75,0.81867,0.95455,0.70664,0.72689,0.82605,0.94794,19.0
dc_hu_harm_gptoss_eval_ai_dilemmas_loko.jsonl,none+ga2bs16,20,1,10,10,20,0.77462,0.77297,0.73724,0.6095,0.88305,0.86869,0.66577,0.65683,0.90574,0.86355,15.5
dc_hu_harm_gptoss_eval_ai_dilemmas_loko.jsonl,none+ga2bs16,20,2,10,10,20,0.85008,0.8545,0.79584,0.68698,0.96937,0.94812,0.77401,0.74092,0.96741,0.93565,18.9
dc_hu_harm_gptoss_eval_ai_dilemmas_loko.jsonl,none+ga2bs16,20,3,10,10,20,0.83303,0.81462,0.79679,0.78099,0.83471,0.91965,0.80482,0.74761,0.78619,0.91988,29.8
dc_hu_harm_gptoss_eval_ai_dilemmas_loko.jsonl,none+ga2bs16,20,4,10,10,20,0.77758,0.78257,0.62854,0.71281,0.84841,0.92057,0.65787,0.74883,0.82131,0.90228,19.6
dc_hu_harm_gptoss_eval_ai_dilemmas_loko.jsonl,none+ga2bs16,20,5,10,10,20,0.83545,0.84274,0.71361,0.68079,0.97772,0.9697,0.73724,0.7211,0.96827,0.94435,17.4
dc_hu_harm_gptoss_eval_ai_dilemmas_loko.jsonl,none+ga2bs16,20,6,10,10,20,0.69077,0.7136,0.56427,0.58678,0.82736,0.78466,0.57721,0.69169,0.81266,0.77286,13.9
dc_hu_harm_gptoss_eval_ai_dilemmas_loko.jsonl,none+ga2bs16,20,7,10,10,20,0.7786,0.77662,0.68715,0.62603,0.92749,0.87374,0.63149,0.71675,0.90701,0.85121,33.7
dc_hu_harm_gptoss_eval_ai_dilemmas_loko.jsonl,none+ga1bs16,10,0,5,5,10,0.55864,0.59436,0.48393,0.5124,0.72399,0.51423,0.49978,0.60247,0.73974,0.53545,17.7
dc_hu_harm_gptoss_eval_ai_dilemmas_loko.jsonl,none+ga1bs16,10,1,5,5,10,0.77045,0.75787,0.58507,0.76343,0.86601,0.86731,0.6011,0.75585,0.81775,0.85678,20.5
dc_hu_harm_gptoss_eval_ai_dilemmas_loko.jsonl,none+ga1bs16,10,2,5,5,10,0.67656,0.6796,0.54253,0.8564,0.53642,0.77089,0.57104,0.84896,0.52105,0.77733,18.5
dc_hu_harm_gptoss_eval_ai_dilemmas_loko.jsonl,none+ga1bs16,10,3,5,5,10,0.70493,0.68828,0.55955,0.6126,0.8395,0.80808,0.53817,0.65471,0.81095,0.74927,17.6
dc_hu_harm_gptoss_eval_ai_dilemmas_loko.jsonl,none+ga1bs16,10,4,5,5,10,0.783,0.79667,0.71928,0.69008,0.90722,0.81543,0.72837,0.71876,0.89516,0.84439,27.9
dc_hu_harm_gptoss_eval_ai_dilemmas_loko.jsonl,none+ga1bs16,10,5,5,5,10,0.58788,0.57706,0.5104,0.70764,0.57607,0.55739,0.50076,0.72388,0.53336,0.55024,15.4
dc_hu_harm_gptoss_eval_ai_dilemmas_loko.jsonl,none+ga1bs16,10,6,5,5,10,0.74218,0.70228,0.65123,0.86983,0.56338,0.8843,0.61905,0.80731,0.5327,0.85006,17.9
dc_hu_harm_gptoss_eval_ai_dilemmas_loko.jsonl,none+ga1bs16,10,7,5,5,10,0.79659,0.77278,0.91682,0.79545,0.50713,0.96694,0.89522,0.76409,0.4874,0.9444,18.8
dc_hu_harm_gptoss_eval_ai_dilemmas_loko.jsonl,none+ga1bs16,6,0,3,3,6,0.70039,0.71989,0.58318,0.53719,0.9452,0.736,0.57829,0.64023,0.9212,0.73985,33.0
dc_hu_harm_gptoss_eval_ai_dilemmas_loko.jsonl,none+ga1bs16,6,1,3,3,6,0.5806,0.59985,0.57278,0.36674,0.80163,0.58127,0.53255,0.49744,0.84436,0.52504,16.0
dc_hu_harm_gptoss_eval_ai_dilemmas_loko.jsonl,none+ga1bs16,6,2,3,3,6,0.73779,0.70644,0.63611,0.88533,0.51604,0.91368,0.62478,0.82156,0.50711,0.87229,25.9
dc_hu_harm_gptoss_eval_ai_dilemmas_loko.jsonl,none+ga1bs16,6,3,3,3,6,0.73211,0.69402,0.63894,0.8688,0.57084,0.84986,0.58326,0.7838,0.55854,0.85048,25.2
dc_hu_harm_gptoss_eval_ai_dilemmas_loko.jsonl,none+ga1bs16,6,4,3,3,6,0.56583,0.62429,0.49527,0.49277,0.74037,0.53489,0.4934,0.681,0.75002,0.57273,14.6
dc_hu_harm_gptoss_eval_ai_dilemmas_loko.jsonl,none+ga1bs16,6,5,3,3,6,0.60221,0.64641,0.52174,0.4876,0.75718,0.64233,0.51849,0.62052,0.79541,0.65124,14.8
dc_hu_harm_gptoss_eval_ai_dilemmas_loko.jsonl,none+ga1bs16,6,6,3,3,6,0.51651,0.51472,0.46881,0.57335,0.5372,0.48669,0.48562,0.56872,0.51531,0.48922,15.7
dc_hu_harm_gptoss_eval_ai_dilemmas_loko.jsonl,none+ga1bs16,6,7,3,3,6,0.78599,0.81236,0.73346,0.51756,0.94943,0.94353,0.76806,0.60615,0.95279,0.92243,25.5
dc_hu_harm_gptoss_eval_ai_dilemmas_loko.jsonl,none+ga1bs16,4,0,2,2,4,0.621,0.64751,0.5293,0.60537,0.79194,0.55739,0.51481,0.71931,0.79204,0.56388,18.1
dc_hu_harm_gptoss_eval_ai_dilemmas_loko.jsonl,none+ga1bs16,4,1,2,2,4,0.70082,0.67426,0.65879,0.80785,0.46291,0.87374,0.60143,0.78358,0.478,0.83403,19.8
dc_hu_harm_gptoss_eval_ai_dilemmas_loko.jsonl,none+ga1bs16,4,2,2,2,4,0.58449,0.58138,0.51418,0.8688,0.42883,0.52617,0.50551,0.8493,0.443,0.5277,17.0
dc_hu_harm_gptoss_eval_ai_dilemmas_loko.jsonl,none+ga1bs16,4,3,2,2,4,0.51073,0.55239,0.50945,0.26446,0.7309,0.53811,0.49913,0.43194,0.73559,0.5429,14.1
dc_hu_harm_gptoss_eval_ai_dilemmas_loko.jsonl,none+ga1bs16,4,4,2,2,4,0.57468,0.58372,0.49905,0.83161,0.44052,0.52755,0.50681,0.8327,0.46219,0.53316,18.1
dc_hu_harm_gptoss_eval_ai_dilemmas_loko.jsonl,none+ga1bs16,4,5,2,2,4,0.59912,0.58742,0.53686,0.85124,0.43217,0.57622,0.53893,0.8082,0.44403,0.55852,25.6
dc_hu_harm_gptoss_eval_ai_dilemmas_loko.jsonl,none+ga1bs16,4,6,2,2,4,0.63809,0.63137,0.57278,0.3657,0.955,0.65886,0.54617,0.42894,0.9616,0.58877,18.7
dc_hu_harm_gptoss_eval_ai_dilemmas_loko.jsonl,none+ga1bs16,4,7,2,2,4,0.63642,0.60388,0.52363,0.83678,0.45389,0.7314,0.53558,0.77757,0.4479,0.65447,26.1
dc_hu_harm_gptoss_eval_ai_dilemmas_loko.jsonl,none+ga1bs16,2,0,1,1,2,0.54909,0.55449,0.49716,0.58471,0.59289,0.52158,0.50108,0.63644,0.56825,0.51218,16.7
dc_hu_harm_gptoss_eval_ai_dilemmas_loko.jsonl,none+ga1bs16,2,1,1,1,2,0.63103,0.64451,0.54159,0.54752,0.8914,0.54362,0.54044,0.65783,0.82929,0.5505,28.2
dc_hu_harm_gptoss_eval_ai_dilemmas_loko.jsonl,none+ga1bs16,2,2,1,1,2,0.54685,0.54884,0.47921,0.56508,0.61417,0.52893,0.49276,0.61706,0.57494,0.51062,14.6
dc_hu_harm_gptoss_eval_ai_dilemmas_loko.jsonl,none+ga1bs16,2,3,1,1,2,0.54208,0.56547,0.49244,0.40289,0.75418,0.51882,0.49697,0.48797,0.76461,0.51234,17.0
dc_hu_harm_gptoss_eval_ai_dilemmas_loko.jsonl,none+ga1bs16,2,4,1,1,2,0.59787,0.57312,0.5482,0.78719,0.46703,0.58907,0.55179,0.73079,0.4557,0.5542,18.4
dc_hu_harm_gptoss_eval_ai_dilemmas_loko.jsonl,none+ga1bs16,2,5,1,1,2,0.63396,0.63674,0.55293,0.60124,0.7926,0.58907,0.52303,0.67309,0.77166,0.57919,24.7
dc_hu_harm_gptoss_eval_ai_dilemmas_loko.jsonl,none+ga1bs16,2,6,1,1,2,0.54858,0.60465,0.50095,0.34711,0.89218,0.45409,0.4973,0.55502,0.90001,0.46626,15.9
dc_hu_harm_gptoss_eval_ai_dilemmas_loko.jsonl,none+ga1bs16,2,7,1,1,2,0.62479,0.62846,0.57183,0.81198,0.4785,0.63682,0.56942,0.84117,0.47441,0.62885,17.2
dc_hu_harm_gptoss_eval_ant_hh_kind.jsonl,none+ga5bs16,80,0,40,40,80,0.57829,0.59101,0.50095,0.83781,0.44409,0.5303,0.51103,0.83382,0.47077,0.54842,26.6
dc_hu_harm_gptoss_eval_ant_hh_kind.jsonl,none+ga5bs16,80,1,40,40,80,0.63381,0.63416,0.53025,0.81612,0.57362,0.61524,0.53839,0.82524,0.55391,0.61912,24.6
dc_hu_harm_gptoss_eval_ant_hh_kind.jsonl,none+ga5bs16,80,2,40,40,80,0.61953,0.62456,0.53025,0.81198,0.5225,0.61341,0.54401,0.83159,0.51411,0.60855,26.5
dc_hu_harm_gptoss_eval_ant_hh_kind.jsonl,none+ga5bs16,80,3,40,40,80,0.57659,0.5888,0.49905,0.79132,0.49532,0.52066,0.50378,0.83281,0.48169,0.53691,22.2
dc_hu_harm_gptoss_eval_ant_hh_kind.jsonl,none+ga5bs16,80,4,40,40,80,0.56874,0.58033,0.49716,0.79649,0.45467,0.52663,0.50789,0.8278,0.45016,0.53545,18.6
dc_hu_harm_gptoss_eval_ant_hh_kind.jsonl,none+ga5bs16,80,5,40,40,80,0.57863,0.59052,0.50851,0.80269,0.45556,0.54775,0.51773,0.83415,0.45947,0.55071,19.8
dc_hu_harm_gptoss_eval_ant_hh_kind.jsonl,none+ga5bs16,80,6,40,40,80,0.59148,0.59906,0.51134,0.80579,0.48819,0.56061,0.51492,0.83727,0.48426,0.55977,25.7
dc_hu_harm_gptoss_eval_ant_hh_kind.jsonl,none+ga5bs16,80,7,40,40,80,0.61006,0.59977,0.51701,0.85124,0.47739,0.59458,0.52963,0.81922,0.47318,0.57705,20.7
dc_hu_harm_gptoss_eval_ant_hh_kind.jsonl,none+ga4bs16,50,0,25,25,50,0.54369,0.57353,0.4896,0.65289,0.52952,0.50275,0.50087,0.76877,0.51377,0.51072,19.1
dc_hu_harm_gptoss_eval_ant_hh_kind.jsonl,none+ga4bs16,50,1,25,25,50,0.61133,0.60215,0.5,0.84298,0.46413,0.6382,0.51027,0.83203,0.46877,0.59751,18.2
dc_hu_harm_gptoss_eval_ant_hh_kind.jsonl,none+ga4bs16,50,2,25,25,50,0.58581,0.58211,0.5,0.83161,0.4648,0.54683,0.49978,0.82023,0.47792,0.53051,18.2
dc_hu_harm_gptoss_eval_ant_hh_kind.jsonl,none+ga4bs16,50,3,25,25,50,0.62823,0.62887,0.53497,0.77273,0.45589,0.74931,0.56845,0.79071,0.45795,0.69835,22.8
dc_hu_harm_gptoss_eval_ant_hh_kind.jsonl,none+ga4bs16,50,4,25,25,50,0.5817,0.60005,0.5189,0.69628,0.57763,0.53398,0.51968,0.80575,0.54417,0.53061,25.8
dc_hu_harm_gptoss_eval_ant_hh_kind.jsonl,none+ga4bs16,50,5,25,25,50,0.57431,0.56467,0.4603,0.85331,0.41245,0.57117,0.49265,0.80207,0.41466,0.5493,19.2
dc_hu_harm_gptoss_eval_ant_hh_kind.jsonl,none+ga4bs16,50,6,25,25,50,0.59158,0.59283,0.50095,0.82128,0.46926,0.57484,0.5066,0.83571,0.48169,0.54732,17.9
dc_hu_harm_gptoss_eval_ant_hh_kind.jsonl,none+ga4bs16,50,7,25,25,50,0.58373,0.57612,0.49811,0.77996,0.5137,0.54316,0.50584,0.77189,0.49589,0.53087,23.3
dc_hu_harm_gptoss_eval_ant_hh_kind.jsonl,none+ga2bs16,30,0,15,15,30,0.58821,0.5894,0.5104,0.81612,0.4726,0.55372,0.52422,0.82223,0.46591,0.54524,18.8
dc_hu_harm_gptoss_eval_ant_hh_kind.jsonl,none+ga2bs16,30,1,15,15,30,0.59497,0.62764,0.51512,0.73037,0.56828,0.56612,0.54304,0.82758,0.55091,0.58903,23.7
dc_hu_harm_gptoss_eval_ant_hh_kind.jsonl,none+ga2bs16,30,2,15,15,30,0.57296,0.57731,0.50662,0.83058,0.44821,0.50643,0.50584,0.82914,0.45499,0.51926,16.1
dc_hu_harm_gptoss_eval_ant_hh_kind.jsonl,none+ga2bs16,30,3,15,15,30,0.59171,0.58454,0.50473,0.83264,0.48998,0.53949,0.50735,0.81031,0.49285,0.52764,16.2
dc_hu_harm_gptoss_eval_ant_hh_kind.jsonl,none+ga2bs16,30,4,15,15,30,0.56362,0.57158,0.50851,0.7314,0.47783,0.53673,0.5146,0.7769,0.47004,0.52478,15.3
dc_hu_harm_gptoss_eval_ant_hh_kind.jsonl,none+ga2bs16,30,5,15,15,30,0.55588,0.56537,0.49905,0.72624,0.4941,0.50413,0.5026,0.7515,0.48646,0.52093,16.7
dc_hu_harm_gptoss_eval_ant_hh_kind.jsonl,none+ga2bs16,30,6,15,15,30,0.57844,0.58807,0.49716,0.83471,0.46491,0.51699,0.504,0.85175,0.469,0.52754,17.1
dc_hu_harm_gptoss_eval_ant_hh_kind.jsonl,none+ga2bs16,30,7,15,15,30,0.58569,0.58464,0.50095,0.7562,0.5489,0.53673,0.51492,0.78358,0.51485,0.5252,17.9
dc_hu_harm_gptoss_eval_ant_hh_kind.jsonl,none+ga2bs16,20,0,10,10,20,0.56449,0.57003,0.49811,0.74793,0.51604,0.49587,0.5027,0.75295,0.50386,0.52062,18.3
dc_hu_harm_gptoss_eval_ant_hh_kind.jsonl,none+ga2bs16,20,1,10,10,20,0.58708,0.59637,0.49338,0.78719,0.52139,0.54637,0.50022,0.84217,0.50795,0.53514,22.2
dc_hu_harm_gptoss_eval_ant_hh_kind.jsonl,none+ga2bs16,20,2,10,10,20,0.56984,0.5598,0.49716,0.75413,0.5391,0.48898,0.50087,0.73257,0.51087,0.4949,14.5
dc_hu_harm_gptoss_eval_ant_hh_kind.jsonl,none+ga2bs16,20,3,10,10,20,0.57616,0.57971,0.51607,0.71591,0.46291,0.60973,0.52357,0.7603,0.47166,0.56331,17.7
dc_hu_harm_gptoss_eval_ant_hh_kind.jsonl,none+ga2bs16,20,4,10,10,20,0.60124,0.58498,0.49433,0.8626,0.46035,0.5877,0.50476,0.82491,0.46486,0.5454,28.4
dc_hu_harm_gptoss_eval_ant_hh_kind.jsonl,none+ga2bs16,20,5,10,10,20,0.59887,0.59551,0.52741,0.76136,0.54611,0.56061,0.51319,0.76732,0.53175,0.56976,20.7
dc_hu_harm_gptoss_eval_ant_hh_kind.jsonl,none+ga2bs16,20,6,10,10,20,0.58173,0.58098,0.50851,0.81612,0.46558,0.53673,0.51362,0.81822,0.46844,0.52364,16.6
dc_hu_harm_gptoss_eval_ant_hh_kind.jsonl,none+ga2bs16,20,7,10,10,20,0.60624,0.64323,0.50284,0.65909,0.78692,0.47612,0.50108,0.7701,0.77574,0.52598,28.5
dc_hu_harm_gptoss_eval_ant_hh_kind.jsonl,none+ga1bs16,10,0,5,5,10,0.56845,0.57242,0.48488,0.7407,0.5528,0.49541,0.49849,0.76632,0.52564,0.49922,16.7
dc_hu_harm_gptoss_eval_ant_hh_kind.jsonl,none+ga1bs16,10,1,5,5,10,0.5068,0.51296,0.47637,0.52066,0.59122,0.43893,0.48292,0.56605,0.56398,0.43888,15.8
dc_hu_harm_gptoss_eval_ant_hh_kind.jsonl,none+ga1bs16,10,2,5,5,10,0.58317,0.57441,0.51701,0.72727,0.57095,0.51745,0.53904,0.72098,0.52149,0.51614,18.1
dc_hu_harm_gptoss_eval_ant_hh_kind.jsonl,none+ga1bs16,10,3,5,5,10,0.5838,0.58232,0.50189,0.84091,0.47494,0.51745,0.5133,0.83538,0.46925,0.51135,16.7
dc_hu_harm_gptoss_eval_ant_hh_kind.jsonl,none+ga1bs16,10,4,5,5,10,0.5801,0.57935,0.49527,0.80682,0.49488,0.52342,0.50887,0.80385,0.48178,0.52291,13.9
dc_hu_harm_gptoss_eval_ant_hh_kind.jsonl,none+ga1bs16,10,5,5,5,10,0.59325,0.5862,0.52079,0.76033,0.52807,0.56382,0.52184,0.78514,0.50251,0.5353,17.0
dc_hu_harm_gptoss_eval_ant_hh_kind.jsonl,none+ga1bs16,10,6,5,5,10,0.56077,0.59897,0.49149,0.63223,0.64368,0.47567,0.50357,0.76164,0.61512,0.51557,16.9
dc_hu_harm_gptoss_eval_ant_hh_kind.jsonl,none+ga1bs16,10,7,5,5,10,0.54889,0.56786,0.46975,0.59814,0.66073,0.46694,0.48486,0.72711,0.57112,0.48834,16.4
dc_hu_harm_gptoss_eval_ant_hh_kind.jsonl,none+ga1bs16,6,0,3,3,6,0.5659,0.55199,0.50284,0.67562,0.53052,0.55464,0.51698,0.64892,0.49597,0.54607,19.6
dc_hu_harm_gptoss_eval_ant_hh_kind.jsonl,none+ga1bs16,6,1,3,3,6,0.59761,0.587,0.53592,0.87603,0.4335,0.545,0.52855,0.82814,0.44974,0.5416,16.1
dc_hu_harm_gptoss_eval_ant_hh_kind.jsonl,none+ga1bs16,6,2,3,3,6,0.59508,0.57696,0.51323,0.75723,0.53408,0.57576,0.51817,0.74092,0.49637,0.55237,14.4
dc_hu_harm_gptoss_eval_ant_hh_kind.jsonl,none+ga1bs16,6,3,3,3,6,0.54428,0.5599,0.49811,0.51653,0.6781,0.48439,0.50811,0.57596,0.64933,0.5062,15.4
dc_hu_harm_gptoss_eval_ant_hh_kind.jsonl,none+ga1bs16,6,4,3,3,6,0.59516,0.59755,0.51323,0.79339,0.53408,0.53994,0.51611,0.81588,0.50469,0.55352,16.2
dc_hu_harm_gptoss_eval_ant_hh_kind.jsonl,none+ga1bs16,6,5,3,3,6,0.61142,0.59422,0.5104,0.82231,0.49543,0.61754,0.53071,0.79539,0.47649,0.57429,15.7
dc_hu_harm_gptoss_eval_ant_hh_kind.jsonl,none+ga1bs16,6,6,3,3,6,0.54122,0.55739,0.49622,0.50207,0.66797,0.49862,0.50032,0.58398,0.65695,0.48829,15.9
dc_hu_harm_gptoss_eval_ant_hh_kind.jsonl,none+ga1bs16,6,7,3,3,6,0.60636,0.60297,0.51134,0.78099,0.56193,0.57117,0.51287,0.81878,0.54673,0.53353,14.8
dc_hu_harm_gptoss_eval_ant_hh_kind.jsonl,none+ga1bs16,4,0,2,2,4,0.56291,0.5643,0.50945,0.80579,0.40978,0.52663,0.50897,0.7926,0.43115,0.52447,21.6
dc_hu_harm_gptoss_eval_ant_hh_kind.jsonl,none+ga1bs16,4,1,2,2,4,0.53275,0.53331,0.4811,0.44215,0.69949,0.50826,0.49286,0.48507,0.66553,0.4898,15.3
dc_hu_harm_gptoss_eval_ant_hh_kind.jsonl,none+ga1bs16,4,2,2,2,4,0.57862,0.58133,0.53214,0.77066,0.42994,0.58173,0.53233,0.80675,0.43864,0.54758,17.7
dc_hu_harm_gptoss_eval_ant_hh_kind.jsonl,none+ga1bs16,4,3,2,2,4,0.52205,0.53892,0.49338,0.45455,0.61272,0.52755,0.49221,0.54054,0.59829,0.52463,16.2
dc_hu_harm_gptoss_eval_ant_hh_kind.jsonl,none+ga1bs16,4,4,2,2,4,0.58895,0.60108,0.51134,0.58368,0.78191,0.47888,0.52476,0.70205,0.69766,0.47985,14.5
dc_hu_harm_gptoss_eval_ant_hh_kind.jsonl,none+ga1bs16,4,5,2,2,4,0.56389,0.57862,0.47543,0.60744,0.72043,0.45225,0.48767,0.6947,0.6668,0.46533,15.1
dc_hu_harm_gptoss_eval_ant_hh_kind.jsonl,none+ga1bs16,4,6,2,2,4,0.61467,0.60939,0.54537,0.75413,0.5352,0.62397,0.53958,0.79093,0.51865,0.5884,17.2
dc_hu_harm_gptoss_eval_ant_hh_kind.jsonl,none+ga1bs16,4,7,2,2,4,0.59862,0.60278,0.49055,0.70558,0.66117,0.53719,0.51265,0.73825,0.63514,0.52509,14.8
dc_hu_harm_gptoss_eval_ant_hh_kind.jsonl,none+ga1bs16,2,0,1,1,2,0.60242,0.58609,0.50378,0.76653,0.6233,0.51607,0.50281,0.7544,0.58417,0.50297,19.9
dc_hu_harm_gptoss_eval_ant_hh_kind.jsonl,none+ga1bs16,2,1,1,1,2,0.57234,0.56984,0.51134,0.79236,0.49209,0.49357,0.51881,0.78046,0.48111,0.49896,27.0
dc_hu_harm_gptoss_eval_ant_hh_kind.jsonl,none+ga1bs16,2,2,1,1,2,0.5761,0.59724,0.48866,0.56612,0.75284,0.49679,0.4974,0.65393,0.72611,0.51151,15.3
dc_hu_harm_gptoss_eval_ant_hh_kind.jsonl,none+ga1bs16,2,3,1,1,2,0.60435,0.60892,0.52268,0.73657,0.57273,0.5854,0.52087,0.82312,0.55201,0.53967,16.1
dc_hu_harm_gptoss_eval_ant_hh_kind.jsonl,none+ga1bs16,2,4,1,1,2,0.58414,0.62465,0.49433,0.71488,0.63333,0.49403,0.51298,0.8337,0.63871,0.51322,17.2
dc_hu_harm_gptoss_eval_ant_hh_kind.jsonl,none+ga1bs16,2,5,1,1,2,0.6122,0.60223,0.48677,0.78409,0.58242,0.5955,0.5106,0.79706,0.55639,0.54488,16.6
dc_hu_harm_gptoss_eval_ant_hh_kind.jsonl,none+ga1bs16,2,6,1,1,2,0.58076,0.59491,0.5293,0.69938,0.51816,0.57622,0.52682,0.77991,0.51266,0.56024,14.6
dc_hu_harm_gptoss_eval_ant_hh_kind.jsonl,none+ga1bs16,2,7,1,1,2,0.6314,0.63484,0.60491,0.75413,0.53018,0.63636,0.61721,0.83125,0.51405,0.57684,19.3
dc_hu_harm_gptoss_eval_ant_hh_loko.jsonl,none+ga22bs16,350,0,175,175,350,0.8731,0.88329,0.93384,0.6343,0.93161,0.99265,0.9614,0.7006,0.8976,0.97355,38.0
dc_hu_harm_gptoss_eval_ant_hh_loko.jsonl,none+ga22bs16,350,1,175,175,350,0.87372,0.88807,0.95274,0.60847,0.94286,0.99082,0.9787,0.68289,0.91263,0.97808,33.7
dc_hu_harm_gptoss_eval_ant_hh_loko.jsonl,none+ga22bs16,350,2,175,175,350,0.87581,0.89072,0.94518,0.64669,0.91824,0.99311,0.96875,0.7211,0.89088,0.98214,34.3
dc_hu_harm_gptoss_eval_ant_hh_loko.jsonl,none+ga22bs16,350,3,175,175,350,0.8685,0.86671,0.89225,0.69215,0.90154,0.98806,0.91166,0.71976,0.86,0.97543,31.1
dc_hu_harm_gptoss_eval_ant_hh_loko.jsonl,none+ga22bs16,350,4,175,175,350,0.89621,0.88333,0.96503,0.71694,0.90655,0.99633,0.97762,0.71063,0.8671,0.97798,33.7
dc_hu_harm_gptoss_eval_ant_hh_loko.jsonl,none+ga22bs16,350,5,175,175,350,0.89414,0.88743,0.97353,0.69731,0.90755,0.99816,0.98562,0.71464,0.86532,0.98412,32.0
dc_hu_harm_gptoss_eval_ant_hh_loko.jsonl,none+ga22bs16,350,6,175,175,350,0.88329,0.8826,0.9414,0.69215,0.91613,0.98347,0.96907,0.71074,0.8776,0.97298,30.6
dc_hu_harm_gptoss_eval_ant_hh_loko.jsonl,none+ga22bs16,350,7,175,175,350,0.89139,0.88188,0.97164,0.70145,0.8943,0.99816,0.9801,0.71653,0.8465,0.98438,35.5
dc_hu_harm_gptoss_eval_ant_hh_loko.jsonl,none+ga11bs16,170,0,85,85,170,0.86544,0.88188,0.93667,0.59814,0.94119,0.98577,0.94323,0.69091,0.92306,0.97032,25.9
dc_hu_harm_gptoss_eval_ant_hh_loko.jsonl,none+ga11bs16,170,1,85,85,170,0.81458,0.83652,0.81664,0.59711,0.88037,0.96419,0.8045,0.69347,0.88679,0.96132,24.5
dc_hu_harm_gptoss_eval_ant_hh_loko.jsonl,none+ga11bs16,170,2,85,85,170,0.859,0.87299,0.93006,0.57335,0.93629,0.99633,0.94918,0.66151,0.90711,0.97418,23.8
dc_hu_harm_gptoss_eval_ant_hh_loko.jsonl,none+ga11bs16,170,3,85,85,170,0.80255,0.8312,0.78261,0.63636,0.84908,0.94215,0.78936,0.73658,0.84604,0.95283,26.9
dc_hu_harm_gptoss_eval_ant_hh_loko.jsonl,none+ga11bs16,170,4,85,85,170,0.8691,0.88093,0.96408,0.63843,0.88171,0.99219,0.96929,0.70238,0.87276,0.97928,23.8
dc_hu_harm_gptoss_eval_ant_hh_loko.jsonl,none+ga11bs16,170,5,85,85,170,0.87543,0.88302,0.97448,0.63636,0.89686,0.99403,0.97708,0.70194,0.86801,0.98506,26.2
dc_hu_harm_gptoss_eval_ant_hh_loko.jsonl,none+ga11bs16,170,6,85,85,170,0.86881,0.89019,0.9206,0.61364,0.96213,0.97888,0.94885,0.70818,0.94183,0.96189,23.8
dc_hu_harm_gptoss_eval_ant_hh_loko.jsonl,none+ga11bs16,170,7,85,85,170,0.89942,0.88888,0.97353,0.70455,0.92604,0.99357,0.97881,0.71252,0.88464,0.97954,21.1
dc_hu_harm_gptoss_eval_ant_hh_loko.jsonl,none+ga7bs16,110,0,55,55,110,0.86885,0.88913,0.93478,0.63017,0.92972,0.98072,0.94042,0.72065,0.92269,0.97277,23.7
dc_hu_harm_gptoss_eval_ant_hh_loko.jsonl,none+ga7bs16,110,1,55,55,110,0.83916,0.85537,0.90832,0.66426,0.82769,0.95638,0.92074,0.70762,0.82487,0.96824,22.4
dc_hu_harm_gptoss_eval_ant_hh_loko.jsonl,none+ga7bs16,110,2,55,55,110,0.84812,0.85875,0.9603,0.58471,0.86768,0.9798,0.94604,0.66195,0.84825,0.97876,19.9
dc_hu_harm_gptoss_eval_ant_hh_loko.jsonl,none+ga7bs16,110,3,55,55,110,0.85544,0.86483,0.9225,0.67045,0.86188,0.96694,0.94702,0.69659,0.85225,0.96345,20.0
dc_hu_harm_gptoss_eval_ant_hh_loko.jsonl,none+ga7bs16,110,4,55,55,110,0.86682,0.87347,0.95463,0.63636,0.89742,0.97888,0.94377,0.69993,0.8764,0.97376,20.6
dc_hu_harm_gptoss_eval_ant_hh_loko.jsonl,none+ga7bs16,110,5,55,55,110,0.81008,0.82152,0.81285,0.6343,0.87213,0.92103,0.78363,0.70717,0.85016,0.94513,23.8
dc_hu_harm_gptoss_eval_ant_hh_loko.jsonl,none+ga7bs16,110,6,55,55,110,0.80142,0.81647,0.76087,0.69008,0.83326,0.92149,0.76741,0.74025,0.82099,0.93721,19.7
dc_hu_harm_gptoss_eval_ant_hh_loko.jsonl,none+ga7bs16,110,7,55,55,110,0.83824,0.85803,0.8913,0.61364,0.86912,0.97888,0.91058,0.69592,0.85013,0.97548,18.8
dc_hu_harm_gptoss_eval_ant_hh_loko.jsonl,none+ga5bs16,80,0,40,40,80,0.80156,0.81407,0.72684,0.61674,0.90399,0.95868,0.73281,0.68089,0.89199,0.95059,20.5
dc_hu_harm_gptoss_eval_ant_hh_loko.jsonl,none+ga5bs16,80,1,40,40,80,0.8536,0.86974,0.8913,0.59917,0.93952,0.98439,0.89695,0.69837,0.91325,0.97038,17.0
dc_hu_harm_gptoss_eval_ant_hh_loko.jsonl,none+ga5bs16,80,2,40,40,80,0.87641,0.88871,0.95558,0.61054,0.95099,0.98852,0.97902,0.68144,0.92078,0.9736,18.8
dc_hu_harm_gptoss_eval_ant_hh_loko.jsonl,none+ga5bs16,80,3,40,40,80,0.76107,0.78573,0.68998,0.6188,0.83927,0.89624,0.66414,0.71007,0.85939,0.90931,21.4
dc_hu_harm_gptoss_eval_ant_hh_loko.jsonl,none+ga5bs16,80,4,40,40,80,0.84459,0.85215,0.86484,0.66116,0.88082,0.97153,0.8697,0.71263,0.8665,0.95976,18.9
dc_hu_harm_gptoss_eval_ant_hh_loko.jsonl,none+ga5bs16,80,5,40,40,80,0.81557,0.8362,0.79301,0.58884,0.92036,0.96006,0.80266,0.6898,0.90845,0.94388,17.3
dc_hu_harm_gptoss_eval_ant_hh_loko.jsonl,none+ga5bs16,80,6,40,40,80,0.86213,0.86977,0.91021,0.68182,0.89508,0.96143,0.8963,0.73925,0.88061,0.96293,19.2
dc_hu_harm_gptoss_eval_ant_hh_loko.jsonl,none+ga5bs16,80,7,40,40,80,0.83848,0.84511,0.87429,0.67562,0.85542,0.94858,0.87489,0.71007,0.8402,0.95528,18.7
dc_hu_harm_gptoss_eval_ant_hh_loko.jsonl,none+ga4bs16,50,0,25,25,50,0.8752,0.87072,0.91777,0.70351,0.90432,0.97521,0.94994,0.67788,0.87871,0.97636,20.6
dc_hu_harm_gptoss_eval_ant_hh_loko.jsonl,none+ga4bs16,50,1,25,25,50,0.87502,0.85697,0.96125,0.70868,0.85542,0.97475,0.93296,0.69481,0.8303,0.9698,21.6
dc_hu_harm_gptoss_eval_ant_hh_loko.jsonl,none+ga4bs16,50,2,25,25,50,0.83386,0.83857,0.90076,0.625,0.87993,0.92975,0.85716,0.67431,0.88131,0.94148,18.9
dc_hu_harm_gptoss_eval_ant_hh_loko.jsonl,none+ga4bs16,50,3,25,25,50,0.8348,0.85541,0.85444,0.63223,0.8943,0.95822,0.8723,0.68556,0.9025,0.96127,17.0
dc_hu_harm_gptoss_eval_ant_hh_loko.jsonl,none+ga4bs16,50,4,25,25,50,0.81681,0.84347,0.82987,0.58471,0.89307,0.9596,0.83932,0.68033,0.89085,0.9634,17.3
dc_hu_harm_gptoss_eval_ant_hh_loko.jsonl,none+ga4bs16,50,5,25,25,50,0.88042,0.86475,0.96786,0.58678,0.98908,0.97796,0.92452,0.58766,0.97769,0.96913,22.9
dc_hu_harm_gptoss_eval_ant_hh_loko.jsonl,none+ga4bs16,50,6,25,25,50,0.82463,0.8403,0.84405,0.59504,0.88928,0.97016,0.86603,0.66429,0.86859,0.96231,18.3
dc_hu_harm_gptoss_eval_ant_hh_loko.jsonl,none+ga4bs16,50,7,25,25,50,0.86573,0.85909,0.96786,0.55785,0.95467,0.98255,0.93372,0.61172,0.9258,0.96512,16.8
dc_hu_harm_gptoss_eval_ant_hh_loko.jsonl,none+ga2bs16,30,0,15,15,30,0.85129,0.85316,0.88374,0.65083,0.911,0.9596,0.84559,0.69782,0.90105,0.96819,21.3
dc_hu_harm_gptoss_eval_ant_hh_loko.jsonl,none+ga2bs16,30,1,15,15,30,0.84656,0.86227,0.8535,0.6157,0.9423,0.97475,0.85554,0.69849,0.9226,0.97246,15.3
dc_hu_harm_gptoss_eval_ant_hh_loko.jsonl,none+ga2bs16,30,2,15,15,30,0.87124,0.87477,0.96786,0.6219,0.92459,0.97062,0.94301,0.70172,0.8822,0.97215,18.6
dc_hu_harm_gptoss_eval_ant_hh_loko.jsonl,none+ga2bs16,30,3,15,15,30,0.84794,0.87667,0.8242,0.67459,0.94074,0.95225,0.87176,0.76242,0.91516,0.95736,15.2
dc_hu_harm_gptoss_eval_ant_hh_loko.jsonl,none+ga2bs16,30,4,15,15,30,0.86582,0.87748,1.0,0.54752,0.92493,0.99082,0.9721,0.64558,0.91109,0.98115,16.2
dc_hu_harm_gptoss_eval_ant_hh_loko.jsonl,none+ga2bs16,30,5,15,15,30,0.85991,0.85568,0.8828,0.71178,0.88316,0.96189,0.87284,0.73201,0.86285,0.95502,16.6
dc_hu_harm_gptoss_eval_ant_hh_loko.jsonl,none+ga2bs16,30,6,15,15,30,0.86307,0.86254,0.92817,0.59917,0.9589,0.96602,0.9082,0.62843,0.94406,0.96949,27.0
dc_hu_harm_gptoss_eval_ant_hh_loko.jsonl,none+ga2bs16,30,7,15,15,30,0.90506,0.88366,0.97164,0.69525,0.96347,0.9899,0.98183,0.62553,0.94426,0.98303,30.3
dc_hu_harm_gptoss_eval_ant_hh_loko.jsonl,none+ga2bs16,20,0,10,10,20,0.7432,0.72416,0.71928,0.80682,0.52016,0.92654,0.66923,0.79038,0.50513,0.9319,17.2
dc_hu_harm_gptoss_eval_ant_hh_loko.jsonl,none+ga2bs16,20,1,10,10,20,0.8874,0.89013,0.99622,0.62087,0.9325,1.0,0.99265,0.6879,0.89771,0.98225,17.9
dc_hu_harm_gptoss_eval_ant_hh_loko.jsonl,none+ga2bs16,20,2,10,10,20,0.75071,0.74037,0.63611,0.6281,0.86489,0.87374,0.609,0.60904,0.87584,0.86761,17.9
dc_hu_harm_gptoss_eval_ant_hh_loko.jsonl,none+ga2bs16,20,3,10,10,20,0.75746,0.77625,0.66352,0.59091,0.87091,0.9045,0.67031,0.67454,0.85667,0.90348,16.3
dc_hu_harm_gptoss_eval_ant_hh_loko.jsonl,none+ga2bs16,20,4,10,10,20,0.85128,0.85788,0.87335,0.58781,0.95957,0.98439,0.85759,0.64324,0.96069,0.97001,30.7
dc_hu_harm_gptoss_eval_ant_hh_loko.jsonl,none+ga2bs16,20,5,10,10,20,0.70304,0.70094,0.55577,0.59194,0.86556,0.7989,0.56174,0.63321,0.84731,0.76151,30.7
dc_hu_harm_gptoss_eval_ant_hh_loko.jsonl,none+ga2bs16,20,6,10,10,20,0.82026,0.82289,0.84216,0.63533,0.86601,0.93756,0.83683,0.63867,0.85603,0.96002,14.3
dc_hu_harm_gptoss_eval_ant_hh_loko.jsonl,none+ga2bs16,20,7,10,10,20,0.74583,0.76962,0.59452,0.64256,0.84863,0.89761,0.59526,0.76041,0.85424,0.86854,16.9
dc_hu_harm_gptoss_eval_ant_hh_loko.jsonl,none+ga1bs16,10,0,5,5,10,0.67116,0.69993,0.54348,0.56612,0.87625,0.69881,0.53536,0.74738,0.84334,0.67363,20.2
dc_hu_harm_gptoss_eval_ant_hh_loko.jsonl,none+ga1bs16,10,1,5,5,10,0.61112,0.63411,0.51418,0.60744,0.79394,0.52893,0.50919,0.69492,0.79174,0.54061,15.1
dc_hu_harm_gptoss_eval_ant_hh_loko.jsonl,none+ga1bs16,10,2,5,5,10,0.5912,0.60066,0.5104,0.49587,0.81767,0.54086,0.504,0.56783,0.79525,0.53556,15.2
dc_hu_harm_gptoss_eval_ant_hh_loko.jsonl,none+ga1bs16,10,3,5,5,10,0.72817,0.71069,0.64461,0.85434,0.54366,0.87006,0.61548,0.81811,0.54089,0.86828,18.2
dc_hu_harm_gptoss_eval_ant_hh_loko.jsonl,none+ga1bs16,10,4,5,5,10,0.75747,0.76399,0.73724,0.47624,0.8894,0.927,0.68891,0.58855,0.86314,0.91535,15.7
dc_hu_harm_gptoss_eval_ant_hh_loko.jsonl,none+ga1bs16,10,5,5,5,10,0.6999,0.69079,0.6465,0.64669,0.86957,0.63682,0.57937,0.65159,0.82339,0.70882,25.8
dc_hu_harm_gptoss_eval_ant_hh_loko.jsonl,none+ga1bs16,10,6,5,5,10,0.53359,0.55379,0.50567,0.48347,0.63878,0.50643,0.50303,0.58131,0.60436,0.52645,14.5
dc_hu_harm_gptoss_eval_ant_hh_loko.jsonl,none+ga1bs16,10,7,5,5,10,0.63258,0.65096,0.54537,0.56921,0.86523,0.55051,0.53579,0.67042,0.81334,0.58429,16.2
dc_hu_harm_gptoss_eval_ant_hh_loko.jsonl,none+ga1bs16,6,0,3,3,6,0.68905,0.69541,0.56238,0.61983,0.84028,0.7337,0.55309,0.69503,0.78165,0.75187,17.4
dc_hu_harm_gptoss_eval_ant_hh_loko.jsonl,none+ga1bs16,6,1,3,3,6,0.61825,0.63758,0.54064,0.54442,0.80898,0.57897,0.52574,0.62252,0.83856,0.56352,26.7
dc_hu_harm_gptoss_eval_ant_hh_loko.jsonl,none+ga1bs16,6,2,3,3,6,0.64353,0.64264,0.5,0.6312,0.87636,0.56657,0.49643,0.65404,0.85777,0.56232,25.0
dc_hu_harm_gptoss_eval_ant_hh_loko.jsonl,none+ga1bs16,6,3,3,3,6,0.55803,0.58951,0.49338,0.41219,0.7857,0.54086,0.49773,0.56093,0.76608,0.53332,14.4
dc_hu_harm_gptoss_eval_ant_hh_loko.jsonl,none+ga1bs16,6,4,3,3,6,0.58451,0.58237,0.51229,0.52893,0.76331,0.53352,0.50411,0.56226,0.72698,0.53613,14.9
dc_hu_harm_gptoss_eval_ant_hh_loko.jsonl,none+ga1bs16,6,5,3,3,6,0.59605,0.63269,0.51985,0.58058,0.76955,0.51423,0.51622,0.69715,0.75877,0.55862,15.4
dc_hu_harm_gptoss_eval_ant_hh_loko.jsonl,none+ga1bs16,6,6,3,3,6,0.54226,0.56227,0.50378,0.55062,0.59902,0.51561,0.50022,0.64123,0.58909,0.51853,17.4
dc_hu_harm_gptoss_eval_ant_hh_loko.jsonl,none+ga1bs16,6,7,3,3,6,0.62078,0.65142,0.53592,0.61054,0.85275,0.48393,0.53493,0.73546,0.79822,0.53707,15.5
dc_hu_harm_gptoss_eval_ant_hh_loko.jsonl,none+ga1bs16,4,0,2,2,4,0.57918,0.58923,0.51796,0.52996,0.80875,0.46006,0.51881,0.6106,0.74255,0.48495,16.8
dc_hu_harm_gptoss_eval_ant_hh_loko.jsonl,none+ga1bs16,4,1,2,2,4,0.61721,0.62258,0.59452,0.81095,0.44353,0.61983,0.61927,0.81611,0.46191,0.59303,18.6
dc_hu_harm_gptoss_eval_ant_hh_loko.jsonl,none+ga1bs16,4,2,2,2,4,0.60166,0.59538,0.54253,0.79959,0.51403,0.55051,0.55753,0.78314,0.4875,0.55336,16.9
dc_hu_harm_gptoss_eval_ant_hh_loko.jsonl,none+ga1bs16,4,3,2,2,4,0.64545,0.64521,0.569,0.82851,0.48318,0.7011,0.59905,0.79138,0.48997,0.70044,15.5
dc_hu_harm_gptoss_eval_ant_hh_loko.jsonl,none+ga1bs16,4,4,2,2,4,0.67148,0.65875,0.5397,0.82541,0.61328,0.70753,0.5346,0.82992,0.61009,0.6604,19.3
dc_hu_harm_gptoss_eval_ant_hh_loko.jsonl,none+ga1bs16,4,5,2,2,4,0.58344,0.58278,0.50095,0.53719,0.70929,0.58632,0.50162,0.58822,0.68311,0.55815,15.0
dc_hu_harm_gptoss_eval_ant_hh_loko.jsonl,none+ga1bs16,4,6,2,2,4,0.59864,0.58733,0.50378,0.79959,0.56226,0.52893,0.50692,0.7847,0.53001,0.5277,17.6
dc_hu_harm_gptoss_eval_ant_hh_loko.jsonl,none+ga1bs16,4,7,2,2,4,0.51115,0.56992,0.50567,0.29029,0.73947,0.50918,0.49903,0.49621,0.76013,0.52431,14.1
dc_hu_harm_gptoss_eval_ant_hh_loko.jsonl,none+ga1bs16,2,0,1,1,2,0.52846,0.54536,0.50189,0.42045,0.6791,0.5124,0.49957,0.48897,0.66282,0.53009,17.5
dc_hu_harm_gptoss_eval_ant_hh_loko.jsonl,none+ga1bs16,2,1,1,1,2,0.52724,0.55542,0.49244,0.41426,0.67287,0.52938,0.49632,0.52027,0.67927,0.52582,15.5
dc_hu_harm_gptoss_eval_ant_hh_loko.jsonl,none+ga1bs16,2,2,1,1,2,0.61869,0.5969,0.50473,0.62397,0.75195,0.59412,0.50097,0.60671,0.74919,0.53072,26.7
dc_hu_harm_gptoss_eval_ant_hh_loko.jsonl,none+ga1bs16,2,3,1,1,2,0.62099,0.65159,0.50756,0.6157,0.74727,0.61341,0.50746,0.73402,0.7555,0.60938,23.3
dc_hu_harm_gptoss_eval_ant_hh_loko.jsonl,none+ga1bs16,2,4,1,1,2,0.61294,0.62695,0.53781,0.87397,0.52484,0.51515,0.56737,0.85554,0.53408,0.55081,16.1
dc_hu_harm_gptoss_eval_ant_hh_loko.jsonl,none+ga1bs16,2,5,1,1,2,0.65531,0.63366,0.55009,0.54545,0.865,0.6607,0.52476,0.58376,0.7744,0.65171,16.1
dc_hu_harm_gptoss_eval_ant_hh_loko.jsonl,none+ga1bs16,2,6,1,1,2,0.56054,0.57492,0.48582,0.47727,0.71386,0.5652,0.49243,0.55391,0.70843,0.54493,16.0
dc_hu_harm_gptoss_eval_ant_hh_loko.jsonl,none+ga1bs16,2,7,1,1,2,0.53484,0.55703,0.5,0.52066,0.6008,0.51791,0.50519,0.61161,0.58911,0.52223,18.0
dc_hu_harm_gptoss_eval_balanced_refusal_kind.jsonl,none+ga5bs16,80,0,40,40,80,0.78877,0.80877,0.84405,0.40496,0.9892,0.9169,0.77779,0.53698,0.98488,0.93544,26.4
dc_hu_harm_gptoss_eval_balanced_refusal_kind.jsonl,none+ga5bs16,80,1,40,40,80,0.76944,0.78972,0.82798,0.39979,0.9501,0.89991,0.73692,0.54979,0.95516,0.91701,35.3
dc_hu_harm_gptoss_eval_balanced_refusal_kind.jsonl,none+ga5bs16,80,2,40,40,80,0.81332,0.82755,0.85822,0.47107,0.99376,0.93021,0.84883,0.54311,0.99075,0.92753,22.0
dc_hu_harm_gptoss_eval_balanced_refusal_kind.jsonl,none+ga5bs16,80,3,40,40,80,0.79038,0.80397,0.80435,0.46281,0.97104,0.92332,0.73324,0.56961,0.97441,0.93862,36.0
dc_hu_harm_gptoss_eval_balanced_refusal_kind.jsonl,none+ga5bs16,80,4,40,40,80,0.80839,0.81422,0.81569,0.51446,0.98652,0.9169,0.78482,0.56148,0.98186,0.92873,24.5
dc_hu_harm_gptoss_eval_balanced_refusal_kind.jsonl,none+ga5bs16,80,5,40,40,80,0.76819,0.77335,0.78261,0.46591,0.98908,0.83517,0.72491,0.53453,0.98811,0.84585,23.2
dc_hu_harm_gptoss_eval_balanced_refusal_kind.jsonl,none+ga5bs16,80,6,40,40,80,0.78913,0.80596,0.82987,0.45145,0.98908,0.88613,0.81542,0.52618,0.98514,0.89713,21.8
dc_hu_harm_gptoss_eval_balanced_refusal_kind.jsonl,none+ga5bs16,80,7,40,40,80,0.81326,0.82562,0.86389,0.4938,0.99499,0.90037,0.84213,0.55658,0.98914,0.91462,23.3
dc_hu_harm_gptoss_eval_balanced_refusal_kind.jsonl,none+ga4bs16,50,0,25,25,50,0.72875,0.75011,0.66446,0.47521,0.98608,0.78926,0.65171,0.56961,0.9824,0.7967,27.4
dc_hu_harm_gptoss_eval_balanced_refusal_kind.jsonl,none+ga4bs16,50,1,25,25,50,0.76832,0.77761,0.8034,0.44318,0.98006,0.84665,0.71983,0.54032,0.98905,0.86126,31.3
dc_hu_harm_gptoss_eval_balanced_refusal_kind.jsonl,none+ga4bs16,50,2,25,25,50,0.7717,0.76654,0.71078,0.54545,0.9853,0.84527,0.69388,0.55413,0.98181,0.83632,23.3
dc_hu_harm_gptoss_eval_balanced_refusal_kind.jsonl,none+ga4bs16,50,3,25,25,50,0.7915,0.78834,0.74386,0.51963,0.98285,0.91965,0.68804,0.58532,0.98349,0.8965,31.9
dc_hu_harm_gptoss_eval_balanced_refusal_kind.jsonl,none+ga4bs16,50,4,25,25,50,0.84265,0.83344,0.84688,0.57438,0.99343,0.95592,0.8152,0.59813,0.98974,0.93071,26.2
dc_hu_harm_gptoss_eval_balanced_refusal_kind.jsonl,none+ga4bs16,50,5,25,25,50,0.74324,0.75626,0.70605,0.47211,0.97939,0.81543,0.66522,0.55658,0.98691,0.81633,22.3
dc_hu_harm_gptoss_eval_balanced_refusal_kind.jsonl,none+ga4bs16,50,6,25,25,50,0.80536,0.81589,0.8138,0.49277,0.98329,0.93159,0.76968,0.58164,0.98406,0.92815,28.2
dc_hu_harm_gptoss_eval_balanced_refusal_kind.jsonl,none+ga4bs16,50,7,25,25,50,0.72298,0.76429,0.85444,0.30785,0.96102,0.7686,0.84851,0.4589,0.97978,0.76999,20.0
dc_hu_harm_gptoss_eval_balanced_refusal_kind.jsonl,none+ga2bs16,30,0,15,15,30,0.76798,0.7747,0.77599,0.46798,0.99187,0.83609,0.71875,0.57318,0.98325,0.82362,22.7
dc_hu_harm_gptoss_eval_balanced_refusal_kind.jsonl,none+ga2bs16,30,1,15,15,30,0.75522,0.78914,0.81664,0.33161,0.98786,0.88476,0.77898,0.50446,0.98068,0.89244,20.4
dc_hu_harm_gptoss_eval_balanced_refusal_kind.jsonl,none+ga2bs16,30,2,15,15,30,0.78806,0.79979,0.81002,0.47004,0.98652,0.88567,0.7819,0.54444,0.98256,0.89025,20.1
dc_hu_harm_gptoss_eval_balanced_refusal_kind.jsonl,none+ga2bs16,30,3,15,15,30,0.79281,0.80654,0.87618,0.47314,0.98352,0.83838,0.8325,0.54322,0.97945,0.87099,17.7
dc_hu_harm_gptoss_eval_balanced_refusal_kind.jsonl,none+ga2bs16,30,4,15,15,30,0.67725,0.68702,0.67769,0.34401,0.96736,0.71993,0.63495,0.48474,0.97831,0.65009,19.2
dc_hu_harm_gptoss_eval_balanced_refusal_kind.jsonl,none+ga2bs16,30,5,15,15,30,0.74412,0.77997,0.82609,0.33988,0.97717,0.83333,0.7966,0.51103,0.97469,0.83757,21.0
dc_hu_harm_gptoss_eval_balanced_refusal_kind.jsonl,none+ga2bs16,30,6,15,15,30,0.61624,0.64681,0.60586,0.24483,0.96413,0.65014,0.57969,0.43673,0.96779,0.60303,17.4
dc_hu_harm_gptoss_eval_balanced_refusal_kind.jsonl,none+ga2bs16,30,7,15,15,30,0.80525,0.83571,0.89319,0.38946,0.99621,0.94215,0.89122,0.51192,0.98689,0.95283,19.3
dc_hu_harm_gptoss_eval_balanced_refusal_kind.jsonl,none+ga2bs16,20,0,10,10,20,0.73998,0.73291,0.74858,0.47211,0.97706,0.76217,0.69788,0.51882,0.98374,0.73121,27.4
dc_hu_harm_gptoss_eval_balanced_refusal_kind.jsonl,none+ga2bs16,20,1,10,10,20,0.83198,0.84146,0.85633,0.52893,0.98675,0.95592,0.8497,0.58855,0.97388,0.95372,28.5
dc_hu_harm_gptoss_eval_balanced_refusal_kind.jsonl,none+ga2bs16,20,2,10,10,20,0.71507,0.74574,0.6569,0.38946,0.96681,0.84711,0.6276,0.55035,0.96356,0.84147,25.5
dc_hu_harm_gptoss_eval_balanced_refusal_kind.jsonl,none+ga2bs16,20,3,10,10,20,0.80627,0.82251,0.85161,0.45661,0.99309,0.92378,0.81012,0.55692,0.98851,0.93451,21.4
dc_hu_harm_gptoss_eval_balanced_refusal_kind.jsonl,none+ga2bs16,20,4,10,10,20,0.80873,0.81874,0.87902,0.42045,0.99376,0.94169,0.83596,0.51648,0.98801,0.93451,22.8
dc_hu_harm_gptoss_eval_balanced_refusal_kind.jsonl,none+ga2bs16,20,5,10,10,20,0.84127,0.83772,0.89887,0.55785,0.99009,0.91827,0.85975,0.59724,0.98081,0.91306,20.1
dc_hu_harm_gptoss_eval_balanced_refusal_kind.jsonl,none+ga2bs16,20,6,10,10,20,0.74767,0.7538,0.7448,0.47211,0.98452,0.78926,0.70458,0.53598,0.98481,0.78983,25.0
dc_hu_harm_gptoss_eval_balanced_refusal_kind.jsonl,none+ga2bs16,20,7,10,10,20,0.79626,0.81836,0.83081,0.42562,0.9883,0.94031,0.7992,0.5362,0.98863,0.9494,18.9
dc_hu_harm_gptoss_eval_balanced_refusal_kind.jsonl,none+ga1bs16,10,0,5,5,10,0.64706,0.68984,0.70416,0.2655,0.96202,0.65657,0.6809,0.47238,0.97115,0.63494,22.3
dc_hu_harm_gptoss_eval_balanced_refusal_kind.jsonl,none+ga1bs16,10,1,5,5,10,0.67524,0.72541,0.74764,0.21074,0.95745,0.78512,0.74027,0.41858,0.96448,0.77832,18.5
dc_hu_harm_gptoss_eval_balanced_refusal_kind.jsonl,none+ga1bs16,10,2,5,5,10,0.64903,0.67535,0.67108,0.34917,0.95879,0.61708,0.61689,0.52361,0.95763,0.60329,19.2
dc_hu_harm_gptoss_eval_balanced_refusal_kind.jsonl,none+ga1bs16,10,3,5,5,10,0.72915,0.75309,0.70227,0.36467,0.96581,0.88384,0.69356,0.51793,0.96503,0.83585,16.1
dc_hu_harm_gptoss_eval_balanced_refusal_kind.jsonl,none+ga1bs16,10,4,5,5,10,0.71827,0.7675,0.82892,0.34298,0.96291,0.73829,0.82688,0.4785,0.98066,0.78394,17.8
dc_hu_harm_gptoss_eval_balanced_refusal_kind.jsonl,none+ga1bs16,10,5,5,5,10,0.70879,0.71115,0.74008,0.43905,0.96458,0.69146,0.71594,0.48675,0.96547,0.67644,18.5
dc_hu_harm_gptoss_eval_balanced_refusal_kind.jsonl,none+ga1bs16,10,6,5,5,10,0.71584,0.75732,0.66163,0.40496,0.97951,0.81726,0.65571,0.59846,0.96629,0.80883,17.7
dc_hu_harm_gptoss_eval_balanced_refusal_kind.jsonl,none+ga1bs16,10,7,5,5,10,0.69824,0.70739,0.64272,0.35331,0.95946,0.83747,0.66587,0.44175,0.94995,0.77197,19.0
dc_hu_harm_gptoss_eval_balanced_refusal_kind.jsonl,none+ga1bs16,6,0,3,3,6,0.62898,0.63961,0.71078,0.35744,0.93763,0.5101,0.67615,0.4589,0.95114,0.47225,16.2
dc_hu_harm_gptoss_eval_balanced_refusal_kind.jsonl,none+ga1bs16,6,1,3,3,6,0.77009,0.81041,0.85728,0.31715,0.97616,0.92975,0.85413,0.47951,0.98004,0.92795,17.8
dc_hu_harm_gptoss_eval_balanced_refusal_kind.jsonl,none+ga1bs16,6,2,3,3,6,0.65629,0.67287,0.59168,0.40393,0.94542,0.68411,0.55623,0.57574,0.90337,0.65613,26.9
dc_hu_harm_gptoss_eval_balanced_refusal_kind.jsonl,none+ga1bs16,6,3,3,3,6,0.66433,0.69854,0.59546,0.43079,0.93317,0.69789,0.57147,0.60871,0.91869,0.69528,15.1
dc_hu_harm_gptoss_eval_balanced_refusal_kind.jsonl,none+ga1bs16,6,4,3,3,6,0.60774,0.60247,0.53875,0.44112,0.91346,0.53765,0.53514,0.49755,0.87751,0.49969,15.5
dc_hu_harm_gptoss_eval_balanced_refusal_kind.jsonl,none+ga1bs16,6,5,3,3,6,0.67954,0.71205,0.72117,0.35227,0.95968,0.68503,0.69064,0.46514,0.96287,0.72954,19.9
dc_hu_harm_gptoss_eval_balanced_refusal_kind.jsonl,none+ga1bs16,6,6,3,3,6,0.71291,0.7402,0.72306,0.30682,0.9618,0.85996,0.72156,0.45322,0.93694,0.84907,18.6
dc_hu_harm_gptoss_eval_balanced_refusal_kind.jsonl,none+ga1bs16,6,7,3,3,6,0.58572,0.63136,0.58318,0.28512,0.95712,0.51745,0.58596,0.48541,0.95834,0.49573,15.2
dc_hu_harm_gptoss_eval_balanced_refusal_kind.jsonl,none+ga1bs16,4,0,2,2,4,0.64617,0.6389,0.5293,0.57748,0.88149,0.59642,0.50703,0.62943,0.81651,0.60261,17.2
dc_hu_harm_gptoss_eval_balanced_refusal_kind.jsonl,none+ga1bs16,4,1,2,2,4,0.65448,0.67025,0.56522,0.43182,0.92849,0.69238,0.54098,0.55937,0.93706,0.64359,31.8
dc_hu_harm_gptoss_eval_balanced_refusal_kind.jsonl,none+ga1bs16,4,2,2,2,4,0.76318,0.78172,0.76087,0.5062,0.99087,0.79477,0.73486,0.61662,0.98244,0.79295,18.6
dc_hu_harm_gptoss_eval_balanced_refusal_kind.jsonl,none+ga1bs16,4,3,2,2,4,0.66721,0.65407,0.56805,0.58161,0.86033,0.65886,0.5691,0.64257,0.79592,0.6087,17.0
dc_hu_harm_gptoss_eval_balanced_refusal_kind.jsonl,none+ga1bs16,4,4,2,2,4,0.61693,0.63641,0.58885,0.40393,0.90655,0.56841,0.56931,0.56794,0.87084,0.53754,16.2
dc_hu_harm_gptoss_eval_balanced_refusal_kind.jsonl,none+ga1bs16,4,5,2,2,4,0.63035,0.61949,0.54064,0.52376,0.9051,0.55188,0.52617,0.58955,0.83507,0.52718,14.0
dc_hu_harm_gptoss_eval_balanced_refusal_kind.jsonl,none+ga1bs16,4,6,2,2,4,0.64232,0.66462,0.73535,0.2562,0.95378,0.62397,0.67042,0.37035,0.97444,0.64327,18.7
dc_hu_harm_gptoss_eval_balanced_refusal_kind.jsonl,none+ga1bs16,4,7,2,2,4,0.6049,0.62034,0.56238,0.43595,0.91713,0.50413,0.53871,0.55057,0.90295,0.48912,19.9
dc_hu_harm_gptoss_eval_balanced_refusal_kind.jsonl,none+ga1bs16,2,0,1,1,2,0.66958,0.7085,0.67108,0.31715,0.955,0.73508,0.6529,0.52116,0.96366,0.69627,20.5
dc_hu_harm_gptoss_eval_balanced_refusal_kind.jsonl,none+ga1bs16,2,1,1,1,2,0.57918,0.61236,0.51607,0.38843,0.83415,0.57805,0.51687,0.55079,0.80889,0.57289,23.4
dc_hu_harm_gptoss_eval_balanced_refusal_kind.jsonl,none+ga1bs16,2,2,1,1,2,0.64398,0.66742,0.6172,0.33884,0.94954,0.67034,0.61094,0.44253,0.95164,0.66457,17.7
dc_hu_harm_gptoss_eval_balanced_refusal_kind.jsonl,none+ga1bs16,2,3,1,1,2,0.62526,0.63586,0.54915,0.44731,0.85353,0.65106,0.52952,0.56705,0.81619,0.63067,14.8
dc_hu_harm_gptoss_eval_balanced_refusal_kind.jsonl,none+ga1bs16,2,4,1,1,2,0.71914,0.73908,0.6758,0.35434,0.91713,0.92929,0.6423,0.48385,0.91416,0.91602,22.4
dc_hu_harm_gptoss_eval_balanced_refusal_kind.jsonl,none+ga1bs16,2,5,1,1,2,0.61316,0.60133,0.5293,0.52479,0.84206,0.55647,0.52098,0.54767,0.77532,0.56133,21.8
dc_hu_harm_gptoss_eval_balanced_refusal_kind.jsonl,none+ga1bs16,2,6,1,1,2,0.70299,0.70121,0.64083,0.50207,0.95188,0.71717,0.58618,0.58276,0.93827,0.69763,27.2
dc_hu_harm_gptoss_eval_balanced_refusal_kind.jsonl,none+ga1bs16,2,7,1,1,2,0.62678,0.62295,0.5293,0.45971,0.87347,0.64463,0.51384,0.55313,0.84139,0.58345,13.5
dc_hu_harm_gptoss_eval_balanced_refusal_loko.jsonl,none+ga22bs16,350,0,175,175,350,0.87211,0.85639,0.92817,0.8781,0.69503,0.98714,0.94226,0.84284,0.66358,0.97688,46.8
dc_hu_harm_gptoss_eval_balanced_refusal_loko.jsonl,none+ga22bs16,350,1,175,175,350,0.88167,0.85682,0.94329,0.8905,0.70806,0.98485,0.96248,0.82769,0.66454,0.97256,44.7
dc_hu_harm_gptoss_eval_balanced_refusal_loko.jsonl,none+ga22bs16,350,2,175,175,350,0.8826,0.85983,0.92817,0.87603,0.73769,0.98852,0.95004,0.8239,0.6968,0.96855,47.7
dc_hu_harm_gptoss_eval_balanced_refusal_loko.jsonl,none+ga22bs16,350,3,175,175,350,0.83458,0.81054,0.85255,0.89566,0.63967,0.95041,0.84029,0.83616,0.62664,0.93909,36.2
dc_hu_harm_gptoss_eval_balanced_refusal_loko.jsonl,none+ga22bs16,350,4,175,175,350,0.86161,0.84226,0.91871,0.8843,0.66774,0.97567,0.93101,0.83616,0.63851,0.96335,36.0
dc_hu_harm_gptoss_eval_balanced_refusal_loko.jsonl,none+ga22bs16,350,5,175,175,350,0.86942,0.84101,0.92439,0.88017,0.69425,0.97888,0.92971,0.81444,0.65385,0.96606,33.7
dc_hu_harm_gptoss_eval_balanced_refusal_loko.jsonl,none+ga22bs16,350,6,175,175,350,0.88904,0.86641,0.93573,0.8719,0.76598,0.98255,0.96561,0.81934,0.71235,0.96835,38.6
dc_hu_harm_gptoss_eval_balanced_refusal_loko.jsonl,none+ga22bs16,350,7,175,175,350,0.88081,0.84639,0.92817,0.89979,0.70951,0.98577,0.93707,0.81198,0.67332,0.96319,41.5
dc_hu_harm_gptoss_eval_balanced_refusal_loko.jsonl,none+ga11bs16,170,0,85,85,170,0.88621,0.85379,0.98866,0.89669,0.6595,1.0,0.98681,0.83081,0.61431,0.98324,31.6
dc_hu_harm_gptoss_eval_balanced_refusal_loko.jsonl,none+ga11bs16,170,1,85,85,170,0.89112,0.86361,0.94329,0.88223,0.7564,0.98255,0.95329,0.83181,0.6964,0.97293,27.8
dc_hu_harm_gptoss_eval_balanced_refusal_loko.jsonl,none+ga11bs16,170,2,85,85,170,0.88317,0.85133,0.97826,0.8843,0.67198,0.99816,0.98356,0.82524,0.61291,0.9836,48.3
dc_hu_harm_gptoss_eval_balanced_refusal_loko.jsonl,none+ga11bs16,170,3,85,85,170,0.87411,0.84588,0.91115,0.87397,0.71775,0.99357,0.91133,0.82112,0.68742,0.96366,33.0
dc_hu_harm_gptoss_eval_balanced_refusal_loko.jsonl,none+ga11bs16,170,4,85,85,170,0.88135,0.8482,0.97732,0.8874,0.66529,0.99541,0.97545,0.81143,0.62784,0.97808,37.7
dc_hu_harm_gptoss_eval_balanced_refusal_loko.jsonl,none+ga11bs16,170,5,85,85,170,0.88133,0.8633,0.9603,0.87397,0.69704,0.99403,0.98194,0.83292,0.65985,0.9785,24.4
dc_hu_harm_gptoss_eval_balanced_refusal_loko.jsonl,none+ga11bs16,170,6,85,85,170,0.91365,0.88302,0.97164,0.87397,0.81265,0.99633,0.98,0.81978,0.75103,0.98126,25.8
dc_hu_harm_gptoss_eval_balanced_refusal_loko.jsonl,none+ga11bs16,170,7,85,85,170,0.82938,0.80465,0.90076,0.90496,0.54901,0.96281,0.91977,0.82245,0.52136,0.95502,25.7
dc_hu_harm_gptoss_eval_balanced_refusal_loko.jsonl,none+ga7bs16,110,0,55,55,110,0.79435,0.76932,0.79395,0.86983,0.58432,0.92929,0.79704,0.79595,0.55941,0.92488,22.5
dc_hu_harm_gptoss_eval_balanced_refusal_loko.jsonl,none+ga7bs16,110,1,55,55,110,0.87097,0.8455,0.96219,0.89153,0.63611,0.99403,0.96291,0.83627,0.60406,0.97876,24.7
dc_hu_harm_gptoss_eval_balanced_refusal_loko.jsonl,none+ga7bs16,110,2,55,55,110,0.86381,0.84581,0.95463,0.8719,0.63789,0.99082,0.96951,0.83081,0.61171,0.97121,29.0
dc_hu_harm_gptoss_eval_balanced_refusal_loko.jsonl,none+ga7bs16,110,3,55,55,110,0.91134,0.86898,0.99622,0.89876,0.75039,1.0,0.99103,0.82112,0.67845,0.98532,24.3
dc_hu_harm_gptoss_eval_balanced_refusal_loko.jsonl,none+ga7bs16,110,4,55,55,110,0.85303,0.83168,0.9518,0.87707,0.61907,0.96419,0.94756,0.83894,0.57908,0.96116,23.4
dc_hu_harm_gptoss_eval_balanced_refusal_loko.jsonl,none+ga7bs16,110,5,55,55,110,0.86653,0.8476,0.89509,0.87913,0.70294,0.98898,0.92355,0.84028,0.65519,0.97137,26.0
dc_hu_harm_gptoss_eval_balanced_refusal_loko.jsonl,none+ga7bs16,110,6,55,55,110,0.84936,0.83398,0.92911,0.85124,0.6497,0.9674,0.9348,0.82034,0.62562,0.95517,25.7
dc_hu_harm_gptoss_eval_balanced_refusal_loko.jsonl,none+ga7bs16,110,7,55,55,110,0.84174,0.81355,0.87807,0.85537,0.66886,0.96465,0.87922,0.79918,0.63151,0.94429,25.5
dc_hu_harm_gptoss_eval_balanced_refusal_loko.jsonl,none+ga5bs16,80,0,40,40,80,0.88268,0.86386,0.95463,0.86157,0.73012,0.98439,0.96356,0.81588,0.70886,0.96715,26.2
dc_hu_harm_gptoss_eval_balanced_refusal_loko.jsonl,none+ga5bs16,80,1,40,40,80,0.78697,0.7744,0.7259,0.86777,0.65248,0.90174,0.70383,0.84039,0.63408,0.9193,20.6
dc_hu_harm_gptoss_eval_balanced_refusal_loko.jsonl,none+ga5bs16,80,2,40,40,80,0.83072,0.82315,0.86295,0.79029,0.69993,0.9697,0.86916,0.7945,0.67769,0.95127,20.9
dc_hu_harm_gptoss_eval_balanced_refusal_loko.jsonl,none+ga5bs16,80,3,40,40,80,0.88896,0.86054,0.9707,0.8843,0.70082,1.0,0.98432,0.82413,0.64537,0.98834,23.5
dc_hu_harm_gptoss_eval_balanced_refusal_loko.jsonl,none+ga5bs16,80,4,40,40,80,0.88152,0.85815,0.96503,0.89463,0.67008,0.99633,0.97502,0.83693,0.64185,0.97881,28.6
dc_hu_harm_gptoss_eval_balanced_refusal_loko.jsonl,none+ga5bs16,80,5,40,40,80,0.85686,0.83625,0.93762,0.8626,0.67543,0.95179,0.92625,0.82368,0.64349,0.95158,19.4
dc_hu_harm_gptoss_eval_balanced_refusal_loko.jsonl,none+ga5bs16,80,6,40,40,80,0.83769,0.8249,0.86862,0.875,0.6673,0.93985,0.8776,0.83783,0.6564,0.92779,21.7
dc_hu_harm_gptoss_eval_balanced_refusal_loko.jsonl,none+ga5bs16,80,7,40,40,80,0.86408,0.83136,0.93195,0.8905,0.64213,0.99174,0.91317,0.82279,0.62643,0.96304,22.0
dc_hu_harm_gptoss_eval_balanced_refusal_loko.jsonl,none+ga4bs16,50,0,25,25,50,0.85868,0.84111,0.89887,0.86054,0.69737,0.97796,0.91912,0.81221,0.66691,0.96621,23.6
dc_hu_harm_gptoss_eval_balanced_refusal_loko.jsonl,none+ga4bs16,50,1,25,25,50,0.87688,0.84188,0.93951,0.89876,0.67476,0.99449,0.96561,0.80051,0.62211,0.97928,26.5
dc_hu_harm_gptoss_eval_balanced_refusal_loko.jsonl,none+ga4bs16,50,2,25,25,50,0.8106,0.79601,0.86484,0.8719,0.60437,0.90129,0.86105,0.83471,0.5697,0.91858,19.3
dc_hu_harm_gptoss_eval_balanced_refusal_loko.jsonl,none+ga4bs16,50,3,25,25,50,0.89633,0.86211,0.96219,0.86467,0.7681,0.99036,0.97935,0.78425,0.71463,0.97022,23.1
dc_hu_harm_gptoss_eval_balanced_refusal_loko.jsonl,none+ga4bs16,50,4,25,25,50,0.79361,0.78529,0.79301,0.83471,0.62018,0.92654,0.79033,0.8268,0.6008,0.92321,23.5
dc_hu_harm_gptoss_eval_balanced_refusal_loko.jsonl,none+ga4bs16,50,5,25,25,50,0.89333,0.85045,0.99622,0.8688,0.71107,0.99725,0.99124,0.79717,0.62996,0.98344,21.4
dc_hu_harm_gptoss_eval_balanced_refusal_loko.jsonl,none+ga4bs16,50,6,25,25,50,0.84782,0.81685,0.87996,0.80165,0.76888,0.94077,0.87608,0.72744,0.7218,0.94206,31.7
dc_hu_harm_gptoss_eval_balanced_refusal_loko.jsonl,none+ga4bs16,50,7,25,25,50,0.86224,0.84861,0.91115,0.8812,0.66763,0.98898,0.94669,0.80552,0.66305,0.97918,17.2
dc_hu_harm_gptoss_eval_balanced_refusal_loko.jsonl,none+ga2bs16,30,0,15,15,30,0.86009,0.84071,0.86578,0.77273,0.83215,0.9697,0.82872,0.75774,0.82303,0.95335,23.4
dc_hu_harm_gptoss_eval_balanced_refusal_loko.jsonl,none+ga2bs16,30,1,15,15,30,0.82455,0.81577,0.86578,0.84917,0.62642,0.95684,0.88949,0.82301,0.5963,0.95429,19.2
dc_hu_harm_gptoss_eval_balanced_refusal_loko.jsonl,none+ga2bs16,30,2,15,15,30,0.87588,0.84349,0.91304,0.87397,0.72845,0.98806,0.90993,0.80007,0.68814,0.97584,21.3
dc_hu_harm_gptoss_eval_balanced_refusal_loko.jsonl,none+ga2bs16,30,3,15,15,30,0.8101,0.79392,0.87713,0.89566,0.51582,0.95179,0.88365,0.8288,0.52907,0.93414,20.9
dc_hu_harm_gptoss_eval_balanced_refusal_loko.jsonl,none+ga2bs16,30,4,15,15,30,0.81627,0.80655,0.75331,0.76446,0.77991,0.9674,0.72502,0.7877,0.77048,0.94299,21.7
dc_hu_harm_gptoss_eval_balanced_refusal_loko.jsonl,none+ga2bs16,30,5,15,15,30,0.81309,0.79331,0.79206,0.85021,0.70606,0.90404,0.79271,0.78882,0.67886,0.91285,21.2
dc_hu_harm_gptoss_eval_balanced_refusal_loko.jsonl,none+ga2bs16,30,6,15,15,30,0.87169,0.83863,0.99055,0.88017,0.62063,0.99541,0.97189,0.81455,0.59191,0.97616,21.8
dc_hu_harm_gptoss_eval_balanced_refusal_loko.jsonl,none+ga2bs16,30,7,15,15,30,0.92285,0.88739,0.9707,0.8657,0.86144,0.99357,0.98843,0.77411,0.81061,0.97642,20.2
dc_hu_harm_gptoss_eval_balanced_refusal_loko.jsonl,none+ga2bs16,20,0,10,10,20,0.77807,0.76532,0.81664,0.87397,0.47906,0.94261,0.81218,0.82557,0.48675,0.9368,22.2
dc_hu_harm_gptoss_eval_balanced_refusal_loko.jsonl,none+ga2bs16,20,1,10,10,20,0.71988,0.69557,0.57372,0.75,0.72199,0.83379,0.60197,0.73535,0.66381,0.78113,14.1
dc_hu_harm_gptoss_eval_balanced_refusal_loko.jsonl,none+ga2bs16,20,2,10,10,20,0.63515,0.61783,0.53214,0.82438,0.55324,0.63085,0.52801,0.81354,0.523,0.60678,15.3
dc_hu_harm_gptoss_eval_balanced_refusal_loko.jsonl,none+ga2bs16,20,3,10,10,20,0.79758,0.78544,0.82325,0.85434,0.55358,0.95914,0.82472,0.82368,0.53841,0.95497,19.5
dc_hu_harm_gptoss_eval_balanced_refusal_loko.jsonl,none+ga2bs16,20,4,10,10,20,0.73423,0.71462,0.59546,0.8719,0.57975,0.88981,0.57775,0.83738,0.55629,0.88708,14.8
dc_hu_harm_gptoss_eval_balanced_refusal_loko.jsonl,none+ga2bs16,20,5,10,10,20,0.89952,0.85996,0.95085,0.8936,0.7573,0.99633,0.96486,0.8033,0.69414,0.97756,20.0
dc_hu_harm_gptoss_eval_balanced_refusal_loko.jsonl,none+ga2bs16,20,6,10,10,20,0.80671,0.78231,0.79773,0.83161,0.67186,0.92562,0.74038,0.79572,0.66014,0.933,19.5
dc_hu_harm_gptoss_eval_balanced_refusal_loko.jsonl,none+ga2bs16,20,7,10,10,20,0.79665,0.79761,0.79206,0.78099,0.65761,0.95592,0.8338,0.78269,0.63829,0.93565,19.0
dc_hu_harm_gptoss_eval_balanced_refusal_loko.jsonl,none+ga1bs16,10,0,5,5,10,0.75746,0.76173,0.76087,0.80372,0.59657,0.86869,0.76871,0.79973,0.55953,0.91894,18.6
dc_hu_harm_gptoss_eval_balanced_refusal_loko.jsonl,none+ga1bs16,10,1,5,5,10,0.64586,0.61613,0.53497,0.79339,0.5636,0.69146,0.50779,0.76687,0.5419,0.64796,16.5
dc_hu_harm_gptoss_eval_balanced_refusal_loko.jsonl,none+ga1bs16,10,2,5,5,10,0.70337,0.67212,0.59074,0.8595,0.5538,0.80946,0.57223,0.79951,0.52568,0.79108,16.8
dc_hu_harm_gptoss_eval_balanced_refusal_loko.jsonl,none+ga1bs16,10,3,5,5,10,0.62901,0.6249,0.56144,0.85124,0.50512,0.59826,0.53482,0.81187,0.50585,0.64707,17.9
dc_hu_harm_gptoss_eval_balanced_refusal_loko.jsonl,none+ga1bs16,10,4,5,5,10,0.74974,0.7265,0.61437,0.82231,0.67476,0.88751,0.61062,0.80608,0.64481,0.84449,17.5
dc_hu_harm_gptoss_eval_balanced_refusal_loko.jsonl,none+ga1bs16,10,5,5,5,10,0.80854,0.80723,0.83459,0.6436,0.82758,0.92837,0.83218,0.6732,0.78554,0.93799,20.0
dc_hu_harm_gptoss_eval_balanced_refusal_loko.jsonl,none+ga1bs16,10,6,5,5,10,0.60128,0.61351,0.48866,0.62293,0.77333,0.5202,0.49416,0.72845,0.72332,0.50812,15.4
dc_hu_harm_gptoss_eval_balanced_refusal_loko.jsonl,none+ga1bs16,10,7,5,5,10,0.62324,0.63307,0.53686,0.82128,0.52462,0.61019,0.54898,0.83092,0.51789,0.63448,16.5
dc_hu_harm_gptoss_eval_balanced_refusal_loko.jsonl,none+ga1bs16,6,0,3,3,6,0.61351,0.65099,0.49527,0.66116,0.72277,0.57484,0.50908,0.79561,0.72835,0.57091,21.4
dc_hu_harm_gptoss_eval_balanced_refusal_loko.jsonl,none+ga1bs16,6,1,3,3,6,0.69133,0.65812,0.52647,0.7686,0.77423,0.69605,0.52725,0.74003,0.72176,0.64343,20.4
dc_hu_harm_gptoss_eval_balanced_refusal_loko.jsonl,none+ga1bs16,6,2,3,3,6,0.72743,0.71936,0.64272,0.69215,0.75897,0.81589,0.58921,0.72733,0.75567,0.80524,20.1
dc_hu_harm_gptoss_eval_balanced_refusal_loko.jsonl,none+ga1bs16,6,3,3,3,6,0.57057,0.55797,0.48771,0.65909,0.62631,0.50918,0.49913,0.61796,0.59719,0.5176,17.2
dc_hu_harm_gptoss_eval_balanced_refusal_loko.jsonl,none+ga1bs16,6,4,3,3,6,0.56286,0.54449,0.49622,0.62293,0.62631,0.50597,0.49492,0.57652,0.60755,0.49896,18.4
dc_hu_harm_gptoss_eval_balanced_refusal_loko.jsonl,none+ga1bs16,6,5,3,3,6,0.5722,0.56625,0.4896,0.75,0.56483,0.48439,0.5013,0.73613,0.5286,0.49896,17.0
dc_hu_harm_gptoss_eval_balanced_refusal_loko.jsonl,none+ga1bs16,6,6,3,3,6,0.65827,0.64195,0.5189,0.77376,0.72655,0.61387,0.51849,0.74616,0.696,0.60714,17.0
dc_hu_harm_gptoss_eval_balanced_refusal_loko.jsonl,none+ga1bs16,6,7,3,3,6,0.66674,0.62362,0.51512,0.86777,0.59902,0.68503,0.51222,0.79695,0.56053,0.62479,18.2
dc_hu_harm_gptoss_eval_balanced_refusal_loko.jsonl,none+ga1bs16,4,0,2,2,4,0.56002,0.55826,0.50567,0.78926,0.47683,0.46832,0.49265,0.7828,0.45753,0.50005,17.7
dc_hu_harm_gptoss_eval_balanced_refusal_loko.jsonl,none+ga1bs16,4,1,2,2,4,0.68146,0.68116,0.53592,0.7345,0.74928,0.70615,0.54855,0.77523,0.72992,0.67092,28.4
dc_hu_harm_gptoss_eval_balanced_refusal_loko.jsonl,none+ga1bs16,4,2,2,2,4,0.56398,0.58783,0.50945,0.49483,0.74014,0.51148,0.51676,0.61461,0.72089,0.49906,15.6
dc_hu_harm_gptoss_eval_balanced_refusal_loko.jsonl,none+ga1bs16,4,3,2,2,4,0.55848,0.57686,0.50567,0.69215,0.56182,0.47429,0.50681,0.76621,0.54271,0.49172,18.1
dc_hu_harm_gptoss_eval_balanced_refusal_loko.jsonl,none+ga1bs16,4,4,2,2,4,0.58634,0.60945,0.51323,0.78306,0.49488,0.55418,0.51611,0.83638,0.50504,0.58028,17.1
dc_hu_harm_gptoss_eval_balanced_refusal_loko.jsonl,none+ga1bs16,4,5,2,2,4,0.57151,0.57764,0.5189,0.80888,0.45779,0.50046,0.52855,0.81031,0.46286,0.50885,15.7
dc_hu_harm_gptoss_eval_balanced_refusal_loko.jsonl,none+ga1bs16,4,6,2,2,4,0.55652,0.56608,0.49244,0.71591,0.46079,0.55693,0.49708,0.76843,0.45311,0.54571,16.2
dc_hu_harm_gptoss_eval_balanced_refusal_loko.jsonl,none+ga1bs16,4,7,2,2,4,0.53632,0.53017,0.5,0.7655,0.35041,0.52938,0.5,0.74304,0.34639,0.53124,15.4
dc_hu_harm_gptoss_eval_balanced_refusal_loko.jsonl,none+ga1bs16,2,0,1,1,2,0.53886,0.52152,0.5,0.77376,0.33716,0.54454,0.5,0.73413,0.34356,0.50838,16.9
dc_hu_harm_gptoss_eval_balanced_refusal_loko.jsonl,none+ga1bs16,2,1,1,1,2,0.56001,0.59199,0.52647,0.68595,0.54322,0.48439,0.53871,0.80508,0.52153,0.50266,14.8
dc_hu_harm_gptoss_eval_balanced_refusal_loko.jsonl,none+ga1bs16,2,2,1,1,2,0.58033,0.59969,0.52741,0.57541,0.76487,0.45363,0.58672,0.6771,0.72403,0.41092,17.5
dc_hu_harm_gptoss_eval_balanced_refusal_loko.jsonl,none+ga1bs16,2,3,1,1,2,0.60281,0.60435,0.5104,0.78926,0.62765,0.48393,0.51276,0.79884,0.60059,0.50521,18.5
dc_hu_harm_gptoss_eval_balanced_refusal_loko.jsonl,none+ga1bs16,2,4,1,1,2,0.5939,0.6171,0.52174,0.55372,0.79739,0.50275,0.51103,0.6712,0.79654,0.48964,15.6
dc_hu_harm_gptoss_eval_balanced_refusal_loko.jsonl,none+ga1bs16,2,5,1,1,2,0.60092,0.59133,0.5104,0.77376,0.61539,0.50413,0.512,0.74148,0.60575,0.50609,16.5
dc_hu_harm_gptoss_eval_balanced_refusal_loko.jsonl,none+ga1bs16,2,6,1,1,2,0.51682,0.55174,0.52741,0.64256,0.69481,0.20248,0.52455,0.72288,0.68307,0.27645,16.6
dc_hu_harm_gptoss_eval_balanced_refusal_loko.jsonl,none+ga1bs16,2,7,1,1,2,0.65689,0.65485,0.64745,0.70764,0.65538,0.61708,0.6463,0.64224,0.65838,0.67248,22.7
dc_hu_harm_gptoss_eval_daily_dilemmas_kind.jsonl,none+ga5bs16,80,0,40,40,80,0.79912,0.77644,0.7552,0.86777,0.65293,0.92057,0.72351,0.80664,0.64064,0.93498,20.7
dc_hu_harm_gptoss_eval_daily_dilemmas_kind.jsonl,none+ga5bs16,80,1,40,40,80,0.82754,0.78961,0.81474,0.82231,0.71074,0.96235,0.71994,0.78837,0.7115,0.93862,23.0
dc_hu_harm_gptoss_eval_daily_dilemmas_kind.jsonl,none+ga5bs16,80,2,40,40,80,0.78678,0.75576,0.73157,0.89773,0.61194,0.90588,0.68263,0.82179,0.60378,0.91483,20.3
dc_hu_harm_gptoss_eval_daily_dilemmas_kind.jsonl,none+ga5bs16,80,3,40,40,80,0.80572,0.78165,0.80529,0.89153,0.59445,0.93159,0.76708,0.82368,0.59674,0.93909,20.0
dc_hu_harm_gptoss_eval_daily_dilemmas_kind.jsonl,none+ga5bs16,80,4,40,40,80,0.79367,0.76166,0.7259,0.83574,0.68189,0.93113,0.64565,0.79895,0.68835,0.91368,18.1
dc_hu_harm_gptoss_eval_daily_dilemmas_kind.jsonl,none+ga5bs16,80,5,40,40,80,0.82654,0.80311,0.85161,0.84194,0.66128,0.95133,0.80634,0.80697,0.65906,0.94008,24.7
dc_hu_harm_gptoss_eval_daily_dilemmas_kind.jsonl,none+ga5bs16,80,6,40,40,80,0.81175,0.78076,0.75142,0.85021,0.70094,0.94444,0.69658,0.80586,0.69889,0.9217,25.2
dc_hu_harm_gptoss_eval_daily_dilemmas_kind.jsonl,none+ga5bs16,80,7,40,40,80,0.80387,0.77554,0.77694,0.87603,0.63734,0.92516,0.6822,0.84028,0.6484,0.93128,19.6
dc_hu_harm_gptoss_eval_daily_dilemmas_kind.jsonl,none+ga4bs16,50,0,25,25,50,0.85417,0.81943,0.91493,0.69008,0.83783,0.97383,0.871,0.6546,0.80555,0.94658,23.2
dc_hu_harm_gptoss_eval_daily_dilemmas_kind.jsonl,none+ga4bs16,50,1,25,25,50,0.83254,0.7929,0.81285,0.83884,0.71107,0.9674,0.76914,0.77913,0.69545,0.92789,21.7
dc_hu_harm_gptoss_eval_daily_dilemmas_kind.jsonl,none+ga4bs16,50,2,25,25,50,0.7855,0.77378,0.75898,0.84194,0.60994,0.93113,0.73724,0.80864,0.60135,0.94789,18.6
dc_hu_harm_gptoss_eval_daily_dilemmas_kind.jsonl,none+ga4bs16,50,3,25,25,50,0.82406,0.79706,0.8242,0.87913,0.637,0.95592,0.77692,0.82245,0.64596,0.94289,21.2
dc_hu_harm_gptoss_eval_daily_dilemmas_kind.jsonl,none+ga4bs16,50,4,25,25,50,0.74657,0.71157,0.68242,0.89256,0.55135,0.85996,0.6223,0.8014,0.55284,0.86974,21.2
dc_hu_harm_gptoss_eval_daily_dilemmas_kind.jsonl,none+ga4bs16,50,5,25,25,50,0.77489,0.76809,0.60019,0.79855,0.79082,0.91001,0.58294,0.7759,0.76899,0.94455,21.3
dc_hu_harm_gptoss_eval_daily_dilemmas_kind.jsonl,none+ga4bs16,50,6,25,25,50,0.73963,0.71721,0.69376,0.8719,0.50858,0.8843,0.67928,0.80252,0.50497,0.88208,18.9
dc_hu_harm_gptoss_eval_daily_dilemmas_kind.jsonl,none+ga4bs16,50,7,25,25,50,0.75555,0.7235,0.64556,0.84504,0.61105,0.92057,0.60002,0.79929,0.61975,0.87495,18.0
dc_hu_harm_gptoss_eval_daily_dilemmas_kind.jsonl,none+ga2bs16,30,0,15,15,30,0.81909,0.78771,0.86957,0.8843,0.57485,0.94766,0.84721,0.79906,0.55105,0.95351,19.2
dc_hu_harm_gptoss_eval_daily_dilemmas_kind.jsonl,none+ga2bs16,30,1,15,15,30,0.84396,0.81085,0.8138,0.85744,0.73535,0.96924,0.76179,0.78904,0.72864,0.96392,19.0
dc_hu_harm_gptoss_eval_daily_dilemmas_kind.jsonl,none+ga2bs16,30,2,15,15,30,0.84202,0.80035,0.88752,0.88946,0.64391,0.9472,0.83467,0.79962,0.61606,0.95106,19.0
dc_hu_harm_gptoss_eval_daily_dilemmas_kind.jsonl,none+ga2bs16,30,3,15,15,30,0.80946,0.77756,0.79868,0.86777,0.61272,0.95868,0.77152,0.78993,0.61829,0.9305,18.9
dc_hu_harm_gptoss_eval_daily_dilemmas_kind.jsonl,none+ga2bs16,30,4,15,15,30,0.83572,0.80007,0.82042,0.80475,0.76041,0.9573,0.79271,0.73368,0.74712,0.92675,20.0
dc_hu_harm_gptoss_eval_daily_dilemmas_kind.jsonl,none+ga2bs16,30,5,15,15,30,0.76573,0.73116,0.72117,0.82748,0.64925,0.86501,0.66393,0.76543,0.6463,0.84897,26.2
dc_hu_harm_gptoss_eval_daily_dilemmas_kind.jsonl,none+ga2bs16,30,6,15,15,30,0.7931,0.76989,0.81853,0.82645,0.57886,0.94858,0.74557,0.81778,0.56915,0.94705,15.9
dc_hu_harm_gptoss_eval_daily_dilemmas_kind.jsonl,none+ga2bs16,30,7,15,15,30,0.76058,0.7328,0.68809,0.82748,0.65026,0.87649,0.63311,0.79583,0.64062,0.86162,19.7
dc_hu_harm_gptoss_eval_daily_dilemmas_kind.jsonl,none+ga2bs16,20,0,10,10,20,0.78334,0.75362,0.75331,0.91632,0.58588,0.87787,0.74059,0.80463,0.55005,0.9192,17.4
dc_hu_harm_gptoss_eval_daily_dilemmas_kind.jsonl,none+ga2bs16,20,1,10,10,20,0.7937,0.75855,0.81002,0.91322,0.52595,0.92562,0.78839,0.81354,0.52194,0.91035,18.2
dc_hu_harm_gptoss_eval_daily_dilemmas_kind.jsonl,none+ga2bs16,20,2,10,10,20,0.76294,0.73387,0.74953,0.89876,0.51092,0.89256,0.70275,0.82613,0.51295,0.89364,20.2
dc_hu_harm_gptoss_eval_daily_dilemmas_kind.jsonl,none+ga2bs16,20,3,10,10,20,0.76381,0.7393,0.76465,0.87707,0.52372,0.88981,0.72524,0.81176,0.5258,0.89442,17.8
dc_hu_harm_gptoss_eval_daily_dilemmas_kind.jsonl,none+ga2bs16,20,4,10,10,20,0.86601,0.84932,0.86957,0.85227,0.77801,0.96419,0.8444,0.81945,0.7857,0.94773,22.4
dc_hu_harm_gptoss_eval_daily_dilemmas_kind.jsonl,none+ga2bs16,20,5,10,10,20,0.74151,0.71001,0.68147,0.88636,0.53687,0.86134,0.64728,0.81666,0.53097,0.84512,20.5
dc_hu_harm_gptoss_eval_daily_dilemmas_kind.jsonl,none+ga2bs16,20,6,10,10,20,0.76165,0.72633,0.69565,0.79649,0.6605,0.89394,0.59494,0.75696,0.66696,0.88645,21.2
dc_hu_harm_gptoss_eval_daily_dilemmas_kind.jsonl,none+ga2bs16,20,7,10,10,20,0.86519,0.851,0.90359,0.81921,0.7632,0.97475,0.88754,0.79996,0.75736,0.95913,18.7
dc_hu_harm_gptoss_eval_daily_dilemmas_kind.jsonl,none+ga1bs16,10,0,5,5,10,0.73661,0.69385,0.65974,0.81405,0.68155,0.79109,0.59786,0.75852,0.671,0.74802,20.4
dc_hu_harm_gptoss_eval_daily_dilemmas_kind.jsonl,none+ga1bs16,10,1,5,5,10,0.664,0.63994,0.54442,0.7531,0.64313,0.71534,0.52952,0.71352,0.63139,0.68534,24.5
dc_hu_harm_gptoss_eval_daily_dilemmas_kind.jsonl,none+ga1bs16,10,2,5,5,10,0.767,0.72785,0.74669,0.8812,0.55124,0.88889,0.64079,0.81711,0.55081,0.9027,17.6
dc_hu_harm_gptoss_eval_daily_dilemmas_kind.jsonl,none+ga1bs16,10,3,5,5,10,0.71817,0.6844,0.65784,0.85434,0.58042,0.78007,0.59786,0.8102,0.58275,0.74677,18.9
dc_hu_harm_gptoss_eval_daily_dilemmas_kind.jsonl,none+ga1bs16,10,4,5,5,10,0.73845,0.71734,0.6673,0.77583,0.60893,0.90174,0.6224,0.78069,0.59506,0.8712,16.0
dc_hu_harm_gptoss_eval_daily_dilemmas_kind.jsonl,none+ga1bs16,10,5,5,5,10,0.73482,0.68891,0.66257,0.84814,0.59156,0.83701,0.60965,0.7593,0.57075,0.81596,22.7
dc_hu_harm_gptoss_eval_daily_dilemmas_kind.jsonl,none+ga1bs16,10,6,5,5,10,0.63883,0.64664,0.53308,0.77273,0.58788,0.66162,0.5333,0.80474,0.58384,0.66467,18.5
dc_hu_harm_gptoss_eval_daily_dilemmas_kind.jsonl,none+ga1bs16,10,7,5,5,10,0.59603,0.58694,0.54348,0.79855,0.5196,0.5225,0.51914,0.79138,0.50964,0.52759,17.9
dc_hu_harm_gptoss_eval_daily_dilemmas_kind.jsonl,none+ga1bs16,6,0,3,3,6,0.71434,0.69504,0.57278,0.74587,0.70951,0.8292,0.53709,0.75329,0.69927,0.7905,23.5
dc_hu_harm_gptoss_eval_daily_dilemmas_kind.jsonl,none+ga1bs16,6,1,3,3,6,0.67572,0.67127,0.53686,0.78926,0.68256,0.69421,0.51795,0.77256,0.70824,0.68633,25.3
dc_hu_harm_gptoss_eval_daily_dilemmas_kind.jsonl,none+ga1bs16,6,2,3,3,6,0.62918,0.61755,0.50284,0.82231,0.54511,0.64646,0.50141,0.80062,0.55052,0.61766,16.6
dc_hu_harm_gptoss_eval_daily_dilemmas_kind.jsonl,none+ga1bs16,6,3,3,3,6,0.72084,0.70204,0.63422,0.72314,0.74226,0.78375,0.56455,0.76041,0.72886,0.75432,25.8
dc_hu_harm_gptoss_eval_daily_dilemmas_kind.jsonl,none+ga1bs16,6,4,3,3,6,0.72042,0.6887,0.62287,0.84194,0.54221,0.87466,0.56769,0.82424,0.53431,0.82856,17.6
dc_hu_harm_gptoss_eval_daily_dilemmas_kind.jsonl,none+ga1bs16,6,5,3,3,6,0.73278,0.69284,0.64839,0.84814,0.61227,0.82231,0.61408,0.75618,0.59065,0.81044,18.6
dc_hu_harm_gptoss_eval_daily_dilemmas_kind.jsonl,none+ga1bs16,6,6,3,3,6,0.70905,0.67728,0.58129,0.71591,0.74515,0.79385,0.54996,0.68545,0.71096,0.76276,26.1
dc_hu_harm_gptoss_eval_daily_dilemmas_kind.jsonl,none+ga1bs16,6,7,3,3,6,0.74052,0.71887,0.5879,0.82128,0.74894,0.80395,0.59029,0.74783,0.76944,0.76791,28.8
dc_hu_harm_gptoss_eval_daily_dilemmas_kind.jsonl,none+ga1bs16,4,0,2,2,4,0.62678,0.6119,0.53214,0.68285,0.6957,0.59642,0.51881,0.68679,0.6673,0.57471,21.8
dc_hu_harm_gptoss_eval_daily_dilemmas_kind.jsonl,none+ga1bs16,4,1,2,2,4,0.67066,0.65868,0.5104,0.79339,0.71586,0.66299,0.49719,0.77289,0.71456,0.65009,18.6
dc_hu_harm_gptoss_eval_daily_dilemmas_kind.jsonl,none+ga1bs16,4,2,2,2,4,0.62577,0.62064,0.52363,0.82748,0.58265,0.56933,0.51741,0.82535,0.57394,0.56586,16.7
dc_hu_harm_gptoss_eval_daily_dilemmas_kind.jsonl,none+ga1bs16,4,3,2,2,4,0.77644,0.71806,0.67391,0.84504,0.75117,0.83563,0.60056,0.75507,0.74948,0.76713,28.2
dc_hu_harm_gptoss_eval_daily_dilemmas_kind.jsonl,none+ga1bs16,4,4,2,2,4,0.64775,0.67094,0.60397,0.75826,0.70996,0.51882,0.55266,0.82758,0.72955,0.57398,16.5
dc_hu_harm_gptoss_eval_daily_dilemmas_kind.jsonl,none+ga1bs16,4,5,2,2,4,0.68013,0.67256,0.52457,0.72417,0.74404,0.72773,0.52736,0.75317,0.73197,0.67774,25.1
dc_hu_harm_gptoss_eval_daily_dilemmas_kind.jsonl,none+ga1bs16,4,6,2,2,4,0.74394,0.74945,0.57561,0.72831,0.79996,0.8719,0.60024,0.77445,0.81146,0.81164,20.8
dc_hu_harm_gptoss_eval_daily_dilemmas_kind.jsonl,none+ga1bs16,4,7,2,2,4,0.66213,0.62812,0.54442,0.78409,0.56427,0.75574,0.52887,0.74694,0.55618,0.6805,21.9
dc_hu_harm_gptoss_eval_daily_dilemmas_kind.jsonl,none+ga1bs16,2,0,1,1,2,0.58588,0.61254,0.52268,0.45351,0.75117,0.61616,0.52228,0.56961,0.77509,0.58319,25.2
dc_hu_harm_gptoss_eval_daily_dilemmas_kind.jsonl,none+ga1bs16,2,1,1,1,2,0.64388,0.64146,0.52836,0.69008,0.68033,0.67677,0.53287,0.75061,0.6703,0.61204,14.0
dc_hu_harm_gptoss_eval_daily_dilemmas_kind.jsonl,none+ga1bs16,2,2,1,1,2,0.61756,0.61501,0.53686,0.68698,0.67387,0.57254,0.52065,0.68579,0.70555,0.54805,17.9
dc_hu_harm_gptoss_eval_daily_dilemmas_kind.jsonl,none+ga1bs16,2,3,1,1,2,0.66819,0.67226,0.50567,0.80165,0.65516,0.71028,0.50519,0.79149,0.69201,0.70033,20.8
dc_hu_harm_gptoss_eval_daily_dilemmas_kind.jsonl,none+ga1bs16,2,4,1,1,2,0.69281,0.65789,0.56238,0.60434,0.83181,0.77273,0.53147,0.53631,0.81212,0.75167,26.5
dc_hu_harm_gptoss_eval_daily_dilemmas_kind.jsonl,none+ga1bs16,2,5,1,1,2,0.55568,0.56816,0.45652,0.71901,0.54812,0.49908,0.48551,0.75418,0.55915,0.47381,15.7
dc_hu_harm_gptoss_eval_daily_dilemmas_kind.jsonl,none+ga1bs16,2,6,1,1,2,0.57453,0.57659,0.49244,0.77273,0.48842,0.54454,0.49048,0.76398,0.50195,0.54993,14.4
dc_hu_harm_gptoss_eval_daily_dilemmas_kind.jsonl,none+ga1bs16,2,7,1,1,2,0.62629,0.63027,0.49716,0.78512,0.68891,0.53398,0.49978,0.77478,0.70432,0.54217,19.3
dc_hu_harm_gptoss_eval_daily_dilemmas_loko.jsonl,none+ga22bs16,350,0,175,175,350,0.92063,0.90669,0.97921,0.75,0.95333,1.0,0.98908,0.74237,0.90774,0.98756,58.6
dc_hu_harm_gptoss_eval_daily_dilemmas_loko.jsonl,none+ga22bs16,350,1,175,175,350,0.9291,0.91545,0.98771,0.77169,0.9579,0.99908,0.99157,0.75006,0.93273,0.98745,55.4
dc_hu_harm_gptoss_eval_daily_dilemmas_loko.jsonl,none+ga22bs16,350,2,175,175,350,0.93595,0.92033,0.9811,0.79959,0.96313,1.0,0.99286,0.76532,0.93729,0.98584,40.9
dc_hu_harm_gptoss_eval_daily_dilemmas_loko.jsonl,none+ga22bs16,350,3,175,175,350,0.92167,0.90672,0.97732,0.77169,0.94041,0.99725,0.992,0.74326,0.90621,0.98542,33.3
dc_hu_harm_gptoss_eval_daily_dilemmas_loko.jsonl,none+ga22bs16,350,4,175,175,350,0.9189,0.90399,0.96314,0.77479,0.93952,0.99816,0.97654,0.75562,0.90301,0.98079,40.7
dc_hu_harm_gptoss_eval_daily_dilemmas_loko.jsonl,none+ga22bs16,350,5,175,175,350,0.90915,0.90697,0.931,0.74793,0.96135,0.99633,0.96994,0.7534,0.92551,0.97902,34.9
dc_hu_harm_gptoss_eval_daily_dilemmas_loko.jsonl,none+ga22bs16,350,6,175,175,350,0.93266,0.91226,0.97448,0.79649,0.95968,1.0,0.98616,0.76231,0.91514,0.98542,42.0
dc_hu_harm_gptoss_eval_daily_dilemmas_loko.jsonl,none+ga22bs16,350,7,175,175,350,0.92955,0.91825,0.98677,0.77893,0.95344,0.99908,0.99254,0.76576,0.92621,0.98849,49.1
dc_hu_harm_gptoss_eval_daily_dilemmas_loko.jsonl,none+ga11bs16,170,0,85,85,170,0.92663,0.90834,0.97353,0.7655,0.96748,1.0,0.9867,0.73246,0.93134,0.98287,31.7
dc_hu_harm_gptoss_eval_daily_dilemmas_loko.jsonl,none+ga11bs16,170,1,85,85,170,0.91809,0.90365,0.98204,0.73967,0.95066,1.0,0.99113,0.73201,0.90695,0.98449,25.9
dc_hu_harm_gptoss_eval_daily_dilemmas_loko.jsonl,none+ga11bs16,170,2,85,85,170,0.91756,0.91952,0.99811,0.69008,0.98207,1.0,0.99686,0.7299,0.96536,0.98594,49.6
dc_hu_harm_gptoss_eval_daily_dilemmas_loko.jsonl,none+ga11bs16,170,3,85,85,170,0.91815,0.89919,0.97353,0.7624,0.93852,0.99816,0.99092,0.71586,0.90274,0.98724,26.9
dc_hu_harm_gptoss_eval_daily_dilemmas_loko.jsonl,none+ga11bs16,170,4,85,85,170,0.92262,0.9115,0.99622,0.71591,0.98017,0.99816,0.99221,0.71987,0.94874,0.98516,28.0
dc_hu_harm_gptoss_eval_daily_dilemmas_loko.jsonl,none+ga11bs16,170,5,85,85,170,0.90666,0.89539,0.93667,0.76756,0.92883,0.99357,0.95188,0.75674,0.89841,0.97454,25.7
dc_hu_harm_gptoss_eval_daily_dilemmas_loko.jsonl,none+ga11bs16,170,6,85,85,170,0.9129,0.90994,0.97543,0.71591,0.96302,0.99725,0.98162,0.73892,0.93446,0.98475,45.0
dc_hu_harm_gptoss_eval_daily_dilemmas_loko.jsonl,none+ga11bs16,170,7,85,85,170,0.90923,0.90986,0.91588,0.7407,0.98218,0.99816,0.95761,0.76142,0.94144,0.97897,25.3
dc_hu_harm_gptoss_eval_daily_dilemmas_loko.jsonl,none+ga7bs16,110,0,55,55,110,0.86037,0.87854,0.94802,0.64256,0.87157,0.97934,0.97048,0.69526,0.87502,0.9734,24.1
dc_hu_harm_gptoss_eval_daily_dilemmas_loko.jsonl,none+ga7bs16,110,1,55,55,110,0.91105,0.90791,0.99055,0.67872,0.97494,1.0,0.98356,0.72254,0.9428,0.98272,22.8
dc_hu_harm_gptoss_eval_daily_dilemmas_loko.jsonl,none+ga7bs16,110,2,55,55,110,0.93141,0.91469,0.96975,0.78409,0.97271,0.99908,0.98086,0.76275,0.9269,0.98823,28.5
dc_hu_harm_gptoss_eval_daily_dilemmas_loko.jsonl,none+ga7bs16,110,3,55,55,110,0.85633,0.87128,0.88091,0.67665,0.90633,0.96143,0.88971,0.72589,0.90971,0.95981,24.8
dc_hu_harm_gptoss_eval_daily_dilemmas_loko.jsonl,none+ga7bs16,110,4,55,55,110,0.88393,0.89095,0.91966,0.69318,0.9247,0.99816,0.95999,0.73546,0.88891,0.97944,20.9
dc_hu_harm_gptoss_eval_daily_dilemmas_loko.jsonl,none+ga7bs16,110,5,55,55,110,0.86944,0.8798,0.94612,0.62087,0.91078,1.0,0.94669,0.70105,0.89196,0.97949,21.3
dc_hu_harm_gptoss_eval_daily_dilemmas_loko.jsonl,none+ga7bs16,110,6,55,55,110,0.90461,0.90308,0.97259,0.68079,0.97149,0.99357,0.97481,0.72522,0.93394,0.97834,42.3
dc_hu_harm_gptoss_eval_daily_dilemmas_loko.jsonl,none+ga7bs16,110,7,55,55,110,0.89844,0.90878,0.98488,0.64256,0.9755,0.99082,0.98086,0.71386,0.96534,0.97506,27.1
dc_hu_harm_gptoss_eval_daily_dilemmas_loko.jsonl,none+ga5bs16,80,0,40,40,80,0.85032,0.86789,0.81664,0.66219,0.94999,0.97245,0.85132,0.72377,0.92985,0.96663,39.8
dc_hu_harm_gptoss_eval_daily_dilemmas_loko.jsonl,none+ga5bs16,80,1,40,40,80,0.91317,0.9094,0.99338,0.70145,0.95923,0.99862,0.99319,0.73112,0.92989,0.98339,32.3
dc_hu_harm_gptoss_eval_daily_dilemmas_loko.jsonl,none+ga5bs16,80,2,40,40,80,0.90623,0.89837,0.98866,0.68182,0.95812,0.99633,0.97589,0.72076,0.92417,0.97267,33.2
dc_hu_harm_gptoss_eval_daily_dilemmas_loko.jsonl,none+ga5bs16,80,3,40,40,80,0.90248,0.88988,0.99622,0.68492,0.93061,0.99816,0.99481,0.70795,0.8758,0.98095,20.1
dc_hu_harm_gptoss_eval_daily_dilemmas_loko.jsonl,none+ga5bs16,80,4,40,40,80,0.81082,0.82712,0.74858,0.65186,0.86946,0.97337,0.77519,0.72889,0.86194,0.94247,17.1
dc_hu_harm_gptoss_eval_daily_dilemmas_loko.jsonl,none+ga5bs16,80,5,40,40,80,0.86199,0.8742,0.87713,0.64669,0.93562,0.98852,0.89641,0.73947,0.88643,0.97449,20.0
dc_hu_harm_gptoss_eval_daily_dilemmas_loko.jsonl,none+ga5bs16,80,6,40,40,80,0.89503,0.90355,0.94896,0.67045,0.97171,0.98898,0.94853,0.73936,0.95639,0.96991,25.2
dc_hu_harm_gptoss_eval_daily_dilemmas_loko.jsonl,none+ga5bs16,80,7,40,40,80,0.8999,0.89845,0.98204,0.64566,0.97694,0.99495,0.98497,0.69759,0.92919,0.98204,19.7
dc_hu_harm_gptoss_eval_daily_dilemmas_loko.jsonl,none+ga4bs16,50,0,25,25,50,0.7804,0.78268,0.68431,0.65083,0.89575,0.89073,0.68393,0.69169,0.89816,0.85693,23.1
dc_hu_harm_gptoss_eval_daily_dilemmas_loko.jsonl,none+ga4bs16,50,1,25,25,50,0.88824,0.88253,0.9707,0.65599,0.93729,0.98898,0.98054,0.67365,0.89905,0.97688,32.5
dc_hu_harm_gptoss_eval_daily_dilemmas_loko.jsonl,none+ga4bs16,50,2,25,25,50,0.83162,0.84882,0.79679,0.6188,0.96692,0.94399,0.80385,0.70016,0.94423,0.94705,25.1
dc_hu_harm_gptoss_eval_daily_dilemmas_loko.jsonl,none+ga4bs16,50,3,25,25,50,0.84625,0.85689,0.86862,0.71488,0.8474,0.95409,0.92398,0.73346,0.83803,0.93211,16.7
dc_hu_harm_gptoss_eval_daily_dilemmas_loko.jsonl,none+ga4bs16,50,4,25,25,50,0.88604,0.88985,0.88658,0.68595,0.98953,0.98209,0.9175,0.71731,0.96535,0.95924,20.7
dc_hu_harm_gptoss_eval_daily_dilemmas_loko.jsonl,none+ga4bs16,50,5,25,25,50,0.88296,0.87274,0.93667,0.6126,0.98808,0.99449,0.90766,0.65493,0.95391,0.97444,18.0
dc_hu_harm_gptoss_eval_daily_dilemmas_loko.jsonl,none+ga4bs16,50,6,25,25,50,0.83921,0.83029,0.76843,0.68285,0.96202,0.94353,0.7433,0.71207,0.93356,0.93222,19.9
dc_hu_harm_gptoss_eval_daily_dilemmas_loko.jsonl,none+ga4bs16,50,7,25,25,50,0.86283,0.86454,0.83176,0.75207,0.88494,0.98255,0.8777,0.77133,0.85087,0.95825,22.2
dc_hu_harm_gptoss_eval_daily_dilemmas_loko.jsonl,none+ga2bs16,30,0,15,15,30,0.91231,0.9012,0.98488,0.70351,0.96636,0.99449,0.99513,0.72188,0.91183,0.97595,25.7
dc_hu_harm_gptoss_eval_daily_dilemmas_loko.jsonl,none+ga2bs16,30,1,15,15,30,0.89833,0.89934,0.99338,0.63843,0.97527,0.98623,0.99135,0.64057,0.98404,0.98141,27.0
dc_hu_harm_gptoss_eval_daily_dilemmas_loko.jsonl,none+ga2bs16,30,2,15,15,30,0.83602,0.84125,0.81947,0.68905,0.91223,0.92332,0.79574,0.75852,0.90934,0.9014,18.4
dc_hu_harm_gptoss_eval_daily_dilemmas_loko.jsonl,none+ga2bs16,30,3,15,15,30,0.81629,0.82019,0.80907,0.64566,0.87425,0.93618,0.83932,0.70818,0.79506,0.9382,27.7
dc_hu_harm_gptoss_eval_daily_dilemmas_loko.jsonl,none+ga2bs16,30,4,15,15,30,0.85494,0.88125,0.85633,0.6095,0.96035,0.99357,0.90722,0.71074,0.9576,0.94945,30.7
dc_hu_harm_gptoss_eval_daily_dilemmas_loko.jsonl,none+ga2bs16,30,5,15,15,30,0.74639,0.76236,0.63611,0.65393,0.91178,0.78375,0.66609,0.6918,0.91201,0.77952,16.5
dc_hu_harm_gptoss_eval_daily_dilemmas_loko.jsonl,none+ga2bs16,30,6,15,15,30,0.79164,0.80451,0.83554,0.47831,0.95144,0.90129,0.80428,0.62709,0.92109,0.86558,32.4
dc_hu_harm_gptoss_eval_daily_dilemmas_loko.jsonl,none+ga2bs16,30,7,15,15,30,0.82723,0.82747,0.76749,0.62293,0.95155,0.96694,0.78817,0.67521,0.91021,0.93628,28.5
dc_hu_harm_gptoss_eval_daily_dilemmas_loko.jsonl,none+ga2bs16,20,0,10,10,20,0.83152,0.83316,0.81191,0.67459,0.8699,0.9697,0.7779,0.77768,0.84609,0.93097,24.6
dc_hu_harm_gptoss_eval_daily_dilemmas_loko.jsonl,none+ga2bs16,20,1,10,10,20,0.64892,0.64494,0.55198,0.69938,0.80163,0.5427,0.54109,0.70728,0.74974,0.58163,17.8
dc_hu_harm_gptoss_eval_daily_dilemmas_loko.jsonl,none+ga2bs16,20,2,10,10,20,0.84438,0.83135,0.93006,0.56198,0.91212,0.97337,0.90538,0.57329,0.88641,0.96033,28.4
dc_hu_harm_gptoss_eval_daily_dilemmas_loko.jsonl,none+ga2bs16,20,3,10,10,20,0.8387,0.80297,0.89036,0.71488,0.79595,0.95363,0.88992,0.64536,0.71761,0.95898,21.3
dc_hu_harm_gptoss_eval_daily_dilemmas_loko.jsonl,none+ga2bs16,20,4,10,10,20,0.70175,0.70307,0.70699,0.63223,0.84429,0.62351,0.69366,0.68813,0.77384,0.65665,17.6
dc_hu_harm_gptoss_eval_daily_dilemmas_loko.jsonl,none+ga2bs16,20,5,10,10,20,0.76392,0.79623,0.7845,0.3905,0.93852,0.94215,0.7739,0.55848,0.92627,0.92628,30.3
dc_hu_harm_gptoss_eval_daily_dilemmas_loko.jsonl,none+ga2bs16,20,6,10,10,20,0.71429,0.72972,0.59735,0.5155,0.85498,0.88935,0.60554,0.66162,0.83259,0.81914,21.2
dc_hu_harm_gptoss_eval_daily_dilemmas_loko.jsonl,none+ga2bs16,20,7,10,10,20,0.78087,0.79494,0.74291,0.5155,0.94865,0.91644,0.77314,0.60258,0.91976,0.88427,32.4
dc_hu_harm_gptoss_eval_daily_dilemmas_loko.jsonl,none+ga1bs16,10,0,5,5,10,0.57351,0.62723,0.50284,0.53099,0.77812,0.48209,0.50087,0.7407,0.75545,0.51192,15.2
dc_hu_harm_gptoss_eval_daily_dilemmas_loko.jsonl,none+ga1bs16,10,1,5,5,10,0.59333,0.62399,0.49244,0.55062,0.79996,0.5303,0.49394,0.68879,0.77397,0.53925,15.9
dc_hu_harm_gptoss_eval_daily_dilemmas_loko.jsonl,none+ga1bs16,10,2,5,5,10,0.58833,0.62345,0.52174,0.49277,0.83148,0.50735,0.51341,0.63399,0.81309,0.53332,16.1
dc_hu_harm_gptoss_eval_daily_dilemmas_loko.jsonl,none+ga1bs16,10,3,5,5,10,0.67017,0.64933,0.60113,0.8595,0.47761,0.74242,0.61138,0.79439,0.46931,0.72225,16.7
dc_hu_harm_gptoss_eval_daily_dilemmas_loko.jsonl,none+ga1bs16,10,4,5,5,10,0.66565,0.68313,0.56333,0.42459,0.94787,0.72681,0.58186,0.55948,0.92411,0.66707,14.7
dc_hu_harm_gptoss_eval_daily_dilemmas_loko.jsonl,none+ga1bs16,10,5,5,5,10,0.58088,0.61881,0.49716,0.45248,0.8229,0.55096,0.49946,0.62664,0.81681,0.53233,16.7
dc_hu_harm_gptoss_eval_daily_dilemmas_loko.jsonl,none+ga1bs16,10,6,5,5,10,0.64887,0.65985,0.53875,0.69525,0.78158,0.57989,0.53212,0.74983,0.76302,0.59444,16.5
dc_hu_harm_gptoss_eval_daily_dilemmas_loko.jsonl,none+ga1bs16,10,7,5,5,10,0.56524,0.60697,0.50662,0.55062,0.69637,0.50735,0.51049,0.71642,0.68264,0.51833,15.0
dc_hu_harm_gptoss_eval_daily_dilemmas_loko.jsonl,none+ga1bs16,6,0,3,3,6,0.57331,0.60686,0.5397,0.37603,0.83849,0.53903,0.51849,0.57062,0.81465,0.52369,23.1
dc_hu_harm_gptoss_eval_daily_dilemmas_loko.jsonl,none+ga1bs16,6,1,3,3,6,0.54777,0.58677,0.51323,0.45041,0.75039,0.47704,0.51081,0.61472,0.73769,0.48386,14.2
dc_hu_harm_gptoss_eval_daily_dilemmas_loko.jsonl,none+ga1bs16,6,2,3,3,6,0.5916,0.58991,0.50756,0.62603,0.72544,0.50735,0.52336,0.6399,0.67343,0.52296,27.0
dc_hu_harm_gptoss_eval_daily_dilemmas_loko.jsonl,none+ga1bs16,6,3,3,3,6,0.53264,0.5875,0.49622,0.37707,0.77333,0.48393,0.49989,0.60771,0.73739,0.505,13.7
dc_hu_harm_gptoss_eval_daily_dilemmas_loko.jsonl,none+ga1bs16,6,4,3,3,6,0.55914,0.61078,0.51701,0.49277,0.77222,0.45455,0.52314,0.67042,0.77425,0.47532,16.6
dc_hu_harm_gptoss_eval_daily_dilemmas_loko.jsonl,none+ga1bs16,6,5,3,3,6,0.57804,0.62739,0.53119,0.56612,0.7681,0.44674,0.53168,0.71029,0.76799,0.49958,16.5
dc_hu_harm_gptoss_eval_daily_dilemmas_loko.jsonl,none+ga1bs16,6,6,3,3,6,0.5555,0.58245,0.50284,0.5062,0.68679,0.52617,0.50551,0.63232,0.65308,0.53889,15.2
dc_hu_harm_gptoss_eval_daily_dilemmas_loko.jsonl,none+ga1bs16,6,7,3,3,6,0.74942,0.79711,0.78072,0.39566,0.93517,0.88613,0.78666,0.54466,0.94421,0.9129,21.6
dc_hu_harm_gptoss_eval_daily_dilemmas_loko.jsonl,none+ga1bs16,4,0,2,2,4,0.55449,0.60056,0.5104,0.40393,0.81466,0.48898,0.51125,0.5949,0.80589,0.49021,17.7
dc_hu_harm_gptoss_eval_daily_dilemmas_loko.jsonl,none+ga1bs16,4,1,2,2,4,0.51683,0.58412,0.49622,0.2469,0.81822,0.50597,0.49427,0.51504,0.81757,0.50958,17.1
dc_hu_harm_gptoss_eval_daily_dilemmas_loko.jsonl,none+ga1bs16,4,2,2,2,4,0.54999,0.59778,0.55104,0.23244,0.88249,0.53398,0.55407,0.43807,0.91169,0.4873,13.1
dc_hu_harm_gptoss_eval_daily_dilemmas_loko.jsonl,none+ga1bs16,4,3,2,2,4,0.5309,0.57954,0.50567,0.27686,0.80296,0.53811,0.50184,0.48073,0.79119,0.54441,18.6
dc_hu_harm_gptoss_eval_daily_dilemmas_loko.jsonl,none+ga1bs16,4,4,2,2,4,0.52177,0.53131,0.5,0.5031,0.55781,0.52617,0.49276,0.53041,0.57385,0.52822,14.6
dc_hu_harm_gptoss_eval_daily_dilemmas_loko.jsonl,none+ga1bs16,4,5,2,2,4,0.56658,0.56601,0.5104,0.80682,0.44175,0.50735,0.5319,0.78169,0.44169,0.50875,16.6
dc_hu_harm_gptoss_eval_daily_dilemmas_loko.jsonl,none+ga1bs16,4,6,2,2,4,0.57971,0.56809,0.50662,0.73554,0.53308,0.54362,0.50551,0.71085,0.50614,0.54988,18.2
dc_hu_harm_gptoss_eval_daily_dilemmas_loko.jsonl,none+ga1bs16,4,7,2,2,4,0.61229,0.62726,0.57089,0.41736,0.94576,0.51515,0.55212,0.57051,0.90239,0.48402,14.3
dc_hu_harm_gptoss_eval_daily_dilemmas_loko.jsonl,none+ga1bs16,2,0,1,1,2,0.59652,0.58053,0.57561,0.80785,0.43328,0.56933,0.58737,0.76064,0.44195,0.53217,19.9
dc_hu_harm_gptoss_eval_daily_dilemmas_loko.jsonl,none+ga1bs16,2,1,1,1,2,0.55359,0.58032,0.51134,0.65496,0.74226,0.30579,0.52498,0.72054,0.74737,0.3284,13.4
dc_hu_harm_gptoss_eval_daily_dilemmas_loko.jsonl,none+ga1bs16,2,2,1,1,2,0.53994,0.55309,0.5,0.46281,0.64368,0.55326,0.5,0.52918,0.64409,0.5391,17.0
dc_hu_harm_gptoss_eval_daily_dilemmas_loko.jsonl,none+ga1bs16,2,3,1,1,2,0.62445,0.62505,0.60397,0.73037,0.51515,0.6483,0.61657,0.75718,0.50685,0.61959,15.6
dc_hu_harm_gptoss_eval_daily_dilemmas_loko.jsonl,none+ga1bs16,2,4,1,1,2,0.60197,0.58656,0.55955,0.83574,0.42537,0.58724,0.55147,0.79561,0.44144,0.55774,15.8
dc_hu_harm_gptoss_eval_daily_dilemmas_loko.jsonl,none+ga1bs16,2,5,1,1,2,0.73559,0.75724,0.67391,0.56405,0.95645,0.74793,0.6676,0.66273,0.92306,0.77556,32.7
dc_hu_harm_gptoss_eval_daily_dilemmas_loko.jsonl,none+ga1bs16,2,6,1,1,2,0.60554,0.60039,0.52741,0.75826,0.54143,0.59504,0.57483,0.73558,0.51186,0.57929,16.1
dc_hu_harm_gptoss_eval_daily_dilemmas_loko.jsonl,none+ga1bs16,2,7,1,1,2,0.53399,0.52137,0.5,0.77273,0.33292,0.5303,0.5,0.72678,0.34636,0.51234,17.5
dc_hu_harm_gptoss_mixed.jsonl,none+ga37bs16,590,0,295,295,590,0.91263,0.90165,0.92817,0.79132,0.93517,0.99587,0.96269,0.76186,0.89975,0.9823,47.3
dc_hu_harm_gptoss_mixed.jsonl,none+ga37bs16,590,1,295,295,590,0.91178,0.8998,0.931,0.78719,0.93629,0.99265,0.95934,0.76153,0.89592,0.9824,47.1
dc_hu_harm_gptoss_mixed.jsonl,none+ga37bs16,590,2,295,295,590,0.90932,0.89519,0.93006,0.79236,0.91669,0.99816,0.96345,0.75774,0.87888,0.98069,48.0
dc_hu_harm_gptoss_mixed.jsonl,none+ga37bs16,590,3,295,295,590,0.90939,0.89759,0.91871,0.79959,0.92203,0.99725,0.94766,0.77333,0.88561,0.98376,48.5
dc_hu_harm_gptoss_mixed.jsonl,none+ga37bs16,590,4,295,295,590,0.90818,0.89667,0.9225,0.79132,0.92626,0.99265,0.94756,0.7671,0.89298,0.97907,49.2
dc_hu_harm_gptoss_mixed.jsonl,none+ga37bs16,590,5,295,295,590,0.913,0.8959,0.9206,0.81198,0.92537,0.99403,0.94626,0.76888,0.88767,0.98079,53.4
dc_hu_harm_gptoss_mixed.jsonl,none+ga37bs16,590,6,295,295,590,0.91264,0.89767,0.92533,0.79959,0.92838,0.99725,0.96172,0.76142,0.88752,0.98001,45.6
dc_hu_harm_gptoss_mixed.jsonl,none+ga37bs16,590,7,295,295,590,0.91506,0.89829,0.92722,0.80785,0.92883,0.99633,0.95188,0.7691,0.89166,0.98053,40.7
dc_hu_harm_gptoss_mixed.jsonl,none+ga22bs16,350,0,175,175,350,0.92068,0.90775,0.93195,0.80579,0.94821,0.99679,0.96637,0.77267,0.91055,0.98141,34.5
dc_hu_harm_gptoss_mixed.jsonl,none+ga22bs16,350,1,175,175,350,0.92539,0.89981,0.96881,0.81198,0.92214,0.99862,0.97437,0.76041,0.87946,0.98501,39.8
dc_hu_harm_gptoss_mixed.jsonl,none+ga22bs16,350,2,175,175,350,0.92205,0.91043,0.95274,0.77273,0.96458,0.99816,0.97253,0.75819,0.92728,0.9837,34.2
dc_hu_harm_gptoss_mixed.jsonl,none+ga22bs16,350,3,175,175,350,0.91908,0.89795,0.96314,0.81405,0.90098,0.99816,0.97989,0.7632,0.86841,0.98032,37.9
dc_hu_harm_gptoss_mixed.jsonl,none+ga22bs16,350,4,175,175,350,0.89679,0.89399,0.93667,0.7438,0.90989,0.99679,0.96713,0.75607,0.87269,0.98006,32.6
dc_hu_harm_gptoss_mixed.jsonl,none+ga22bs16,350,5,175,175,350,0.91903,0.90246,0.97259,0.78616,0.91735,1.0,0.98713,0.7564,0.88318,0.98313,32.7
dc_hu_harm_gptoss_mixed.jsonl,none+ga22bs16,350,6,175,175,350,0.90271,0.90042,0.94045,0.7345,0.93863,0.99725,0.96151,0.76131,0.89886,0.98001,35.6
dc_hu_harm_gptoss_mixed.jsonl,none+ga22bs16,350,7,175,175,350,0.89774,0.88424,0.94896,0.77479,0.86812,0.99908,0.96183,0.75496,0.83849,0.98167,32.6
dc_hu_harm_gptoss_mixed.jsonl,none+ga11bs16,170,0,85,85,170,0.87104,0.86821,0.84594,0.72314,0.93529,0.9798,0.87597,0.7485,0.89486,0.95351,30.1
dc_hu_harm_gptoss_mixed.jsonl,none+ga11bs16,170,1,85,85,170,0.87166,0.88499,0.91682,0.72211,0.87068,0.97704,0.93555,0.74571,0.88221,0.97647,25.8
dc_hu_harm_gptoss_mixed.jsonl,none+ga11bs16,170,2,85,85,170,0.81689,0.8386,0.78544,0.69215,0.85331,0.93664,0.80342,0.76699,0.8499,0.93409,22.1
dc_hu_harm_gptoss_mixed.jsonl,none+ga11bs16,170,3,85,85,170,0.92509,0.90776,0.9603,0.79339,0.95032,0.99633,0.97372,0.76097,0.91599,0.98037,29.6
dc_hu_harm_gptoss_mixed.jsonl,none+ga11bs16,170,4,85,85,170,0.87828,0.88696,0.92817,0.70455,0.89463,0.98577,0.94258,0.74538,0.88465,0.97522,24.6
dc_hu_harm_gptoss_mixed.jsonl,none+ga11bs16,170,5,85,85,170,0.83412,0.84143,0.80907,0.7562,0.83872,0.93251,0.83272,0.74627,0.83552,0.95122,24.3
dc_hu_harm_gptoss_mixed.jsonl,none+ga11bs16,170,6,85,85,170,0.91182,0.91708,0.97164,0.70455,0.97293,0.99816,0.98616,0.74794,0.94965,0.98459,49.3
dc_hu_harm_gptoss_mixed.jsonl,none+ga11bs16,170,7,85,85,170,0.91378,0.91223,0.97543,0.71901,0.9648,0.99587,0.98173,0.74515,0.93676,0.98527,26.8
dc_hu_harm_gptoss_mixed.jsonl,none+ga7bs16,110,0,55,55,110,0.89768,0.87933,0.92817,0.81818,0.87102,0.97337,0.9255,0.79283,0.82861,0.97038,23.9
dc_hu_harm_gptoss_mixed.jsonl,none+ga7bs16,110,1,55,55,110,0.91833,0.90182,0.93856,0.81302,0.92727,0.99449,0.96637,0.75774,0.89964,0.98355,20.0
dc_hu_harm_gptoss_mixed.jsonl,none+ga7bs16,110,2,55,55,110,0.91037,0.90092,0.97826,0.72727,0.9442,0.99174,0.97978,0.73836,0.90844,0.97709,20.9
dc_hu_harm_gptoss_mixed.jsonl,none+ga7bs16,110,3,55,55,110,0.89806,0.89562,0.93478,0.72727,0.9403,0.9899,0.9468,0.75562,0.90895,0.97111,23.0
dc_hu_harm_gptoss_mixed.jsonl,none+ga7bs16,110,4,55,55,110,0.83255,0.84727,0.78828,0.7407,0.84896,0.95225,0.81888,0.76053,0.85245,0.95721,20.8
dc_hu_harm_gptoss_mixed.jsonl,none+ga7bs16,110,5,55,55,110,0.92423,0.90954,0.99244,0.74897,0.96057,0.99495,0.98281,0.74794,0.92997,0.97746,25.7
dc_hu_harm_gptoss_mixed.jsonl,none+ga7bs16,110,6,55,55,110,0.92304,0.91052,0.98677,0.75,0.95723,0.99816,0.97859,0.75095,0.93026,0.9823,24.4
dc_hu_harm_gptoss_mixed.jsonl,none+ga7bs16,110,7,55,55,110,0.8544,0.84422,0.81947,0.75,0.86879,0.97934,0.81628,0.75975,0.84405,0.95679,21.7
dc_hu_harm_gptoss_mixed.jsonl,none+ga5bs16,80,0,40,40,80,0.88858,0.89387,0.96786,0.68079,0.91669,0.98898,0.97567,0.72622,0.89382,0.97975,26.0
dc_hu_harm_gptoss_mixed.jsonl,none+ga5bs16,80,1,40,40,80,0.86266,0.86912,0.90265,0.69008,0.86434,0.99357,0.9122,0.72912,0.85561,0.97954,20.0
dc_hu_harm_gptoss_mixed.jsonl,none+ga5bs16,80,2,40,40,80,0.91014,0.89588,0.96314,0.73967,0.94141,0.99633,0.97621,0.72511,0.90205,0.98016,21.4
dc_hu_harm_gptoss_mixed.jsonl,none+ga5bs16,80,3,40,40,80,0.88385,0.87843,0.9414,0.72521,0.89497,0.97383,0.93404,0.75373,0.85814,0.96783,19.0
dc_hu_harm_gptoss_mixed.jsonl,none+ga5bs16,80,4,40,40,80,0.8743,0.88801,0.88374,0.70971,0.93451,0.96924,0.91263,0.75373,0.92619,0.9595,19.2
dc_hu_harm_gptoss_mixed.jsonl,none+ga5bs16,80,5,40,40,80,0.81138,0.83306,0.77977,0.68492,0.87815,0.90266,0.79087,0.73145,0.89055,0.91936,20.8
dc_hu_harm_gptoss_mixed.jsonl,none+ga5bs16,80,6,40,40,80,0.8498,0.86216,0.86389,0.73657,0.84005,0.95868,0.86797,0.77022,0.84691,0.96356,20.4
dc_hu_harm_gptoss_mixed.jsonl,none+ga5bs16,80,7,40,40,80,0.88118,0.88156,0.93006,0.69008,0.91791,0.98669,0.9588,0.73001,0.86549,0.97194,28.3
dc_hu_harm_gptoss_mixed.jsonl,none+ga4bs16,50,0,25,25,50,0.82426,0.85207,0.78828,0.66219,0.87046,0.97612,0.84332,0.71419,0.88506,0.96569,19.7
dc_hu_harm_gptoss_mixed.jsonl,none+ga4bs16,50,1,25,25,50,0.87047,0.86699,0.89887,0.7407,0.86712,0.97521,0.88343,0.76843,0.83722,0.97886,19.9
dc_hu_harm_gptoss_mixed.jsonl,none+ga4bs16,50,2,25,25,50,0.88703,0.87492,0.92155,0.69835,0.93785,0.99036,0.91501,0.69849,0.92644,0.95976,18.7
dc_hu_harm_gptoss_mixed.jsonl,none+ga4bs16,50,3,25,25,50,0.9067,0.89307,0.88658,0.81508,0.95177,0.97337,0.92625,0.75206,0.92317,0.97079,18.8
dc_hu_harm_gptoss_mixed.jsonl,none+ga4bs16,50,4,25,25,50,0.82051,0.81341,0.79962,0.70764,0.82023,0.95455,0.75487,0.74259,0.81193,0.94424,19.2
dc_hu_harm_gptoss_mixed.jsonl,none+ga4bs16,50,5,25,25,50,0.87657,0.87933,0.89792,0.68492,0.92894,0.99449,0.90355,0.73825,0.90385,0.97168,18.8
dc_hu_harm_gptoss_mixed.jsonl,none+ga4bs16,50,6,25,25,50,0.91612,0.91348,0.99622,0.72107,0.9472,1.0,0.99167,0.74404,0.9318,0.98641,20.9
dc_hu_harm_gptoss_mixed.jsonl,none+ga4bs16,50,7,25,25,50,0.906,0.89105,0.9414,0.80269,0.89597,0.98393,0.93761,0.78781,0.85955,0.97923,17.4
dc_hu_harm_gptoss_mixed.jsonl,none+ga2bs16,30,0,15,15,30,0.79617,0.80333,0.75803,0.6281,0.92482,0.87374,0.68458,0.70272,0.92801,0.89801,29.0
dc_hu_harm_gptoss_mixed.jsonl,none+ga2bs16,30,1,15,15,30,0.79796,0.82783,0.74764,0.61467,0.91446,0.91506,0.78698,0.69102,0.91141,0.92191,28.6
dc_hu_harm_gptoss_mixed.jsonl,none+ga2bs16,30,2,15,15,30,0.82095,0.83283,0.8327,0.60434,0.87614,0.97062,0.82991,0.65583,0.87923,0.96637,18.5
dc_hu_harm_gptoss_mixed.jsonl,none+ga2bs16,30,3,15,15,30,0.87325,0.88289,0.93195,0.64876,0.93707,0.97521,0.93804,0.6928,0.93047,0.97022,15.2
dc_hu_harm_gptoss_mixed.jsonl,none+ga2bs16,30,4,15,15,30,0.88066,0.86215,0.89509,0.72314,0.93517,0.96924,0.87392,0.72377,0.90535,0.94554,19.9
dc_hu_harm_gptoss_mixed.jsonl,none+ga2bs16,30,5,15,15,30,0.89765,0.90555,0.97826,0.63017,0.99042,0.99174,0.98346,0.68902,0.97652,0.97319,29.0
dc_hu_harm_gptoss_mixed.jsonl,none+ga2bs16,30,6,15,15,30,0.84246,0.84883,0.85917,0.63326,0.9247,0.95271,0.82407,0.68634,0.93286,0.95205,14.8
dc_hu_harm_gptoss_mixed.jsonl,none+ga2bs16,30,7,15,15,30,0.92494,0.91291,0.99622,0.72831,0.97984,0.99541,0.98259,0.72678,0.95852,0.98376,33.4
dc_hu_harm_gptoss_mixed.jsonl,none+ga2bs16,20,0,10,10,20,0.7301,0.71499,0.60681,0.74587,0.74449,0.82323,0.56347,0.76186,0.72293,0.81169,26.1
dc_hu_harm_gptoss_mixed.jsonl,none+ga2bs16,20,1,10,10,20,0.64909,0.63874,0.53025,0.7345,0.56349,0.76814,0.5372,0.75262,0.53453,0.73063,23.9
dc_hu_harm_gptoss_mixed.jsonl,none+ga2bs16,20,2,10,10,20,0.82894,0.84398,0.77316,0.70351,0.87536,0.96373,0.79347,0.73235,0.88316,0.96694,15.0
dc_hu_harm_gptoss_mixed.jsonl,none+ga2bs16,20,3,10,10,20,0.72926,0.73857,0.5879,0.6343,0.87113,0.82369,0.57321,0.73346,0.8442,0.80342,18.6
dc_hu_harm_gptoss_mixed.jsonl,none+ga2bs16,20,4,10,10,20,0.71655,0.69857,0.56427,0.70351,0.76142,0.83701,0.56272,0.73413,0.71465,0.7828,17.3
dc_hu_harm_gptoss_mixed.jsonl,none+ga2bs16,20,5,10,10,20,0.787,0.78698,0.74953,0.63017,0.9198,0.84848,0.75249,0.65137,0.90086,0.84319,16.4
dc_hu_harm_gptoss_mixed.jsonl,none+ga2bs16,20,6,10,10,20,0.80855,0.80879,0.75992,0.63326,0.92136,0.91965,0.75595,0.70606,0.88729,0.88588,18.6
dc_hu_harm_gptoss_mixed.jsonl,none+ga2bs16,20,7,10,10,20,0.73964,0.74618,0.61437,0.55165,0.89218,0.90037,0.61527,0.63333,0.84547,0.89067,19.1
dc_hu_harm_gptoss_mixed.jsonl,none+ga1bs16,10,0,5,5,10,0.76668,0.76239,0.75236,0.5031,0.96736,0.84389,0.6902,0.54121,0.95606,0.86209,33.2
dc_hu_harm_gptoss_mixed.jsonl,none+ga1bs16,10,1,5,5,10,0.64913,0.66174,0.52552,0.70145,0.68634,0.6832,0.53558,0.74627,0.66105,0.70408,14.6
dc_hu_harm_gptoss_mixed.jsonl,none+ga1bs16,10,2,5,5,10,0.64114,0.64625,0.51985,0.67975,0.81811,0.54683,0.5292,0.7505,0.74752,0.55779,14.5
dc_hu_harm_gptoss_mixed.jsonl,none+ga1bs16,10,3,5,5,10,0.63567,0.63021,0.51134,0.6281,0.76275,0.6405,0.51071,0.6497,0.74264,0.61782,15.4
dc_hu_harm_gptoss_mixed.jsonl,none+ga1bs16,10,4,5,5,10,0.69218,0.70836,0.63138,0.71694,0.63711,0.78329,0.62219,0.75251,0.61354,0.84522,20.5
dc_hu_harm_gptoss_mixed.jsonl,none+ga1bs16,10,5,5,5,10,0.7113,0.72256,0.52268,0.64669,0.8806,0.79522,0.52476,0.74192,0.85196,0.77161,16.1
dc_hu_harm_gptoss_mixed.jsonl,none+ga1bs16,10,6,5,5,10,0.60072,0.57922,0.49244,0.8564,0.43373,0.62029,0.50995,0.78715,0.43393,0.58585,23.5
dc_hu_harm_gptoss_mixed.jsonl,none+ga1bs16,10,7,5,5,10,0.61438,0.63582,0.53403,0.63636,0.74259,0.54454,0.52822,0.73636,0.70524,0.57346,15.7
dc_hu_harm_gptoss_mixed.jsonl,none+ga1bs16,6,0,3,3,6,0.61388,0.65341,0.52457,0.55888,0.82245,0.54959,0.51222,0.68946,0.84709,0.56487,19.1
dc_hu_harm_gptoss_mixed.jsonl,none+ga1bs16,6,1,3,3,6,0.64521,0.67631,0.62854,0.42149,0.92292,0.6079,0.56272,0.59367,0.91255,0.6363,27.7
dc_hu_harm_gptoss_mixed.jsonl,none+ga1bs16,6,2,3,3,6,0.5839,0.57499,0.50378,0.82851,0.4785,0.52479,0.49697,0.80597,0.47668,0.52036,14.6
dc_hu_harm_gptoss_mixed.jsonl,none+ga1bs16,6,3,3,3,6,0.60636,0.595,0.51985,0.80062,0.47962,0.62534,0.51925,0.76944,0.47069,0.62063,13.4
dc_hu_harm_gptoss_mixed.jsonl,none+ga1bs16,6,4,3,3,6,0.7051,0.68509,0.5983,0.84298,0.65003,0.72911,0.61051,0.80664,0.60675,0.71647,26.3
dc_hu_harm_gptoss_mixed.jsonl,none+ga1bs16,6,5,3,3,6,0.57745,0.61887,0.49338,0.52479,0.76409,0.52755,0.5013,0.68512,0.75231,0.53676,14.0
dc_hu_harm_gptoss_mixed.jsonl,none+ga1bs16,6,6,3,3,6,0.6206,0.63592,0.50945,0.4907,0.87436,0.6079,0.50411,0.65894,0.80804,0.57257,15.1
dc_hu_harm_gptoss_mixed.jsonl,none+ga1bs16,6,7,3,3,6,0.56701,0.51694,0.5397,0.59091,0.57039,0.56703,0.51871,0.47873,0.53481,0.53551,13.5
dc_hu_harm_gptoss_mixed.jsonl,none+ga1bs16,4,0,2,2,4,0.59993,0.60905,0.53119,0.83988,0.43362,0.59504,0.53774,0.86099,0.45415,0.5833,18.9
dc_hu_harm_gptoss_mixed.jsonl,none+ga1bs16,4,1,2,2,4,0.58842,0.58776,0.51985,0.84091,0.49844,0.49449,0.52509,0.83827,0.49696,0.49073,15.7
dc_hu_harm_gptoss_mixed.jsonl,none+ga1bs16,4,2,2,2,4,0.56837,0.61599,0.50567,0.41839,0.84529,0.50413,0.51827,0.55101,0.8516,0.54305,14.4
dc_hu_harm_gptoss_mixed.jsonl,none+ga1bs16,4,3,2,2,4,0.56146,0.61837,0.50756,0.44008,0.79038,0.50781,0.50746,0.63411,0.81202,0.51989,13.3
dc_hu_harm_gptoss_mixed.jsonl,none+ga1bs16,4,4,2,2,4,0.62344,0.61472,0.5104,0.77066,0.66084,0.55188,0.54131,0.76788,0.63161,0.51807,15.9
dc_hu_harm_gptoss_mixed.jsonl,none+ga1bs16,4,5,2,2,4,0.57239,0.59278,0.49716,0.52789,0.72778,0.53673,0.49503,0.61461,0.75516,0.5063,14.4
dc_hu_harm_gptoss_mixed.jsonl,none+ga1bs16,4,6,2,2,4,0.55818,0.57267,0.49244,0.69215,0.56327,0.48485,0.50941,0.73157,0.5531,0.49662,12.2
dc_hu_harm_gptoss_mixed.jsonl,none+ga1bs16,4,7,2,2,4,0.57561,0.62442,0.5293,0.51446,0.82067,0.43802,0.52995,0.67198,0.80026,0.49547,12.3
dc_hu_harm_gptoss_mixed.jsonl,none+ga1bs16,2,0,1,1,2,0.55111,0.54842,0.56144,0.31921,0.87982,0.44399,0.52574,0.39207,0.87477,0.40108,17.4
dc_hu_harm_gptoss_mixed.jsonl,none+ga1bs16,2,1,1,1,2,0.58822,0.57194,0.53403,0.59504,0.73301,0.49082,0.50346,0.64402,0.69526,0.44502,15.6
dc_hu_harm_gptoss_mixed.jsonl,none+ga1bs16,2,2,1,1,2,0.56073,0.55122,0.50189,0.85331,0.38728,0.50046,0.5,0.81934,0.3854,0.50016,18.3
dc_hu_harm_gptoss_mixed.jsonl,none+ga1bs16,2,3,1,1,2,0.60065,0.60568,0.49149,0.65909,0.7309,0.52112,0.49849,0.74749,0.68246,0.49427,14.3
dc_hu_harm_gptoss_mixed.jsonl,none+ga1bs16,2,4,1,1,2,0.52942,0.59078,0.49905,0.30579,0.89274,0.42011,0.50097,0.55168,0.88321,0.42727,12.5
dc_hu_harm_gptoss_mixed.jsonl,none+ga1bs16,2,5,1,1,2,0.53701,0.55494,0.5,0.58574,0.56137,0.50092,0.5,0.67086,0.54354,0.50536,14.8
dc_hu_harm_gptoss_mixed.jsonl,none+ga1bs16,2,6,1,1,2,0.56501,0.55745,0.5,0.88636,0.37369,0.5,0.49276,0.83571,0.39127,0.51005,15.3
dc_hu_harm_gptoss_mixed.jsonl,none+ga1bs16,2,7,1,1,2,0.5726,0.5618,0.52079,0.8595,0.41011,0.5,0.51546,0.80664,0.42001,0.5051,18.1
