samples,base,n,draw,n_pos,n_neg,n_training_rows,dev_mean,eval_mean,dev_ai_dilemmas,dev_ant_hh,dev_balanced_refusal,dev_daily_dilemmas,eval_ai_dilemmas,eval_ant_hh,eval_balanced_refusal,eval_daily_dilemmas,seconds
dc_hu_harm_deepseekv4pro_eval_ai_dilemmas_kind.jsonl,none+ga5bs16,80,0,40,40,80,0.90629,0.89003,0.99433,0.67355,0.9628,0.99449,0.98702,0.67186,0.92227,0.97897,35.9
dc_hu_harm_deepseekv4pro_eval_ai_dilemmas_kind.jsonl,none+ga5bs16,80,1,40,40,80,0.90948,0.89503,1.0,0.66529,0.97951,0.99311,0.9934,0.66295,0.95161,0.97215,22.7
dc_hu_harm_deepseekv4pro_eval_ai_dilemmas_kind.jsonl,none+ga5bs16,80,2,40,40,80,0.91003,0.8874,0.97732,0.75,0.93852,0.97429,0.9694,0.73847,0.87634,0.96538,23.2
dc_hu_harm_deepseekv4pro_eval_ai_dilemmas_kind.jsonl,none+ga5bs16,80,3,40,40,80,0.89676,0.89755,0.99338,0.66219,0.94063,0.99082,0.98551,0.70639,0.92481,0.9735,22.1
dc_hu_harm_deepseekv4pro_eval_ai_dilemmas_kind.jsonl,none+ga5bs16,80,4,40,40,80,0.88669,0.89008,1.0,0.62087,0.93139,0.99449,0.99654,0.67354,0.91486,0.97537,20.7
dc_hu_harm_deepseekv4pro_eval_ai_dilemmas_kind.jsonl,none+ga5bs16,80,5,40,40,80,0.86787,0.88143,0.94802,0.60537,0.94609,0.97199,0.95772,0.64213,0.95393,0.97194,22.6
dc_hu_harm_deepseekv4pro_eval_ai_dilemmas_kind.jsonl,none+ga5bs16,80,6,40,40,80,0.91718,0.89082,0.99433,0.70868,0.97305,0.99265,0.99265,0.64691,0.94586,0.97787,21.2
dc_hu_harm_deepseekv4pro_eval_ai_dilemmas_kind.jsonl,none+ga5bs16,80,7,40,40,80,0.90858,0.89796,0.99622,0.65909,0.98452,0.99449,0.98151,0.67443,0.96039,0.97553,23.6
dc_hu_harm_deepseekv4pro_eval_ai_dilemmas_kind.jsonl,none+ga4bs16,50,0,25,25,50,0.82781,0.84363,0.88091,0.54855,0.95066,0.93113,0.87911,0.63578,0.94225,0.91738,23.7
dc_hu_harm_deepseekv4pro_eval_ai_dilemmas_kind.jsonl,none+ga4bs16,50,1,25,25,50,0.90132,0.88272,0.99433,0.67459,0.93818,0.99816,0.99676,0.61517,0.94169,0.97725,20.4
dc_hu_harm_deepseekv4pro_eval_ai_dilemmas_kind.jsonl,none+ga4bs16,50,2,25,25,50,0.8813,0.87414,0.931,0.68182,0.956,0.95638,0.94356,0.64769,0.94712,0.95819,28.4
dc_hu_harm_deepseekv4pro_eval_ai_dilemmas_kind.jsonl,none+ga4bs16,50,3,25,25,50,0.89958,0.89667,1.0,0.65909,0.94564,0.99357,0.99805,0.65672,0.95038,0.98152,25.7
dc_hu_harm_deepseekv4pro_eval_ai_dilemmas_kind.jsonl,none+ga4bs16,50,4,25,25,50,0.91704,0.87583,1.0,0.79545,0.87269,1.0,0.99957,0.68089,0.8388,0.98407,27.7
dc_hu_harm_deepseekv4pro_eval_ai_dilemmas_kind.jsonl,none+ga4bs16,50,5,25,25,50,0.8096,0.83028,0.77883,0.61364,0.94787,0.89807,0.81639,0.68467,0.90245,0.91759,18.9
dc_hu_harm_deepseekv4pro_eval_ai_dilemmas_kind.jsonl,none+ga4bs16,50,6,25,25,50,0.91529,0.89883,0.99244,0.72624,0.95166,0.99082,0.984,0.68735,0.94695,0.97704,20.6
dc_hu_harm_deepseekv4pro_eval_ai_dilemmas_kind.jsonl,none+ga4bs16,50,7,25,25,50,0.89821,0.88422,0.99811,0.68285,0.91279,0.99908,0.99211,0.6996,0.86856,0.97662,20.5
dc_hu_harm_deepseekv4pro_eval_ai_dilemmas_kind.jsonl,none+ga2bs16,30,0,15,15,30,0.70842,0.74255,0.71928,0.48554,0.88138,0.74747,0.71518,0.60748,0.868,0.77952,27.9
dc_hu_harm_deepseekv4pro_eval_ai_dilemmas_kind.jsonl,none+ga2bs16,30,1,15,15,30,0.74851,0.74499,0.72968,0.61674,0.93183,0.71579,0.75389,0.60203,0.92356,0.70049,27.2
dc_hu_harm_deepseekv4pro_eval_ai_dilemmas_kind.jsonl,none+ga2bs16,30,2,15,15,30,0.60512,0.64626,0.60775,0.35124,0.88528,0.57622,0.67971,0.52851,0.83641,0.5404,18.9
dc_hu_harm_deepseekv4pro_eval_ai_dilemmas_kind.jsonl,none+ga2bs16,30,3,15,15,30,0.81137,0.81573,0.78639,0.65393,0.94152,0.86364,0.8404,0.65304,0.89561,0.87385,17.8
dc_hu_harm_deepseekv4pro_eval_ai_dilemmas_kind.jsonl,none+ga2bs16,30,4,15,15,30,0.75989,0.76919,0.7552,0.67149,0.88238,0.73049,0.77584,0.71764,0.83042,0.75286,27.7
dc_hu_harm_deepseekv4pro_eval_ai_dilemmas_kind.jsonl,none+ga2bs16,30,5,15,15,30,0.61273,0.61551,0.55009,0.53926,0.81566,0.54591,0.55817,0.53676,0.82806,0.53905,18.9
dc_hu_harm_deepseekv4pro_eval_ai_dilemmas_kind.jsonl,none+ga2bs16,30,6,15,15,30,0.61505,0.63628,0.56616,0.52996,0.81221,0.55188,0.56985,0.58265,0.83516,0.55748,19.7
dc_hu_harm_deepseekv4pro_eval_ai_dilemmas_kind.jsonl,none+ga2bs16,30,7,15,15,30,0.73038,0.73873,0.75142,0.58678,0.92081,0.66253,0.80212,0.6037,0.88275,0.66634,21.7
dc_hu_harm_deepseekv4pro_eval_ai_dilemmas_kind.jsonl,none+ga2bs16,20,0,10,10,20,0.61154,0.63142,0.59924,0.45868,0.8327,0.55556,0.59764,0.5186,0.85395,0.5555,23.7
dc_hu_harm_deepseekv4pro_eval_ai_dilemmas_kind.jsonl,none+ga2bs16,20,1,10,10,20,0.61256,0.63273,0.59357,0.41322,0.88605,0.55739,0.62154,0.52294,0.88772,0.4987,19.4
dc_hu_harm_deepseekv4pro_eval_ai_dilemmas_kind.jsonl,none+ga2bs16,20,2,10,10,20,0.69323,0.74718,0.61626,0.46694,0.89586,0.79385,0.65268,0.6272,0.94198,0.76687,21.8
dc_hu_harm_deepseekv4pro_eval_ai_dilemmas_kind.jsonl,none+ga2bs16,20,3,10,10,20,0.77008,0.78941,0.73913,0.57851,0.92749,0.83517,0.77974,0.64146,0.89261,0.84382,20.4
dc_hu_harm_deepseekv4pro_eval_ai_dilemmas_kind.jsonl,none+ga2bs16,20,4,10,10,20,0.61942,0.64184,0.5482,0.4938,0.86222,0.57346,0.54347,0.59445,0.8877,0.54175,17.4
dc_hu_harm_deepseekv4pro_eval_ai_dilemmas_kind.jsonl,none+ga2bs16,20,5,10,10,20,0.61203,0.67261,0.56711,0.41529,0.87893,0.58678,0.59072,0.5959,0.91634,0.58746,20.3
dc_hu_harm_deepseekv4pro_eval_ai_dilemmas_kind.jsonl,none+ga2bs16,20,6,10,10,20,0.59079,0.62929,0.54253,0.41116,0.86311,0.54637,0.54347,0.57006,0.87261,0.53103,17.5
dc_hu_harm_deepseekv4pro_eval_ai_dilemmas_kind.jsonl,none+ga2bs16,20,7,10,10,20,0.60756,0.61459,0.55766,0.49277,0.85364,0.52617,0.56856,0.54957,0.85638,0.48386,16.8
dc_hu_harm_deepseekv4pro_eval_ai_dilemmas_kind.jsonl,none+ga1bs16,10,0,5,5,10,0.56499,0.59113,0.50378,0.54132,0.67354,0.54132,0.50616,0.66797,0.65213,0.53827,16.7
dc_hu_harm_deepseekv4pro_eval_ai_dilemmas_kind.jsonl,none+ga1bs16,10,1,5,5,10,0.56403,0.5932,0.48582,0.50517,0.7564,0.50872,0.49513,0.60671,0.75124,0.51973,15.0
dc_hu_harm_deepseekv4pro_eval_ai_dilemmas_kind.jsonl,none+ga1bs16,10,2,5,5,10,0.54175,0.56713,0.50756,0.46074,0.69592,0.50275,0.50227,0.56806,0.70516,0.49302,14.3
dc_hu_harm_deepseekv4pro_eval_ai_dilemmas_kind.jsonl,none+ga1bs16,10,3,5,5,10,0.55256,0.58715,0.49244,0.43492,0.75808,0.52479,0.50043,0.57173,0.7556,0.52082,16.2
dc_hu_harm_deepseekv4pro_eval_ai_dilemmas_kind.jsonl,none+ga1bs16,10,4,5,5,10,0.60038,0.62457,0.53214,0.45971,0.83805,0.57163,0.52909,0.59568,0.82949,0.54404,15.9
dc_hu_harm_deepseekv4pro_eval_ai_dilemmas_kind.jsonl,none+ga1bs16,10,5,5,5,10,0.57655,0.59693,0.53592,0.42872,0.76075,0.58081,0.53287,0.53709,0.76529,0.55248,16.6
dc_hu_harm_deepseekv4pro_eval_ai_dilemmas_kind.jsonl,none+ga1bs16,10,6,5,5,10,0.57908,0.61918,0.50567,0.46694,0.7877,0.55601,0.51308,0.63021,0.80371,0.52973,16.8
dc_hu_harm_deepseekv4pro_eval_ai_dilemmas_kind.jsonl,none+ga1bs16,10,7,5,5,10,0.6212,0.60884,0.53119,0.78409,0.59145,0.57805,0.53341,0.74282,0.57517,0.58398,17.6
dc_hu_harm_deepseekv4pro_eval_ai_dilemmas_kind.jsonl,none+ga1bs16,6,0,3,3,6,0.51236,0.57471,0.49527,0.31405,0.75574,0.48439,0.49913,0.50702,0.79561,0.49708,17.1
dc_hu_harm_deepseekv4pro_eval_ai_dilemmas_kind.jsonl,none+ga1bs16,6,1,3,3,6,0.56489,0.57648,0.48582,0.51033,0.7896,0.47383,0.49589,0.57496,0.75755,0.47751,16.1
dc_hu_harm_deepseekv4pro_eval_ai_dilemmas_kind.jsonl,none+ga1bs16,6,2,3,3,6,0.60336,0.58909,0.51512,0.70558,0.68356,0.50918,0.51341,0.65984,0.65231,0.53082,15.8
dc_hu_harm_deepseekv4pro_eval_ai_dilemmas_kind.jsonl,none+ga1bs16,6,3,3,3,6,0.53474,0.5634,0.5397,0.44628,0.71174,0.44123,0.56553,0.54478,0.69776,0.44554,14.5
dc_hu_harm_deepseekv4pro_eval_ai_dilemmas_kind.jsonl,none+ga1bs16,6,4,3,3,6,0.55934,0.61066,0.53214,0.46488,0.71876,0.52158,0.53147,0.66407,0.71935,0.52775,15.8
dc_hu_harm_deepseekv4pro_eval_ai_dilemmas_kind.jsonl,none+ga1bs16,6,5,3,3,6,0.55253,0.56371,0.49338,0.60331,0.60838,0.50505,0.49935,0.6184,0.61682,0.52025,16.4
dc_hu_harm_deepseekv4pro_eval_ai_dilemmas_kind.jsonl,none+ga1bs16,6,6,3,3,6,0.57566,0.59186,0.50284,0.53719,0.76721,0.49541,0.51103,0.60147,0.75619,0.49875,16.0
dc_hu_harm_deepseekv4pro_eval_ai_dilemmas_kind.jsonl,none+ga1bs16,6,7,3,3,6,0.54747,0.55745,0.49811,0.58161,0.60604,0.50413,0.50746,0.65115,0.55028,0.52093,17.0
dc_hu_harm_deepseekv4pro_eval_ai_dilemmas_kind.jsonl,none+ga1bs16,4,0,2,2,4,0.6938,0.72257,0.75047,0.50517,0.86255,0.65702,0.77292,0.62152,0.79058,0.70528,19.0
dc_hu_harm_deepseekv4pro_eval_ai_dilemmas_kind.jsonl,none+ga1bs16,4,1,2,2,4,0.55279,0.59465,0.48393,0.41219,0.83203,0.48301,0.49308,0.56783,0.83201,0.48568,17.2
dc_hu_harm_deepseekv4pro_eval_ai_dilemmas_kind.jsonl,none+ga1bs16,4,2,2,2,4,0.58235,0.5788,0.53875,0.47107,0.7847,0.53489,0.53676,0.4961,0.75446,0.52785,15.6
dc_hu_harm_deepseekv4pro_eval_ai_dilemmas_kind.jsonl,none+ga1bs16,4,3,2,2,4,0.53146,0.55903,0.49433,0.43079,0.75351,0.4472,0.49859,0.48017,0.79869,0.45866,15.4
dc_hu_harm_deepseekv4pro_eval_ai_dilemmas_kind.jsonl,none+ga1bs16,4,4,2,2,4,0.56879,0.56645,0.54537,0.43802,0.78993,0.50184,0.52617,0.47327,0.77029,0.4961,16.5
dc_hu_harm_deepseekv4pro_eval_ai_dilemmas_kind.jsonl,none+ga1bs16,4,5,2,2,4,0.54175,0.55208,0.48582,0.45351,0.77679,0.45087,0.492,0.4873,0.77791,0.45111,17.0
dc_hu_harm_deepseekv4pro_eval_ai_dilemmas_kind.jsonl,none+ga1bs16,4,6,2,2,4,0.58998,0.60626,0.53214,0.52996,0.78269,0.51515,0.53352,0.60036,0.78174,0.50942,17.6
dc_hu_harm_deepseekv4pro_eval_ai_dilemmas_kind.jsonl,none+ga1bs16,4,7,2,2,4,0.47922,0.58641,0.48866,0.21074,0.75652,0.46097,0.50119,0.55714,0.83608,0.45122,16.2
dc_hu_harm_deepseekv4pro_eval_ai_dilemmas_kind.jsonl,none+ga1bs16,2,0,1,1,2,0.51957,0.56853,0.52079,0.29752,0.75306,0.50689,0.52465,0.50423,0.79301,0.45221,18.6
dc_hu_harm_deepseekv4pro_eval_ai_dilemmas_kind.jsonl,none+ga1bs16,2,1,1,1,2,0.54913,0.57721,0.51229,0.43182,0.76621,0.48623,0.52703,0.54712,0.76072,0.47397,14.9
dc_hu_harm_deepseekv4pro_eval_ai_dilemmas_kind.jsonl,none+ga1bs16,2,2,1,1,2,0.61614,0.63783,0.52552,0.58781,0.86133,0.4899,0.52617,0.63923,0.88164,0.50427,15.4
dc_hu_harm_deepseekv4pro_eval_ai_dilemmas_kind.jsonl,none+ga1bs16,2,3,1,1,2,0.55419,0.55062,0.52457,0.50517,0.77378,0.41322,0.51265,0.50123,0.7576,0.43102,15.4
dc_hu_harm_deepseekv4pro_eval_ai_dilemmas_kind.jsonl,none+ga1bs16,2,4,1,1,2,0.56919,0.57599,0.49244,0.59298,0.71475,0.47658,0.49903,0.61996,0.69091,0.49406,16.7
dc_hu_harm_deepseekv4pro_eval_ai_dilemmas_kind.jsonl,none+ga1bs16,2,5,1,1,2,0.53191,0.55399,0.51607,0.46178,0.73246,0.41736,0.51352,0.49955,0.74919,0.45372,16.3
dc_hu_harm_deepseekv4pro_eval_ai_dilemmas_kind.jsonl,none+ga1bs16,2,6,1,1,2,0.54887,0.5722,0.50945,0.41219,0.87347,0.40037,0.50703,0.49465,0.88682,0.4003,16.3
dc_hu_harm_deepseekv4pro_eval_ai_dilemmas_kind.jsonl,none+ga1bs16,2,7,1,1,2,0.54868,0.55874,0.55104,0.45868,0.80163,0.38338,0.53028,0.45411,0.83449,0.41608,15.5
dc_hu_harm_deepseekv4pro_eval_ai_dilemmas_loko.jsonl,none+ga22bs16,350,0,175,175,350,0.88941,0.87768,0.92722,0.72934,0.90521,0.99587,0.96918,0.68668,0.87508,0.9798,36.8
dc_hu_harm_deepseekv4pro_eval_ai_dilemmas_loko.jsonl,none+ga22bs16,350,1,175,175,350,0.88856,0.88633,0.9206,0.69525,0.94297,0.99541,0.96799,0.67053,0.93034,0.97647,38.2
dc_hu_harm_deepseekv4pro_eval_ai_dilemmas_loko.jsonl,none+ga22bs16,350,2,175,175,350,0.88918,0.87708,0.91115,0.72624,0.9276,0.99174,0.95275,0.68144,0.90506,0.96908,37.7
dc_hu_harm_deepseekv4pro_eval_ai_dilemmas_loko.jsonl,none+ga22bs16,350,3,175,175,350,0.89933,0.87993,0.92817,0.75103,0.92638,0.99174,0.96767,0.68879,0.88748,0.97579,37.0
dc_hu_harm_deepseekv4pro_eval_ai_dilemmas_loko.jsonl,none+ga22bs16,350,4,175,175,350,0.87602,0.86739,0.87429,0.73967,0.90299,0.98714,0.93718,0.69102,0.86233,0.97902,38.4
dc_hu_harm_deepseekv4pro_eval_ai_dilemmas_loko.jsonl,none+ga22bs16,350,5,175,175,350,0.88493,0.87705,0.92628,0.70145,0.91936,0.99265,0.96929,0.68233,0.88401,0.97256,38.2
dc_hu_harm_deepseekv4pro_eval_ai_dilemmas_loko.jsonl,none+ga22bs16,350,6,175,175,350,0.90624,0.87951,0.93667,0.76446,0.92749,0.99633,0.96551,0.69125,0.88205,0.97923,42.6
dc_hu_harm_deepseekv4pro_eval_ai_dilemmas_loko.jsonl,none+ga22bs16,350,7,175,175,350,0.89419,0.88419,0.94234,0.69835,0.93974,0.99633,0.97891,0.67008,0.90732,0.98042,42.0
dc_hu_harm_deepseekv4pro_eval_ai_dilemmas_loko.jsonl,none+ga11bs16,170,0,85,85,170,0.87287,0.88061,0.90926,0.65599,0.94275,0.98347,0.9654,0.6526,0.92409,0.98037,26.4
dc_hu_harm_deepseekv4pro_eval_ai_dilemmas_loko.jsonl,none+ga11bs16,170,1,85,85,170,0.84908,0.84063,0.80246,0.7376,0.87648,0.9798,0.84202,0.71029,0.84214,0.96809,25.2
dc_hu_harm_deepseekv4pro_eval_ai_dilemmas_loko.jsonl,none+ga11bs16,170,2,85,85,170,0.88048,0.88602,0.88941,0.68905,0.9609,0.98255,0.95491,0.67922,0.94651,0.96345,25.4
dc_hu_harm_deepseekv4pro_eval_ai_dilemmas_loko.jsonl,none+ga11bs16,170,3,85,85,170,0.86268,0.87623,0.86484,0.66736,0.93963,0.97888,0.91306,0.68813,0.93436,0.96939,23.1
dc_hu_harm_deepseekv4pro_eval_ai_dilemmas_loko.jsonl,none+ga11bs16,170,4,85,85,170,0.88785,0.88283,0.94612,0.69525,0.93941,0.97062,0.96075,0.68957,0.92156,0.95944,27.3
dc_hu_harm_deepseekv4pro_eval_ai_dilemmas_loko.jsonl,none+ga11bs16,170,5,85,85,170,0.87513,0.84977,0.80907,0.7655,0.93284,0.99311,0.84115,0.70773,0.8795,0.97069,27.3
dc_hu_harm_deepseekv4pro_eval_ai_dilemmas_loko.jsonl,none+ga11bs16,170,6,85,85,170,0.90113,0.89084,0.92533,0.73347,0.954,0.99174,0.94702,0.6996,0.93851,0.97824,30.4
dc_hu_harm_deepseekv4pro_eval_ai_dilemmas_loko.jsonl,none+ga11bs16,170,7,85,85,170,0.87307,0.86144,0.83365,0.7314,0.92816,0.99908,0.88733,0.70728,0.8762,0.97496,23.4
dc_hu_harm_deepseekv4pro_eval_ai_dilemmas_loko.jsonl,none+ga7bs16,110,0,55,55,110,0.91312,0.90772,0.95463,0.73864,0.96012,0.99908,0.97297,0.72789,0.94406,0.98594,24.2
dc_hu_harm_deepseekv4pro_eval_ai_dilemmas_loko.jsonl,none+ga7bs16,110,1,55,55,110,0.88098,0.87434,0.84877,0.76446,0.91713,0.99357,0.93026,0.71798,0.87381,0.97532,22.0
dc_hu_harm_deepseekv4pro_eval_ai_dilemmas_loko.jsonl,none+ga7bs16,110,2,55,55,110,0.82042,0.82415,0.74197,0.68285,0.90555,0.95133,0.75789,0.70272,0.89169,0.94429,24.3
dc_hu_harm_deepseekv4pro_eval_ai_dilemmas_loko.jsonl,none+ga7bs16,110,3,55,55,110,0.87706,0.87469,0.84688,0.70041,0.97839,0.98255,0.88127,0.69147,0.97635,0.94966,22.4
dc_hu_harm_deepseekv4pro_eval_ai_dilemmas_loko.jsonl,none+ga7bs16,110,4,55,55,110,0.86345,0.85831,0.89414,0.67045,0.89563,0.99357,0.92366,0.67164,0.87079,0.96715,23.9
dc_hu_harm_deepseekv4pro_eval_ai_dilemmas_loko.jsonl,none+ga7bs16,110,5,55,55,110,0.82109,0.83303,0.70605,0.67975,0.92058,0.97796,0.81153,0.67777,0.89088,0.95195,20.6
dc_hu_harm_deepseekv4pro_eval_ai_dilemmas_loko.jsonl,none+ga7bs16,110,6,55,55,110,0.91341,0.89689,0.97921,0.71694,0.96024,0.99725,0.984,0.66975,0.9507,0.98313,25.3
dc_hu_harm_deepseekv4pro_eval_ai_dilemmas_loko.jsonl,none+ga7bs16,110,7,55,55,110,0.90922,0.88768,0.95747,0.73554,0.94754,0.99633,0.98032,0.68568,0.90028,0.98443,20.0
dc_hu_harm_deepseekv4pro_eval_ai_dilemmas_loko.jsonl,none+ga5bs16,80,0,40,40,80,0.88022,0.88696,0.91493,0.69318,0.94397,0.96878,0.93588,0.73257,0.91197,0.96741,22.0
dc_hu_harm_deepseekv4pro_eval_ai_dilemmas_loko.jsonl,none+ga5bs16,80,1,40,40,80,0.79256,0.77645,0.61909,0.71694,0.90354,0.93067,0.63062,0.67019,0.89496,0.91004,17.9
dc_hu_harm_deepseekv4pro_eval_ai_dilemmas_loko.jsonl,none+ga5bs16,80,2,40,40,80,0.83922,0.81987,0.77883,0.70351,0.90209,0.97245,0.76665,0.68311,0.87176,0.95793,20.8
dc_hu_harm_deepseekv4pro_eval_ai_dilemmas_loko.jsonl,none+ga5bs16,80,3,40,40,80,0.8948,0.88845,0.96786,0.70661,0.92125,0.98347,0.9707,0.69748,0.91411,0.97152,18.7
dc_hu_harm_deepseekv4pro_eval_ai_dilemmas_loko.jsonl,none+ga5bs16,80,4,40,40,80,0.85387,0.8553,0.82703,0.66736,0.95322,0.96786,0.8484,0.68189,0.94577,0.94513,19.8
dc_hu_harm_deepseekv4pro_eval_ai_dilemmas_loko.jsonl,none+ga5bs16,80,5,40,40,80,0.90871,0.88737,0.89981,0.77066,0.96714,0.99725,0.93761,0.70038,0.94419,0.96731,19.5
dc_hu_harm_deepseekv4pro_eval_ai_dilemmas_loko.jsonl,none+ga5bs16,80,6,40,40,80,0.89287,0.87631,0.93856,0.70971,0.93974,0.98347,0.95707,0.66997,0.90766,0.97053,18.1
dc_hu_harm_deepseekv4pro_eval_ai_dilemmas_loko.jsonl,none+ga5bs16,80,7,40,40,80,0.90225,0.89532,0.98299,0.67975,0.9481,0.99816,0.99038,0.66852,0.93977,0.98261,21.7
dc_hu_harm_deepseekv4pro_eval_ai_dilemmas_loko.jsonl,none+ga4bs16,50,0,25,25,50,0.83138,0.83755,0.80907,0.67872,0.90109,0.93664,0.80071,0.73636,0.872,0.94112,21.0
dc_hu_harm_deepseekv4pro_eval_ai_dilemmas_loko.jsonl,none+ga4bs16,50,1,25,25,50,0.84481,0.83601,0.77883,0.7438,0.88093,0.97567,0.81088,0.71241,0.86875,0.952,17.9
dc_hu_harm_deepseekv4pro_eval_ai_dilemmas_loko.jsonl,none+ga4bs16,50,2,25,25,50,0.82104,0.83932,0.80057,0.59607,0.96926,0.91827,0.81034,0.67376,0.96576,0.90743,21.9
dc_hu_harm_deepseekv4pro_eval_ai_dilemmas_loko.jsonl,none+ga4bs16,50,3,25,25,50,0.83965,0.8344,0.72212,0.76653,0.91357,0.95638,0.74805,0.7368,0.89591,0.95684,20.2
dc_hu_harm_deepseekv4pro_eval_ai_dilemmas_loko.jsonl,none+ga4bs16,50,4,25,25,50,0.90697,0.89093,0.93762,0.7686,0.93083,0.99082,0.96583,0.70472,0.9177,0.97548,17.5
dc_hu_harm_deepseekv4pro_eval_ai_dilemmas_loko.jsonl,none+ga4bs16,50,5,25,25,50,0.77378,0.78316,0.67013,0.58678,0.90755,0.93067,0.66014,0.63444,0.91359,0.92446,19.7
dc_hu_harm_deepseekv4pro_eval_ai_dilemmas_loko.jsonl,none+ga4bs16,50,6,25,25,50,0.83062,0.84687,0.79017,0.60331,0.96803,0.96097,0.83748,0.64101,0.96386,0.94513,20.3
dc_hu_harm_deepseekv4pro_eval_ai_dilemmas_loko.jsonl,none+ga4bs16,50,7,25,25,50,0.8019,0.80702,0.73629,0.64773,0.89107,0.93251,0.76557,0.63711,0.89205,0.93336,18.9
dc_hu_harm_deepseekv4pro_eval_ai_dilemmas_loko.jsonl,none+ga2bs16,30,0,15,15,30,0.60602,0.63853,0.51701,0.46281,0.8855,0.55877,0.52455,0.58164,0.87821,0.56971,17.6
dc_hu_harm_deepseekv4pro_eval_ai_dilemmas_loko.jsonl,none+ga2bs16,30,1,15,15,30,0.7554,0.76658,0.58034,0.61467,0.92393,0.90266,0.57753,0.66184,0.94085,0.88609,28.5
dc_hu_harm_deepseekv4pro_eval_ai_dilemmas_loko.jsonl,none+ga2bs16,30,2,15,15,30,0.79609,0.81819,0.70321,0.64876,0.92604,0.90634,0.72199,0.70383,0.94677,0.90015,17.1
dc_hu_harm_deepseekv4pro_eval_ai_dilemmas_loko.jsonl,none+ga2bs16,30,3,15,15,30,0.78409,0.77889,0.64083,0.62707,0.91669,0.95179,0.63138,0.65672,0.89799,0.92946,17.6
dc_hu_harm_deepseekv4pro_eval_ai_dilemmas_loko.jsonl,none+ga2bs16,30,4,15,15,30,0.60396,0.62818,0.52647,0.56302,0.72533,0.60101,0.52249,0.69503,0.72944,0.56575,17.7
dc_hu_harm_deepseekv4pro_eval_ai_dilemmas_loko.jsonl,none+ga2bs16,30,5,15,15,30,0.91382,0.89761,0.96881,0.72624,0.97494,0.98531,0.97535,0.68011,0.96165,0.97334,27.7
dc_hu_harm_deepseekv4pro_eval_ai_dilemmas_loko.jsonl,none+ga2bs16,30,6,15,15,30,0.78289,0.78621,0.65028,0.59194,0.94397,0.94536,0.62868,0.62742,0.95286,0.93586,20.3
dc_hu_harm_deepseekv4pro_eval_ai_dilemmas_loko.jsonl,none+ga2bs16,30,7,15,15,30,0.74773,0.74381,0.55577,0.67975,0.92025,0.83517,0.56131,0.67866,0.9253,0.80998,19.7
dc_hu_harm_deepseekv4pro_eval_ai_dilemmas_loko.jsonl,none+ga2bs16,20,0,10,10,20,0.80303,0.82346,0.70038,0.70041,0.86734,0.94399,0.7846,0.67699,0.88545,0.94679,32.8
dc_hu_harm_deepseekv4pro_eval_ai_dilemmas_loko.jsonl,none+ga2bs16,20,1,10,10,20,0.8959,0.88174,0.94423,0.70661,0.95021,0.98255,0.95145,0.6722,0.93225,0.97105,18.0
dc_hu_harm_deepseekv4pro_eval_ai_dilemmas_loko.jsonl,none+ga2bs16,20,2,10,10,20,0.87475,0.83711,0.84688,0.82335,0.8894,0.93939,0.8537,0.71709,0.84418,0.93347,18.1
dc_hu_harm_deepseekv4pro_eval_ai_dilemmas_loko.jsonl,none+ga2bs16,20,3,10,10,20,0.70463,0.74671,0.57089,0.47521,0.91245,0.85996,0.58629,0.64558,0.90934,0.84564,20.3
dc_hu_harm_deepseekv4pro_eval_ai_dilemmas_loko.jsonl,none+ga2bs16,20,4,10,10,20,0.82218,0.80564,0.69754,0.68698,0.9579,0.94628,0.68036,0.67654,0.92893,0.93675,20.8
dc_hu_harm_deepseekv4pro_eval_ai_dilemmas_loko.jsonl,none+ga2bs16,20,5,10,10,20,0.77984,0.81223,0.79868,0.52686,0.84986,0.94399,0.81347,0.63812,0.85771,0.93961,13.7
dc_hu_harm_deepseekv4pro_eval_ai_dilemmas_loko.jsonl,none+ga2bs16,20,6,10,10,20,0.78836,0.8004,0.65312,0.6436,0.91457,0.94215,0.66944,0.68813,0.91165,0.93237,22.3
dc_hu_harm_deepseekv4pro_eval_ai_dilemmas_loko.jsonl,none+ga2bs16,20,7,10,10,20,0.60905,0.65526,0.49905,0.38636,0.90844,0.64233,0.50216,0.58933,0.92778,0.60178,16.4
dc_hu_harm_deepseekv4pro_eval_ai_dilemmas_loko.jsonl,none+ga1bs16,10,0,5,5,10,0.48929,0.55866,0.4896,0.23967,0.71319,0.51469,0.49935,0.52027,0.70779,0.50724,17.8
dc_hu_harm_deepseekv4pro_eval_ai_dilemmas_loko.jsonl,none+ga1bs16,10,1,5,5,10,0.54481,0.54086,0.49622,0.54339,0.60336,0.53627,0.50216,0.53052,0.60306,0.5277,18.5
dc_hu_harm_deepseekv4pro_eval_ai_dilemmas_loko.jsonl,none+ga1bs16,10,2,5,5,10,0.75602,0.79205,0.67486,0.47727,0.94631,0.92562,0.74978,0.59891,0.92645,0.89307,25.8
dc_hu_harm_deepseekv4pro_eval_ai_dilemmas_loko.jsonl,none+ga1bs16,10,3,5,5,10,0.65427,0.69039,0.53119,0.53099,0.84094,0.71396,0.51644,0.65549,0.8523,0.73735,26.2
dc_hu_harm_deepseekv4pro_eval_ai_dilemmas_loko.jsonl,none+ga1bs16,10,4,5,5,10,0.57533,0.61425,0.50189,0.57541,0.67398,0.55005,0.50551,0.69715,0.71061,0.54373,14.7
dc_hu_harm_deepseekv4pro_eval_ai_dilemmas_loko.jsonl,none+ga1bs16,10,5,5,5,10,0.6074,0.61402,0.49433,0.52893,0.85264,0.55372,0.496,0.54689,0.87095,0.54222,14.9
dc_hu_harm_deepseekv4pro_eval_ai_dilemmas_loko.jsonl,none+ga1bs16,10,6,5,5,10,0.61561,0.6419,0.51229,0.56095,0.85108,0.53811,0.50216,0.64736,0.87392,0.54415,15.4
dc_hu_harm_deepseekv4pro_eval_ai_dilemmas_loko.jsonl,none+ga1bs16,10,7,5,5,10,0.57422,0.60512,0.49811,0.63946,0.62486,0.53444,0.5,0.7515,0.65211,0.51687,14.4
dc_hu_harm_deepseekv4pro_eval_ai_dilemmas_loko.jsonl,none+ga1bs16,6,0,3,3,6,0.55269,0.57282,0.50284,0.54132,0.63032,0.53627,0.50054,0.59401,0.67054,0.52619,18.2
dc_hu_harm_deepseekv4pro_eval_ai_dilemmas_loko.jsonl,none+ga1bs16,6,1,3,3,6,0.5422,0.5771,0.51701,0.43492,0.70127,0.51561,0.51265,0.60136,0.68065,0.51374,16.4
dc_hu_harm_deepseekv4pro_eval_ai_dilemmas_loko.jsonl,none+ga1bs16,6,2,3,3,6,0.63116,0.59724,0.5482,0.83781,0.51236,0.62626,0.53612,0.76142,0.50036,0.59106,15.8
dc_hu_harm_deepseekv4pro_eval_ai_dilemmas_loko.jsonl,none+ga1bs16,6,3,3,3,6,0.56485,0.6078,0.50189,0.49793,0.74304,0.51653,0.49708,0.67632,0.73689,0.52093,16.0
dc_hu_harm_deepseekv4pro_eval_ai_dilemmas_loko.jsonl,none+ga1bs16,6,4,3,3,6,0.70418,0.69553,0.54442,0.7438,0.69793,0.83058,0.55385,0.73602,0.70078,0.79149,15.0
dc_hu_harm_deepseekv4pro_eval_ai_dilemmas_loko.jsonl,none+ga1bs16,6,5,3,3,6,0.6574,0.65963,0.5189,0.79752,0.7397,0.57346,0.51287,0.82758,0.7333,0.56476,16.7
dc_hu_harm_deepseekv4pro_eval_ai_dilemmas_loko.jsonl,none+ga1bs16,6,6,3,3,6,0.52975,0.5811,0.49905,0.38223,0.71798,0.51974,0.49989,0.59523,0.69998,0.52931,14.7
dc_hu_harm_deepseekv4pro_eval_ai_dilemmas_loko.jsonl,none+ga1bs16,6,7,3,3,6,0.60664,0.58646,0.52174,0.82231,0.51916,0.56336,0.51244,0.7779,0.50164,0.55388,15.9
dc_hu_harm_deepseekv4pro_eval_ai_dilemmas_loko.jsonl,none+ga1bs16,4,0,2,2,4,0.5914,0.61434,0.51607,0.48244,0.89786,0.46924,0.51773,0.57619,0.89851,0.46491,16.9
dc_hu_harm_deepseekv4pro_eval_ai_dilemmas_loko.jsonl,none+ga1bs16,4,1,2,2,4,0.64775,0.63931,0.51512,0.63946,0.79272,0.64371,0.50638,0.68,0.79789,0.57299,29.1
dc_hu_harm_deepseekv4pro_eval_ai_dilemmas_loko.jsonl,none+ga1bs16,4,2,2,2,4,0.587,0.63756,0.53686,0.30682,0.83582,0.6685,0.52974,0.47594,0.87679,0.66779,15.4
dc_hu_harm_deepseekv4pro_eval_ai_dilemmas_loko.jsonl,none+ga1bs16,4,3,2,2,4,0.62416,0.63764,0.4896,0.69112,0.7544,0.56152,0.49686,0.76565,0.74114,0.54691,14.8
dc_hu_harm_deepseekv4pro_eval_ai_dilemmas_loko.jsonl,none+ga1bs16,4,4,2,2,4,0.52498,0.56359,0.58696,0.2624,0.74783,0.50275,0.56142,0.45901,0.72676,0.50718,23.8
dc_hu_harm_deepseekv4pro_eval_ai_dilemmas_loko.jsonl,none+ga1bs16,4,5,2,2,4,0.54963,0.55324,0.5,0.80579,0.39274,0.5,0.50703,0.82312,0.38276,0.50005,20.2
dc_hu_harm_deepseekv4pro_eval_ai_dilemmas_loko.jsonl,none+ga1bs16,4,6,2,2,4,0.63435,0.64233,0.5879,0.42562,0.90544,0.61846,0.5745,0.49399,0.88732,0.61349,16.0
dc_hu_harm_deepseekv4pro_eval_ai_dilemmas_loko.jsonl,none+ga1bs16,4,7,2,2,4,0.63869,0.65495,0.50095,0.60847,0.86957,0.57576,0.49935,0.70394,0.84039,0.57611,12.6
dc_hu_harm_deepseekv4pro_eval_ai_dilemmas_loko.jsonl,none+ga1bs16,2,0,1,1,2,0.59439,0.60125,0.55388,0.72211,0.50835,0.5932,0.5333,0.78592,0.49909,0.58668,18.3
dc_hu_harm_deepseekv4pro_eval_ai_dilemmas_loko.jsonl,none+ga1bs16,2,1,1,1,2,0.64576,0.63098,0.5586,0.66942,0.79394,0.56107,0.52984,0.71597,0.76335,0.51473,16.7
dc_hu_harm_deepseekv4pro_eval_ai_dilemmas_loko.jsonl,none+ga1bs16,2,2,1,1,2,0.59379,0.62354,0.50095,0.3657,0.84551,0.66299,0.50032,0.49053,0.88435,0.61896,24.6
dc_hu_harm_deepseekv4pro_eval_ai_dilemmas_loko.jsonl,none+ga1bs16,2,3,1,1,2,0.51385,0.54497,0.5,0.67459,0.38082,0.5,0.5,0.8092,0.37084,0.49984,16.6
dc_hu_harm_deepseekv4pro_eval_ai_dilemmas_loko.jsonl,none+ga1bs16,2,4,1,1,2,0.54659,0.53422,0.5,0.81612,0.37024,0.5,0.5,0.76643,0.37045,0.5,17.6
dc_hu_harm_deepseekv4pro_eval_ai_dilemmas_loko.jsonl,none+ga1bs16,2,5,1,1,2,0.54432,0.61078,0.50756,0.31921,0.87714,0.47337,0.50746,0.56249,0.89437,0.47881,23.4
dc_hu_harm_deepseekv4pro_eval_ai_dilemmas_loko.jsonl,none+ga1bs16,2,6,1,1,2,0.5487,0.5496,0.5,0.55992,0.61974,0.51515,0.5,0.6047,0.5886,0.5051,13.6
dc_hu_harm_deepseekv4pro_eval_ai_dilemmas_loko.jsonl,none+ga1bs16,2,7,1,1,2,0.58561,0.57416,0.56522,0.79545,0.36422,0.61754,0.55612,0.72978,0.38694,0.6238,18.0
dc_hu_harm_deepseekv4pro_eval_ant_hh_kind.jsonl,none+ga5bs16,80,0,40,40,80,0.64971,0.63319,0.55104,0.79545,0.49844,0.7539,0.55482,0.74504,0.48855,0.74433,24.6
dc_hu_harm_deepseekv4pro_eval_ant_hh_kind.jsonl,none+ga5bs16,80,1,40,40,80,0.64785,0.63736,0.54537,0.78512,0.50011,0.76079,0.54952,0.76543,0.48861,0.74589,21.1
dc_hu_harm_deepseekv4pro_eval_ant_hh_kind.jsonl,none+ga5bs16,80,2,40,40,80,0.66747,0.64637,0.55388,0.81818,0.52005,0.77778,0.54314,0.77824,0.49656,0.76754,22.4
dc_hu_harm_deepseekv4pro_eval_ant_hh_kind.jsonl,none+ga5bs16,80,3,40,40,80,0.6528,0.64296,0.5794,0.72727,0.52172,0.78283,0.57612,0.71508,0.49228,0.78837,21.2
dc_hu_harm_deepseekv4pro_eval_ant_hh_kind.jsonl,none+ga5bs16,80,4,40,40,80,0.67906,0.66058,0.58507,0.80785,0.51247,0.81084,0.56974,0.7838,0.49867,0.79009,19.0
dc_hu_harm_deepseekv4pro_eval_ant_hh_kind.jsonl,none+ga5bs16,80,5,40,40,80,0.68071,0.67562,0.58696,0.80992,0.52707,0.7989,0.58705,0.79862,0.51485,0.80196,24.3
dc_hu_harm_deepseekv4pro_eval_ant_hh_kind.jsonl,none+ga5bs16,80,6,40,40,80,0.6851,0.68126,0.57089,0.82748,0.52707,0.81497,0.58121,0.80274,0.52996,0.81112,18.5
dc_hu_harm_deepseekv4pro_eval_ant_hh_kind.jsonl,none+ga5bs16,80,7,40,40,80,0.66865,0.65476,0.5775,0.80992,0.51582,0.77135,0.57083,0.76743,0.50029,0.78051,20.2
dc_hu_harm_deepseekv4pro_eval_ant_hh_kind.jsonl,none+ga4bs16,50,0,25,25,50,0.67567,0.67414,0.58034,0.83264,0.49632,0.79339,0.58261,0.81956,0.50166,0.79274,25.4
dc_hu_harm_deepseekv4pro_eval_ant_hh_kind.jsonl,none+ga4bs16,50,1,25,25,50,0.6803,0.65318,0.53592,0.8874,0.499,0.7989,0.54509,0.81076,0.50306,0.7538,20.1
dc_hu_harm_deepseekv4pro_eval_ant_hh_kind.jsonl,none+ga4bs16,50,2,25,25,50,0.69887,0.68172,0.58129,0.875,0.51047,0.82874,0.56163,0.82658,0.51764,0.82101,19.8
dc_hu_harm_deepseekv4pro_eval_ant_hh_kind.jsonl,none+ga4bs16,50,3,25,25,50,0.65999,0.64964,0.58129,0.79545,0.48819,0.77502,0.58077,0.7965,0.4765,0.74479,21.3
dc_hu_harm_deepseekv4pro_eval_ant_hh_kind.jsonl,none+ga4bs16,50,4,25,25,50,0.66982,0.6626,0.56994,0.80785,0.51682,0.78466,0.57872,0.8121,0.51054,0.74906,20.3
dc_hu_harm_deepseekv4pro_eval_ant_hh_kind.jsonl,none+ga4bs16,50,5,25,25,50,0.68424,0.65493,0.52836,0.91942,0.544,0.74518,0.52465,0.85854,0.52402,0.71252,18.9
dc_hu_harm_deepseekv4pro_eval_ant_hh_kind.jsonl,none+ga4bs16,50,6,25,25,50,0.7123,0.7056,0.61342,0.85537,0.52595,0.85445,0.63203,0.81176,0.52479,0.85381,23.7
dc_hu_harm_deepseekv4pro_eval_ant_hh_kind.jsonl,none+ga4bs16,50,7,25,25,50,0.64999,0.63839,0.57372,0.7624,0.49844,0.76538,0.5665,0.74081,0.49948,0.74677,18.9
dc_hu_harm_deepseekv4pro_eval_ant_hh_kind.jsonl,none+ga2bs16,30,0,15,15,30,0.64494,0.63767,0.54064,0.80888,0.5039,0.72635,0.54866,0.80385,0.49845,0.69971,20.7
dc_hu_harm_deepseekv4pro_eval_ant_hh_kind.jsonl,none+ga2bs16,30,1,15,15,30,0.64294,0.63201,0.51607,0.82955,0.50301,0.72314,0.51892,0.82078,0.50413,0.68419,20.0
dc_hu_harm_deepseekv4pro_eval_ant_hh_kind.jsonl,none+ga2bs16,30,2,15,15,30,0.66784,0.65901,0.57656,0.80579,0.50802,0.78099,0.56272,0.772,0.51421,0.78712,18.3
dc_hu_harm_deepseekv4pro_eval_ant_hh_kind.jsonl,none+ga2bs16,30,3,15,15,30,0.66697,0.64626,0.52079,0.87087,0.53286,0.74334,0.52649,0.82156,0.51514,0.72183,18.0
dc_hu_harm_deepseekv4pro_eval_ant_hh_kind.jsonl,none+ga2bs16,30,4,15,15,30,0.63148,0.61987,0.53686,0.77273,0.4863,0.73003,0.55396,0.73123,0.47949,0.71481,18.2
dc_hu_harm_deepseekv4pro_eval_ant_hh_kind.jsonl,none+ga2bs16,30,5,15,15,30,0.64566,0.63599,0.53497,0.81612,0.52172,0.70983,0.5359,0.81221,0.50921,0.68664,18.4
dc_hu_harm_deepseekv4pro_eval_ant_hh_kind.jsonl,none+ga2bs16,30,6,15,15,30,0.67239,0.64646,0.54159,0.86054,0.51882,0.7686,0.54942,0.79661,0.51525,0.72454,15.3
dc_hu_harm_deepseekv4pro_eval_ant_hh_kind.jsonl,none+ga2bs16,30,7,15,15,30,0.64722,0.62904,0.50851,0.86777,0.52205,0.69054,0.51525,0.83493,0.50491,0.66108,16.9
dc_hu_harm_deepseekv4pro_eval_ant_hh_kind.jsonl,none+ga2bs16,20,0,10,10,20,0.63857,0.62556,0.58034,0.76033,0.47717,0.73646,0.58575,0.73535,0.4878,0.69336,20.7
dc_hu_harm_deepseekv4pro_eval_ant_hh_kind.jsonl,none+ga2bs16,20,1,10,10,20,0.6276,0.62168,0.5397,0.80888,0.49376,0.66804,0.54228,0.77801,0.4893,0.67711,16.3
dc_hu_harm_deepseekv4pro_eval_ant_hh_kind.jsonl,none+ga2bs16,20,2,10,10,20,0.65806,0.63113,0.52741,0.86777,0.51715,0.71993,0.5226,0.84685,0.5114,0.64369,17.1
dc_hu_harm_deepseekv4pro_eval_ant_hh_kind.jsonl,none+ga2bs16,20,3,10,10,20,0.68576,0.69093,0.61153,0.78719,0.50501,0.8393,0.63765,0.79004,0.50038,0.83564,21.0
dc_hu_harm_deepseekv4pro_eval_ant_hh_kind.jsonl,none+ga2bs16,20,4,10,10,20,0.6394,0.61275,0.52647,0.90496,0.5215,0.60468,0.51525,0.84117,0.51019,0.58439,16.3
dc_hu_harm_deepseekv4pro_eval_ant_hh_kind.jsonl,none+ga2bs16,20,5,10,10,20,0.66915,0.66382,0.55009,0.82955,0.49209,0.80487,0.57807,0.79817,0.47867,0.80034,18.2
dc_hu_harm_deepseekv4pro_eval_ant_hh_kind.jsonl,none+ga2bs16,20,6,10,10,20,0.69333,0.66032,0.54537,0.90289,0.5528,0.77227,0.55569,0.81644,0.51776,0.75141,15.7
dc_hu_harm_deepseekv4pro_eval_ant_hh_kind.jsonl,none+ga2bs16,20,7,10,10,20,0.66052,0.65224,0.56427,0.80785,0.48118,0.7888,0.56261,0.80798,0.47521,0.76317,19.5
dc_hu_harm_deepseekv4pro_eval_ant_hh_kind.jsonl,none+ga1bs16,10,0,5,5,10,0.68265,0.66619,0.56711,0.86674,0.63789,0.65886,0.54844,0.82669,0.63297,0.65665,24.0
dc_hu_harm_deepseekv4pro_eval_ant_hh_kind.jsonl,none+ga1bs16,10,1,5,5,10,0.69002,0.66201,0.53686,0.87603,0.63644,0.71074,0.54033,0.82557,0.64449,0.63765,22.7
dc_hu_harm_deepseekv4pro_eval_ant_hh_kind.jsonl,none+ga1bs16,10,2,5,5,10,0.71929,0.69086,0.61342,0.8936,0.57218,0.79798,0.61657,0.82713,0.57026,0.74948,19.1
dc_hu_harm_deepseekv4pro_eval_ant_hh_kind.jsonl,none+ga1bs16,10,3,5,5,10,0.64134,0.62579,0.50945,0.88223,0.55937,0.61433,0.51622,0.84707,0.58515,0.55472,14.9
dc_hu_harm_deepseekv4pro_eval_ant_hh_kind.jsonl,none+ga1bs16,10,4,5,5,10,0.66781,0.64825,0.50756,0.91632,0.5421,0.70523,0.51871,0.85431,0.55236,0.66764,17.1
dc_hu_harm_deepseekv4pro_eval_ant_hh_kind.jsonl,none+ga1bs16,10,5,5,5,10,0.67418,0.64479,0.5293,0.91219,0.5812,0.67401,0.52249,0.83593,0.58822,0.6325,16.0
dc_hu_harm_deepseekv4pro_eval_ant_hh_kind.jsonl,none+ga1bs16,10,6,5,5,10,0.6482,0.64237,0.51985,0.87397,0.5773,0.62167,0.52865,0.89363,0.55686,0.59033,14.6
dc_hu_harm_deepseekv4pro_eval_ant_hh_kind.jsonl,none+ga1bs16,10,7,5,5,10,0.64715,0.62376,0.48393,0.8781,0.61361,0.61295,0.50216,0.82836,0.61036,0.55414,13.5
dc_hu_harm_deepseekv4pro_eval_ant_hh_kind.jsonl,none+ga1bs16,6,0,3,3,6,0.62743,0.62422,0.49905,0.86983,0.53063,0.61019,0.51557,0.84841,0.55531,0.57757,19.7
dc_hu_harm_deepseekv4pro_eval_ant_hh_kind.jsonl,none+ga1bs16,6,1,3,3,6,0.64151,0.62668,0.55198,0.82231,0.57697,0.61478,0.56315,0.7955,0.56971,0.57835,15.7
dc_hu_harm_deepseekv4pro_eval_ant_hh_kind.jsonl,none+ga1bs16,6,2,3,3,6,0.66801,0.65292,0.52079,0.7469,0.82446,0.57989,0.52033,0.7564,0.7912,0.54373,14.9
dc_hu_harm_deepseekv4pro_eval_ant_hh_kind.jsonl,none+ga1bs16,6,3,3,3,6,0.64955,0.64548,0.5293,0.79442,0.71753,0.55693,0.52033,0.82045,0.67278,0.56836,15.8
dc_hu_harm_deepseekv4pro_eval_ant_hh_kind.jsonl,none+ga1bs16,6,4,3,3,6,0.64118,0.62117,0.53119,0.82438,0.59757,0.61157,0.5226,0.83014,0.57305,0.55888,16.5
dc_hu_harm_deepseekv4pro_eval_ant_hh_kind.jsonl,none+ga1bs16,6,5,3,3,6,0.62382,0.61564,0.50189,0.82645,0.57329,0.59366,0.5026,0.82925,0.56451,0.56622,15.0
dc_hu_harm_deepseekv4pro_eval_ant_hh_kind.jsonl,none+ga1bs16,6,6,3,3,6,0.65487,0.65222,0.51607,0.71694,0.75562,0.63085,0.51903,0.76019,0.75176,0.57788,15.6
dc_hu_harm_deepseekv4pro_eval_ant_hh_kind.jsonl,none+ga1bs16,6,7,3,3,6,0.62751,0.62136,0.50189,0.77479,0.67643,0.55693,0.51071,0.78681,0.65454,0.53337,14.3
dc_hu_harm_deepseekv4pro_eval_ant_hh_kind.jsonl,none+ga1bs16,4,0,2,2,4,0.67943,0.63208,0.54253,0.8905,0.52205,0.76263,0.55201,0.76777,0.52595,0.68258,20.0
dc_hu_harm_deepseekv4pro_eval_ant_hh_kind.jsonl,none+ga1bs16,4,1,2,2,4,0.67489,0.66802,0.51701,0.75517,0.76164,0.66575,0.5226,0.79305,0.75701,0.59944,15.1
dc_hu_harm_deepseekv4pro_eval_ant_hh_kind.jsonl,none+ga1bs16,4,2,2,2,4,0.70425,0.66553,0.57372,0.91942,0.63745,0.68641,0.55547,0.80296,0.64792,0.65577,18.9
dc_hu_harm_deepseekv4pro_eval_ant_hh_kind.jsonl,none+ga1bs16,4,3,2,2,4,0.6207,0.60537,0.5397,0.82645,0.54411,0.57254,0.53666,0.7896,0.54583,0.54941,14.1
dc_hu_harm_deepseekv4pro_eval_ant_hh_kind.jsonl,none+ga1bs16,4,4,2,2,4,0.61389,0.60268,0.50662,0.89979,0.50735,0.54178,0.50054,0.86935,0.50685,0.534,16.5
dc_hu_harm_deepseekv4pro_eval_ant_hh_kind.jsonl,none+ga1bs16,4,5,2,2,4,0.62586,0.60248,0.51229,0.89153,0.5303,0.56933,0.50724,0.82491,0.5268,0.55097,16.5
dc_hu_harm_deepseekv4pro_eval_ant_hh_kind.jsonl,none+ga1bs16,4,6,2,2,4,0.60421,0.60712,0.49622,0.7655,0.6106,0.54454,0.49881,0.79984,0.59199,0.53785,14.9
dc_hu_harm_deepseekv4pro_eval_ant_hh_kind.jsonl,none+ga1bs16,4,7,2,2,4,0.71883,0.68352,0.56427,0.82645,0.70728,0.77732,0.58013,0.7955,0.65906,0.6994,28.5
dc_hu_harm_deepseekv4pro_eval_ant_hh_kind.jsonl,none+ga1bs16,2,0,1,1,2,0.67204,0.68873,0.53025,0.63533,0.79027,0.73232,0.54087,0.71675,0.81222,0.68508,32.9
dc_hu_harm_deepseekv4pro_eval_ant_hh_kind.jsonl,none+ga1bs16,2,1,1,1,2,0.59707,0.5982,0.51229,0.67769,0.63266,0.56566,0.50681,0.71007,0.63125,0.54467,17.5
dc_hu_harm_deepseekv4pro_eval_ant_hh_kind.jsonl,none+ga1bs16,2,2,1,1,2,0.71292,0.69166,0.51418,0.81198,0.73168,0.79385,0.51557,0.73602,0.74709,0.76796,16.4
dc_hu_harm_deepseekv4pro_eval_ant_hh_kind.jsonl,none+ga1bs16,2,3,1,1,2,0.61393,0.61002,0.50945,0.8781,0.5186,0.54959,0.51081,0.87714,0.5112,0.54092,15.9
dc_hu_harm_deepseekv4pro_eval_ant_hh_kind.jsonl,none+ga1bs16,2,4,1,1,2,0.60871,0.60632,0.54631,0.73347,0.62107,0.53398,0.54596,0.73112,0.61598,0.53223,16.4
dc_hu_harm_deepseekv4pro_eval_ant_hh_kind.jsonl,none+ga1bs16,2,5,1,1,2,0.72415,0.69474,0.58696,0.76446,0.7642,0.78099,0.57785,0.71018,0.72562,0.76531,16.0
dc_hu_harm_deepseekv4pro_eval_ant_hh_kind.jsonl,none+ga1bs16,2,6,1,1,2,0.68928,0.69952,0.54348,0.75517,0.7808,0.67769,0.52865,0.8278,0.78499,0.65665,15.0
dc_hu_harm_deepseekv4pro_eval_ant_hh_kind.jsonl,none+ga1bs16,2,7,1,1,2,0.59847,0.62792,0.5586,0.58884,0.73268,0.51377,0.55763,0.73001,0.7208,0.50323,15.1
dc_hu_harm_deepseekv4pro_eval_ant_hh_loko.jsonl,none+ga22bs16,350,0,175,175,350,0.89007,0.88872,0.99622,0.61157,0.95801,0.99449,0.99124,0.61762,0.96906,0.97694,46.3
dc_hu_harm_deepseekv4pro_eval_ant_hh_loko.jsonl,none+ga22bs16,350,1,175,175,350,0.896,0.88963,1.0,0.61364,0.97037,1.0,0.99178,0.61239,0.96955,0.9848,41.3
dc_hu_harm_deepseekv4pro_eval_ant_hh_loko.jsonl,none+ga22bs16,350,2,175,175,350,0.88072,0.88041,0.99055,0.60331,0.94464,0.98439,0.98756,0.61149,0.95115,0.97142,36.3
dc_hu_harm_deepseekv4pro_eval_ant_hh_loko.jsonl,none+ga22bs16,350,3,175,175,350,0.89382,0.89345,0.99811,0.62087,0.95812,0.99816,0.99643,0.63344,0.96221,0.98173,45.4
dc_hu_harm_deepseekv4pro_eval_ant_hh_loko.jsonl,none+ga22bs16,350,4,175,175,350,0.88568,0.88604,0.99622,0.59711,0.95857,0.99082,0.98875,0.60949,0.9646,0.98131,39.8
dc_hu_harm_deepseekv4pro_eval_ant_hh_loko.jsonl,none+ga22bs16,350,5,175,175,350,0.90179,0.88966,1.0,0.65083,0.95634,1.0,0.99103,0.62408,0.96065,0.98287,43.3
dc_hu_harm_deepseekv4pro_eval_ant_hh_loko.jsonl,none+ga22bs16,350,6,175,175,350,0.89255,0.88908,0.99811,0.63843,0.94743,0.98623,0.98908,0.64357,0.94628,0.97741,34.5
dc_hu_harm_deepseekv4pro_eval_ant_hh_loko.jsonl,none+ga22bs16,350,7,175,175,350,0.8902,0.88901,1.0,0.625,0.94542,0.99036,0.99438,0.63366,0.94851,0.97949,40.6
dc_hu_harm_deepseekv4pro_eval_ant_hh_loko.jsonl,none+ga11bs16,170,0,85,85,170,0.86882,0.88147,0.99244,0.55475,0.9423,0.98577,0.99351,0.59189,0.96035,0.98011,30.0
dc_hu_harm_deepseekv4pro_eval_ant_hh_loko.jsonl,none+ga11bs16,170,1,85,85,170,0.89715,0.89627,0.99811,0.64566,0.95355,0.99128,0.98984,0.65516,0.95989,0.98022,25.6
dc_hu_harm_deepseekv4pro_eval_ant_hh_loko.jsonl,none+ga11bs16,170,2,85,85,170,0.89114,0.88735,0.99811,0.64463,0.94063,0.98118,0.98832,0.65115,0.93944,0.97048,26.3
dc_hu_harm_deepseekv4pro_eval_ant_hh_loko.jsonl,none+ga11bs16,170,3,85,85,170,0.87924,0.88425,0.98677,0.59091,0.95857,0.98072,0.97848,0.62018,0.9703,0.96803,34.8
dc_hu_harm_deepseekv4pro_eval_ant_hh_loko.jsonl,none+ga11bs16,170,4,85,85,170,0.89682,0.88878,0.99811,0.63223,0.96246,0.99449,0.99319,0.61283,0.9658,0.98329,31.6
dc_hu_harm_deepseekv4pro_eval_ant_hh_loko.jsonl,none+ga11bs16,170,5,85,85,170,0.8765,0.88719,1.0,0.58161,0.94598,0.97842,0.99416,0.61729,0.96084,0.97647,26.4
dc_hu_harm_deepseekv4pro_eval_ant_hh_loko.jsonl,none+ga11bs16,170,6,85,85,170,0.87974,0.8955,0.99811,0.58058,0.95678,0.98347,0.99567,0.63132,0.97949,0.97553,46.9
dc_hu_harm_deepseekv4pro_eval_ant_hh_loko.jsonl,none+ga11bs16,170,7,85,85,170,0.89294,0.89065,0.99811,0.6188,0.95946,0.99541,0.98778,0.65081,0.94675,0.97725,33.8
dc_hu_harm_deepseekv4pro_eval_ant_hh_loko.jsonl,none+ga7bs16,110,0,55,55,110,0.87879,0.87819,0.98299,0.59401,0.96569,0.97245,0.9681,0.62219,0.96481,0.95767,28.4
dc_hu_harm_deepseekv4pro_eval_ant_hh_loko.jsonl,none+ga7bs16,110,1,55,55,110,0.83498,0.84126,0.81569,0.59298,0.96246,0.96878,0.87035,0.60403,0.94081,0.94986,22.2
dc_hu_harm_deepseekv4pro_eval_ant_hh_loko.jsonl,none+ga7bs16,110,2,55,55,110,0.87211,0.86874,0.99244,0.59711,0.93607,0.96281,0.98627,0.58409,0.94722,0.95736,20.6
dc_hu_harm_deepseekv4pro_eval_ant_hh_loko.jsonl,none+ga7bs16,110,3,55,55,110,0.88706,0.87434,0.97732,0.6374,0.94821,0.98531,0.98075,0.60615,0.93649,0.97397,20.5
dc_hu_harm_deepseekv4pro_eval_ant_hh_loko.jsonl,none+ga7bs16,110,4,55,55,110,0.89612,0.90237,0.99433,0.63843,0.95723,0.99449,0.99027,0.66217,0.97174,0.98532,27.1
dc_hu_harm_deepseekv4pro_eval_ant_hh_loko.jsonl,none+ga7bs16,110,5,55,55,110,0.88418,0.88615,0.97259,0.61674,0.95288,0.99449,0.97686,0.63132,0.95054,0.98589,21.5
dc_hu_harm_deepseekv4pro_eval_ant_hh_loko.jsonl,none+ga7bs16,110,6,55,55,110,0.88773,0.89623,0.99244,0.60331,0.96068,0.99449,0.98951,0.63221,0.97772,0.98547,23.9
dc_hu_harm_deepseekv4pro_eval_ant_hh_loko.jsonl,none+ga7bs16,110,7,55,55,110,0.87753,0.88896,0.98488,0.60331,0.94397,0.97796,0.96918,0.66028,0.95435,0.97204,24.7
dc_hu_harm_deepseekv4pro_eval_ant_hh_loko.jsonl,none+ga5bs16,80,0,40,40,80,0.78935,0.83584,0.78733,0.55269,0.91746,0.89991,0.87489,0.6292,0.91687,0.92238,21.9
dc_hu_harm_deepseekv4pro_eval_ant_hh_loko.jsonl,none+ga5bs16,80,1,40,40,80,0.87281,0.87806,1.0,0.56302,0.94431,0.98393,0.99081,0.61205,0.94539,0.96397,23.4
dc_hu_harm_deepseekv4pro_eval_ant_hh_loko.jsonl,none+ga5bs16,80,2,40,40,80,0.83944,0.8524,0.84688,0.6374,0.93317,0.94031,0.86235,0.70728,0.91053,0.92946,19.0
dc_hu_harm_deepseekv4pro_eval_ant_hh_loko.jsonl,none+ga5bs16,80,3,40,40,80,0.85612,0.87407,0.92533,0.56198,0.95645,0.98072,0.93523,0.63834,0.95357,0.96913,34.8
dc_hu_harm_deepseekv4pro_eval_ant_hh_loko.jsonl,none+ga5bs16,80,4,40,40,80,0.86262,0.86629,0.87051,0.6436,0.95656,0.9798,0.93101,0.63644,0.93176,0.96595,20.0
dc_hu_harm_deepseekv4pro_eval_ant_hh_loko.jsonl,none+ga5bs16,80,5,40,40,80,0.86439,0.87901,0.96975,0.56095,0.94798,0.97888,0.97567,0.62542,0.94917,0.9658,19.3
dc_hu_harm_deepseekv4pro_eval_ant_hh_loko.jsonl,none+ga5bs16,80,6,40,40,80,0.85553,0.8598,0.87618,0.63223,0.95823,0.95546,0.92885,0.63845,0.94501,0.92691,20.1
dc_hu_harm_deepseekv4pro_eval_ant_hh_loko.jsonl,none+ga5bs16,80,7,40,40,80,0.85402,0.87403,0.97921,0.51963,0.96224,0.955,0.9814,0.59044,0.98479,0.9395,22.2
dc_hu_harm_deepseekv4pro_eval_ant_hh_loko.jsonl,none+ga4bs16,50,0,25,25,50,0.87399,0.88149,0.98204,0.57851,0.95745,0.97796,0.98865,0.61272,0.96574,0.95887,25.2
dc_hu_harm_deepseekv4pro_eval_ant_hh_loko.jsonl,none+ga4bs16,50,1,25,25,50,0.868,0.87057,0.9017,0.67252,0.93083,0.96694,0.92539,0.68267,0.92002,0.95419,18.3
dc_hu_harm_deepseekv4pro_eval_ant_hh_loko.jsonl,none+ga4bs16,50,2,25,25,50,0.6039,0.63131,0.52363,0.42149,0.86578,0.60468,0.51503,0.57919,0.88396,0.54706,21.4
dc_hu_harm_deepseekv4pro_eval_ant_hh_loko.jsonl,none+ga4bs16,50,3,25,25,50,0.80128,0.80344,0.70888,0.67149,0.90555,0.91919,0.74232,0.66273,0.89746,0.91123,18.4
dc_hu_harm_deepseekv4pro_eval_ant_hh_loko.jsonl,none+ga4bs16,50,4,25,25,50,0.88595,0.87512,0.99055,0.61777,0.9511,0.98439,0.97794,0.59824,0.95995,0.96434,20.9
dc_hu_harm_deepseekv4pro_eval_ant_hh_loko.jsonl,none+ga4bs16,50,5,25,25,50,0.83264,0.8374,0.96503,0.51446,0.89329,0.95776,0.91901,0.58398,0.90047,0.94612,17.0
dc_hu_harm_deepseekv4pro_eval_ant_hh_loko.jsonl,none+ga4bs16,50,6,25,25,50,0.85556,0.87699,0.94802,0.57748,0.93027,0.96648,0.96161,0.66106,0.93485,0.95044,18.3
dc_hu_harm_deepseekv4pro_eval_ant_hh_loko.jsonl,none+ga4bs16,50,7,25,25,50,0.86627,0.86703,0.94423,0.64979,0.93027,0.94077,0.95848,0.66774,0.89082,0.95106,17.7
dc_hu_harm_deepseekv4pro_eval_ant_hh_loko.jsonl,none+ga2bs16,30,0,15,15,30,0.87426,0.87119,0.88185,0.66942,0.96046,0.98531,0.90052,0.6624,0.95391,0.96793,18.5
dc_hu_harm_deepseekv4pro_eval_ant_hh_loko.jsonl,none+ga2bs16,30,1,15,15,30,0.74057,0.77919,0.75331,0.39876,0.91947,0.89073,0.77465,0.53542,0.93129,0.87542,30.8
dc_hu_harm_deepseekv4pro_eval_ant_hh_loko.jsonl,none+ga2bs16,30,2,15,15,30,0.75093,0.78708,0.7344,0.46901,0.90867,0.89164,0.74027,0.62364,0.91318,0.87125,18.2
dc_hu_harm_deepseekv4pro_eval_ant_hh_loko.jsonl,none+ga2bs16,30,3,15,15,30,0.75715,0.78447,0.79395,0.43595,0.87492,0.92378,0.77065,0.5411,0.87957,0.94653,19.7
dc_hu_harm_deepseekv4pro_eval_ant_hh_loko.jsonl,none+ga2bs16,30,4,15,15,30,0.79882,0.80752,0.7656,0.66116,0.82223,0.94628,0.81391,0.64948,0.81364,0.95304,17.8
dc_hu_harm_deepseekv4pro_eval_ant_hh_loko.jsonl,none+ga2bs16,30,5,15,15,30,0.8716,0.88647,0.99055,0.54236,0.96725,0.98623,0.99103,0.61083,0.97454,0.96949,30.9
dc_hu_harm_deepseekv4pro_eval_ant_hh_loko.jsonl,none+ga2bs16,30,6,15,15,30,0.70973,0.71923,0.59735,0.46694,0.88895,0.88567,0.63203,0.50457,0.9119,0.8284,27.4
dc_hu_harm_deepseekv4pro_eval_ant_hh_loko.jsonl,none+ga2bs16,30,7,15,15,30,0.63818,0.6461,0.54348,0.47417,0.90009,0.63499,0.54444,0.55057,0.8986,0.5908,15.2
dc_hu_harm_deepseekv4pro_eval_ant_hh_loko.jsonl,none+ga2bs16,20,0,10,10,20,0.68346,0.69151,0.52836,0.65393,0.88305,0.6685,0.55461,0.65816,0.87896,0.6743,20.4
dc_hu_harm_deepseekv4pro_eval_ant_hh_loko.jsonl,none+ga2bs16,20,1,10,10,20,0.83222,0.84522,0.9707,0.52376,0.85509,0.97934,0.97362,0.57797,0.85132,0.97798,16.4
dc_hu_harm_deepseekv4pro_eval_ant_hh_loko.jsonl,none+ga2bs16,20,2,10,10,20,0.80748,0.80645,0.78922,0.57335,0.8894,0.97796,0.75854,0.64201,0.8706,0.95465,18.1
dc_hu_harm_deepseekv4pro_eval_ant_hh_loko.jsonl,none+ga2bs16,20,3,10,10,20,0.68713,0.68745,0.56522,0.59607,0.88427,0.70294,0.54325,0.65404,0.88189,0.67061,16.4
dc_hu_harm_deepseekv4pro_eval_ant_hh_loko.jsonl,none+ga2bs16,20,4,10,10,20,0.66539,0.7207,0.63422,0.3812,0.88628,0.75987,0.66339,0.60726,0.88551,0.72662,28.2
dc_hu_harm_deepseekv4pro_eval_ant_hh_loko.jsonl,none+ga2bs16,20,5,10,10,20,0.8525,0.8464,0.96597,0.61467,0.88539,0.94399,0.95988,0.57162,0.91319,0.94091,19.5
dc_hu_harm_deepseekv4pro_eval_ant_hh_loko.jsonl,none+ga2bs16,20,6,10,10,20,0.71237,0.74822,0.66446,0.5124,0.90588,0.76676,0.6968,0.61083,0.8859,0.79935,30.4
dc_hu_harm_deepseekv4pro_eval_ant_hh_loko.jsonl,none+ga2bs16,20,7,10,10,20,0.6988,0.70905,0.60681,0.53512,0.86723,0.78604,0.59656,0.546,0.89625,0.79738,18.4
dc_hu_harm_deepseekv4pro_eval_ant_hh_loko.jsonl,none+ga1bs16,10,0,5,5,10,0.58871,0.60796,0.50378,0.50413,0.80241,0.54454,0.50443,0.62731,0.77077,0.52931,30.7
dc_hu_harm_deepseekv4pro_eval_ant_hh_loko.jsonl,none+ga1bs16,10,1,5,5,10,0.76757,0.77023,0.72023,0.58471,0.86545,0.89991,0.67961,0.6184,0.89143,0.8915,19.2
dc_hu_harm_deepseekv4pro_eval_ant_hh_loko.jsonl,none+ga1bs16,10,2,5,5,10,0.59505,0.59,0.52552,0.71178,0.5832,0.55969,0.53276,0.72889,0.55667,0.54165,16.6
dc_hu_harm_deepseekv4pro_eval_ant_hh_loko.jsonl,none+ga1bs16,10,3,5,5,10,0.511,0.55938,0.49716,0.31715,0.70628,0.52342,0.49978,0.51637,0.70917,0.51218,13.2
dc_hu_harm_deepseekv4pro_eval_ant_hh_loko.jsonl,none+ga1bs16,10,4,5,5,10,0.55953,0.56403,0.49622,0.56612,0.66797,0.50781,0.51081,0.57719,0.64728,0.52082,15.2
dc_hu_harm_deepseekv4pro_eval_ant_hh_loko.jsonl,none+ga1bs16,10,5,5,5,10,0.55309,0.58397,0.51701,0.41219,0.72577,0.55739,0.51222,0.56004,0.72113,0.54248,13.7
dc_hu_harm_deepseekv4pro_eval_ant_hh_loko.jsonl,none+ga1bs16,10,6,5,5,10,0.58914,0.61134,0.5775,0.3843,0.81488,0.57989,0.54325,0.52618,0.86001,0.51593,23.7
dc_hu_harm_deepseekv4pro_eval_ant_hh_loko.jsonl,none+ga1bs16,10,7,5,5,10,0.50853,0.56447,0.51323,0.26033,0.75184,0.50872,0.50627,0.47494,0.757,0.51968,14.6
dc_hu_harm_deepseekv4pro_eval_ant_hh_loko.jsonl,none+ga1bs16,6,0,3,3,6,0.51226,0.55467,0.48677,0.39979,0.66295,0.49954,0.49849,0.55146,0.66467,0.50406,19.1
dc_hu_harm_deepseekv4pro_eval_ant_hh_loko.jsonl,none+ga1bs16,6,1,3,3,6,0.65982,0.68737,0.57845,0.47624,0.86099,0.7236,0.58607,0.58287,0.84105,0.73948,17.5
dc_hu_harm_deepseekv4pro_eval_ant_hh_loko.jsonl,none+ga1bs16,6,2,3,3,6,0.5545,0.59048,0.50756,0.46694,0.74627,0.49725,0.50368,0.60169,0.77284,0.4837,15.8
dc_hu_harm_deepseekv4pro_eval_ant_hh_loko.jsonl,none+ga1bs16,6,3,3,3,6,0.70957,0.71044,0.79206,0.63326,0.47082,0.94215,0.85337,0.58822,0.44837,0.95179,14.4
dc_hu_harm_deepseekv4pro_eval_ant_hh_loko.jsonl,none+ga1bs16,6,4,3,3,6,0.59444,0.6287,0.50567,0.55062,0.74616,0.5753,0.50562,0.64112,0.79268,0.57539,14.3
dc_hu_harm_deepseekv4pro_eval_ant_hh_loko.jsonl,none+ga1bs16,6,5,3,3,6,0.52553,0.56807,0.48677,0.34711,0.74025,0.52801,0.49751,0.52863,0.72616,0.51999,17.3
dc_hu_harm_deepseekv4pro_eval_ant_hh_loko.jsonl,none+ga1bs16,6,6,3,3,6,0.51477,0.55885,0.48677,0.36777,0.69492,0.50964,0.49524,0.53731,0.69416,0.50869,18.6
dc_hu_harm_deepseekv4pro_eval_ant_hh_loko.jsonl,none+ga1bs16,6,7,3,3,6,0.55261,0.5611,0.48393,0.47004,0.73212,0.52433,0.496,0.53687,0.68544,0.52608,13.8
dc_hu_harm_deepseekv4pro_eval_ant_hh_loko.jsonl,none+ga1bs16,4,0,2,2,4,0.58909,0.62708,0.53403,0.39256,0.85587,0.57392,0.52811,0.57329,0.84368,0.56325,30.8
dc_hu_harm_deepseekv4pro_eval_ant_hh_loko.jsonl,none+ga1bs16,4,1,2,2,4,0.54159,0.58686,0.49433,0.43079,0.77523,0.46602,0.50573,0.60548,0.78332,0.45288,17.4
dc_hu_harm_deepseekv4pro_eval_ant_hh_loko.jsonl,none+ga1bs16,4,2,2,2,4,0.48754,0.54759,0.50378,0.21591,0.71163,0.51882,0.49924,0.46937,0.70279,0.51895,13.5
dc_hu_harm_deepseekv4pro_eval_ant_hh_loko.jsonl,none+ga1bs16,4,3,2,2,4,0.52481,0.51005,0.4707,0.44628,0.73001,0.45225,0.48778,0.43061,0.692,0.42982,14.9
dc_hu_harm_deepseekv4pro_eval_ant_hh_loko.jsonl,none+ga1bs16,4,4,2,2,4,0.54707,0.59076,0.51512,0.40289,0.77579,0.49449,0.52476,0.55892,0.77448,0.50489,15.2
dc_hu_harm_deepseekv4pro_eval_ant_hh_loko.jsonl,none+ga1bs16,4,5,2,2,4,0.59412,0.60415,0.52363,0.64256,0.63544,0.57484,0.5106,0.69403,0.65719,0.55477,15.5
dc_hu_harm_deepseekv4pro_eval_ant_hh_loko.jsonl,none+ga1bs16,4,6,2,2,4,0.60082,0.5873,0.48677,0.85744,0.51682,0.54224,0.50616,0.79294,0.50543,0.54467,14.6
dc_hu_harm_deepseekv4pro_eval_ant_hh_loko.jsonl,none+ga1bs16,4,7,2,2,4,0.55387,0.59488,0.49811,0.46591,0.76387,0.4876,0.50497,0.61617,0.75156,0.50682,16.5
dc_hu_harm_deepseekv4pro_eval_ant_hh_loko.jsonl,none+ga1bs16,2,0,1,1,2,0.54098,0.58904,0.48204,0.52479,0.72043,0.43664,0.50141,0.71185,0.69216,0.45075,17.4
dc_hu_harm_deepseekv4pro_eval_ant_hh_loko.jsonl,none+ga1bs16,2,1,1,1,2,0.6095,0.61591,0.54253,0.50207,0.864,0.52938,0.5199,0.58666,0.82006,0.53702,16.6
dc_hu_harm_deepseekv4pro_eval_ant_hh_loko.jsonl,none+ga1bs16,2,2,1,1,2,0.50503,0.54131,0.5,0.28719,0.69113,0.54178,0.50011,0.4511,0.67856,0.53545,14.4
dc_hu_harm_deepseekv4pro_eval_ant_hh_loko.jsonl,none+ga1bs16,2,3,1,1,2,0.53279,0.57199,0.49527,0.42355,0.68846,0.52388,0.49968,0.56627,0.70765,0.51437,18.7
dc_hu_harm_deepseekv4pro_eval_ant_hh_loko.jsonl,none+ga1bs16,2,4,1,1,2,0.54293,0.587,0.55482,0.44938,0.64458,0.52296,0.53147,0.62041,0.6963,0.49984,14.6
dc_hu_harm_deepseekv4pro_eval_ant_hh_loko.jsonl,none+ga1bs16,2,5,1,1,2,0.56126,0.60366,0.52079,0.30269,0.84395,0.57759,0.52249,0.42415,0.87815,0.58986,24.4
dc_hu_harm_deepseekv4pro_eval_ant_hh_loko.jsonl,none+ga1bs16,2,6,1,1,2,0.56318,0.5494,0.50189,0.54855,0.76609,0.43618,0.51157,0.47193,0.76761,0.44648,14.4
dc_hu_harm_deepseekv4pro_eval_ant_hh_loko.jsonl,none+ga1bs16,2,7,1,1,2,0.57495,0.57771,0.50095,0.71488,0.6106,0.47337,0.5053,0.71497,0.61984,0.47074,13.9
dc_hu_harm_deepseekv4pro_eval_balanced_refusal_kind.jsonl,none+ga5bs16,80,0,40,40,80,0.86935,0.86985,0.98299,0.54132,0.99076,0.96235,0.96345,0.55558,0.99399,0.96637,32.8
dc_hu_harm_deepseekv4pro_eval_balanced_refusal_kind.jsonl,none+ga5bs16,80,1,40,40,80,0.8742,0.87075,0.97732,0.59401,0.98563,0.93985,0.96151,0.58231,0.97386,0.96533,25.6
dc_hu_harm_deepseekv4pro_eval_balanced_refusal_kind.jsonl,none+ga5bs16,80,2,40,40,80,0.87554,0.87485,0.97448,0.6095,0.9618,0.95638,0.97772,0.60303,0.94682,0.97183,34.3
dc_hu_harm_deepseekv4pro_eval_balanced_refusal_kind.jsonl,none+ga5bs16,80,3,40,40,80,0.87932,0.88148,0.96692,0.59298,0.99321,0.96419,0.98151,0.5812,0.98695,0.97626,40.5
dc_hu_harm_deepseekv4pro_eval_balanced_refusal_kind.jsonl,none+ga5bs16,80,4,40,40,80,0.87168,0.87666,0.98677,0.54959,0.99031,0.96006,0.98454,0.56416,0.9855,0.97246,33.6
dc_hu_harm_deepseekv4pro_eval_balanced_refusal_kind.jsonl,none+ga5bs16,80,5,40,40,80,0.84503,0.86244,0.94045,0.52066,0.99064,0.92837,0.94723,0.5587,0.98435,0.9595,33.9
dc_hu_harm_deepseekv4pro_eval_balanced_refusal_kind.jsonl,none+ga5bs16,80,6,40,40,80,0.84441,0.85379,0.94329,0.51446,0.99287,0.927,0.92517,0.54656,0.99449,0.94893,25.0
dc_hu_harm_deepseekv4pro_eval_balanced_refusal_kind.jsonl,none+ga5bs16,80,7,40,40,80,0.85883,0.86525,0.95274,0.54236,0.98062,0.9596,0.95956,0.56594,0.97381,0.96168,34.8
dc_hu_harm_deepseekv4pro_eval_balanced_refusal_kind.jsonl,none+ga4bs16,50,0,25,25,50,0.86844,0.87096,0.94329,0.59298,0.98753,0.94995,0.95523,0.56973,0.98983,0.96908,30.8
dc_hu_harm_deepseekv4pro_eval_balanced_refusal_kind.jsonl,none+ga4bs16,50,1,25,25,50,0.79142,0.82604,0.90926,0.42045,0.92827,0.90771,0.90603,0.50735,0.94293,0.94783,27.4
dc_hu_harm_deepseekv4pro_eval_balanced_refusal_kind.jsonl,none+ga4bs16,50,2,25,25,50,0.78971,0.79889,0.87051,0.42769,0.97449,0.88613,0.78547,0.51303,0.9856,0.91144,31.0
dc_hu_harm_deepseekv4pro_eval_balanced_refusal_kind.jsonl,none+ga4bs16,50,3,25,25,50,0.84674,0.86489,0.94991,0.49277,0.98608,0.95822,0.95859,0.53999,0.99111,0.96986,20.1
dc_hu_harm_deepseekv4pro_eval_balanced_refusal_kind.jsonl,none+ga4bs16,50,4,25,25,50,0.81873,0.82394,0.88563,0.5155,0.97249,0.90129,0.83553,0.55759,0.96974,0.93289,33.5
dc_hu_harm_deepseekv4pro_eval_balanced_refusal_kind.jsonl,none+ga4bs16,50,5,25,25,50,0.83772,0.85581,0.93573,0.51033,0.98563,0.91919,0.93069,0.55035,0.98767,0.95455,21.5
dc_hu_harm_deepseekv4pro_eval_balanced_refusal_kind.jsonl,none+ga4bs16,50,6,25,25,50,0.88793,0.88631,0.97259,0.63326,0.99499,0.95087,0.97989,0.60236,0.98916,0.97381,35.2
dc_hu_harm_deepseekv4pro_eval_balanced_refusal_kind.jsonl,none+ga4bs16,50,7,25,25,50,0.77775,0.80247,0.88469,0.3812,0.97093,0.8742,0.83802,0.50256,0.97197,0.89733,33.7
dc_hu_harm_deepseekv4pro_eval_balanced_refusal_kind.jsonl,none+ga2bs16,30,0,15,15,30,0.78041,0.80752,0.86957,0.47314,0.96581,0.81313,0.84689,0.52105,0.98692,0.87521,27.3
dc_hu_harm_deepseekv4pro_eval_balanced_refusal_kind.jsonl,none+ga2bs16,30,1,15,15,30,0.86344,0.86731,0.92817,0.58058,0.98452,0.96051,0.9441,0.57452,0.97984,0.97079,25.2
dc_hu_harm_deepseekv4pro_eval_balanced_refusal_kind.jsonl,none+ga2bs16,30,2,15,15,30,0.83374,0.83484,0.91115,0.56198,0.94999,0.91185,0.88008,0.57552,0.95392,0.92982,28.2
dc_hu_harm_deepseekv4pro_eval_balanced_refusal_kind.jsonl,none+ga2bs16,30,3,15,15,30,0.79051,0.80892,0.92628,0.42562,0.9736,0.83655,0.90376,0.46948,0.97209,0.89036,20.0
dc_hu_harm_deepseekv4pro_eval_balanced_refusal_kind.jsonl,none+ga2bs16,30,4,15,15,30,0.86858,0.87555,0.96786,0.55682,0.9873,0.96235,0.97016,0.57674,0.98416,0.97116,24.7
dc_hu_harm_deepseekv4pro_eval_balanced_refusal_kind.jsonl,none+ga2bs16,30,5,15,15,30,0.81,0.82802,0.8913,0.4969,0.956,0.89578,0.88365,0.55046,0.94669,0.93128,30.0
dc_hu_harm_deepseekv4pro_eval_balanced_refusal_kind.jsonl,none+ga2bs16,30,6,15,15,30,0.80959,0.83493,0.84688,0.48347,0.99064,0.91736,0.89544,0.53397,0.98243,0.92789,22.5
dc_hu_harm_deepseekv4pro_eval_balanced_refusal_kind.jsonl,none+ga2bs16,30,7,15,15,30,0.84613,0.86598,0.94896,0.49174,0.98608,0.95776,0.94204,0.57775,0.98156,0.96257,22.2
dc_hu_harm_deepseekv4pro_eval_balanced_refusal_kind.jsonl,none+ga2bs16,20,0,10,10,20,0.75698,0.76285,0.79206,0.49174,0.9746,0.76951,0.7234,0.53943,0.96619,0.82237,33.7
dc_hu_harm_deepseekv4pro_eval_balanced_refusal_kind.jsonl,none+ga2bs16,20,1,10,10,20,0.78751,0.81873,0.83648,0.46901,0.96302,0.88154,0.83964,0.55358,0.96006,0.92165,23.0
dc_hu_harm_deepseekv4pro_eval_balanced_refusal_kind.jsonl,none+ga2bs16,20,2,10,10,20,0.78504,0.82468,0.86389,0.48037,0.9589,0.83701,0.86083,0.5812,0.96376,0.89291,25.0
dc_hu_harm_deepseekv4pro_eval_balanced_refusal_kind.jsonl,none+ga2bs16,20,3,10,10,20,0.82681,0.829,0.85066,0.56405,0.97472,0.91781,0.8285,0.60648,0.95708,0.92394,28.5
dc_hu_harm_deepseekv4pro_eval_balanced_refusal_kind.jsonl,none+ga2bs16,20,4,10,10,20,0.80806,0.80759,0.84688,0.51963,0.97683,0.88889,0.80904,0.56249,0.96724,0.89161,26.9
dc_hu_harm_deepseekv4pro_eval_balanced_refusal_kind.jsonl,none+ga2bs16,20,5,10,10,20,0.80301,0.81841,0.88185,0.46798,0.96826,0.89394,0.87024,0.50869,0.97071,0.92399,25.4
dc_hu_harm_deepseekv4pro_eval_balanced_refusal_kind.jsonl,none+ga2bs16,20,6,10,10,20,0.85816,0.85356,0.92155,0.58574,0.98597,0.93939,0.91609,0.55992,0.98621,0.952,19.8
dc_hu_harm_deepseekv4pro_eval_balanced_refusal_kind.jsonl,none+ga2bs16,20,7,10,10,20,0.81477,0.82233,0.9225,0.47624,0.95355,0.9068,0.8617,0.55759,0.95629,0.91373,30.9
dc_hu_harm_deepseekv4pro_eval_balanced_refusal_kind.jsonl,none+ga1bs16,10,0,5,5,10,0.55999,0.60938,0.62004,0.25723,0.89252,0.47016,0.60748,0.43562,0.9052,0.48922,18.5
dc_hu_harm_deepseekv4pro_eval_balanced_refusal_kind.jsonl,none+ga1bs16,10,1,5,5,10,0.70051,0.74963,0.83837,0.28512,0.93751,0.74105,0.78828,0.46826,0.96398,0.77801,19.5
dc_hu_harm_deepseekv4pro_eval_balanced_refusal_kind.jsonl,none+ga1bs16,10,2,5,5,10,0.77894,0.79238,0.87335,0.42665,0.94709,0.86869,0.85673,0.48652,0.94116,0.8851,25.9
dc_hu_harm_deepseekv4pro_eval_balanced_refusal_kind.jsonl,none+ga1bs16,10,3,5,5,10,0.7409,0.75627,0.62665,0.55165,0.91891,0.86639,0.63419,0.59624,0.91871,0.87594,31.0
dc_hu_harm_deepseekv4pro_eval_balanced_refusal_kind.jsonl,none+ga1bs16,10,4,5,5,10,0.64981,0.67638,0.69187,0.3905,0.91724,0.59963,0.64565,0.52306,0.91854,0.61828,25.8
dc_hu_harm_deepseekv4pro_eval_balanced_refusal_kind.jsonl,none+ga1bs16,10,5,5,5,10,0.71878,0.76407,0.80057,0.38017,0.93774,0.75666,0.75865,0.48675,0.96925,0.84163,27.2
dc_hu_harm_deepseekv4pro_eval_balanced_refusal_kind.jsonl,none+ga1bs16,10,6,5,5,10,0.62538,0.65547,0.58412,0.3843,0.87425,0.65886,0.55266,0.52807,0.8969,0.64426,13.6
dc_hu_harm_deepseekv4pro_eval_balanced_refusal_kind.jsonl,none+ga1bs16,10,7,5,5,10,0.60253,0.63896,0.64556,0.27789,0.9325,0.55418,0.62284,0.41635,0.95719,0.55945,20.6
dc_hu_harm_deepseekv4pro_eval_balanced_refusal_kind.jsonl,none+ga1bs16,6,0,3,3,6,0.54672,0.57556,0.52174,0.3595,0.84373,0.46189,0.51146,0.53252,0.81114,0.44711,15.4
dc_hu_harm_deepseekv4pro_eval_balanced_refusal_kind.jsonl,none+ga1bs16,6,1,3,3,6,0.59526,0.6058,0.55009,0.46694,0.89018,0.47383,0.52995,0.55391,0.85682,0.48251,15.7
dc_hu_harm_deepseekv4pro_eval_balanced_refusal_kind.jsonl,none+ga1bs16,6,2,3,3,6,0.61411,0.64525,0.56994,0.32748,0.93874,0.62029,0.58348,0.45088,0.94704,0.59959,18.3
dc_hu_harm_deepseekv4pro_eval_balanced_refusal_kind.jsonl,none+ga1bs16,6,3,3,3,6,0.57283,0.61534,0.57656,0.31612,0.89129,0.50735,0.55526,0.50735,0.89213,0.50661,16.0
dc_hu_harm_deepseekv4pro_eval_balanced_refusal_kind.jsonl,none+ga1bs16,6,4,3,3,6,0.66291,0.66693,0.5983,0.52583,0.90354,0.62397,0.58845,0.5939,0.89944,0.58595,26.4
dc_hu_harm_deepseekv4pro_eval_balanced_refusal_kind.jsonl,none+ga1bs16,6,5,3,3,6,0.64288,0.67716,0.69943,0.28306,0.87369,0.71534,0.65841,0.41256,0.89754,0.74011,13.6
dc_hu_harm_deepseekv4pro_eval_balanced_refusal_kind.jsonl,none+ga1bs16,6,6,3,3,6,0.583,0.59421,0.52741,0.41942,0.87002,0.51515,0.52455,0.50446,0.82764,0.5202,16.2
dc_hu_harm_deepseekv4pro_eval_balanced_refusal_kind.jsonl,none+ga1bs16,6,7,3,3,6,0.59802,0.65111,0.59641,0.24793,0.89575,0.65197,0.58088,0.45845,0.91669,0.64843,15.2
dc_hu_harm_deepseekv4pro_eval_balanced_refusal_kind.jsonl,none+ga1bs16,4,0,2,2,4,0.61009,0.63776,0.55198,0.42975,0.87414,0.58448,0.53222,0.5411,0.87217,0.60553,18.3
dc_hu_harm_deepseekv4pro_eval_balanced_refusal_kind.jsonl,none+ga1bs16,4,1,2,2,4,0.60332,0.61588,0.5,0.63017,0.7652,0.51791,0.5027,0.67108,0.76996,0.51978,17.9
dc_hu_harm_deepseekv4pro_eval_balanced_refusal_kind.jsonl,none+ga1bs16,4,2,2,2,4,0.57726,0.61203,0.569,0.30579,0.8943,0.53994,0.54022,0.47962,0.91621,0.51208,28.0
dc_hu_harm_deepseekv4pro_eval_balanced_refusal_kind.jsonl,none+ga1bs16,4,3,2,2,4,0.54567,0.59317,0.53781,0.29752,0.8836,0.46373,0.52476,0.51882,0.85747,0.47163,14.7
dc_hu_harm_deepseekv4pro_eval_balanced_refusal_kind.jsonl,none+ga1bs16,4,4,2,2,4,0.58583,0.59408,0.51701,0.43182,0.87291,0.52158,0.5239,0.48374,0.87681,0.49188,14.2
dc_hu_harm_deepseekv4pro_eval_balanced_refusal_kind.jsonl,none+ga1bs16,4,5,2,2,4,0.54133,0.5782,0.56049,0.3626,0.90521,0.33701,0.54974,0.42816,0.92314,0.41176,19.3
dc_hu_harm_deepseekv4pro_eval_balanced_refusal_kind.jsonl,none+ga1bs16,4,6,2,2,4,0.51745,0.57464,0.5189,0.2686,0.84796,0.43434,0.51222,0.44787,0.86357,0.47491,15.6
dc_hu_harm_deepseekv4pro_eval_balanced_refusal_kind.jsonl,none+ga1bs16,4,7,2,2,4,0.57612,0.60022,0.54253,0.39669,0.90243,0.46281,0.54585,0.51147,0.86174,0.48183,18.3
dc_hu_harm_deepseekv4pro_eval_balanced_refusal_kind.jsonl,none+ga1bs16,2,0,1,1,2,0.57129,0.58885,0.52741,0.45455,0.79171,0.51148,0.51644,0.52874,0.80415,0.50609,19.3
dc_hu_harm_deepseekv4pro_eval_balanced_refusal_kind.jsonl,none+ga1bs16,2,1,1,1,2,0.56651,0.59393,0.53875,0.32748,0.88282,0.51699,0.52682,0.40421,0.92429,0.52041,21.1
dc_hu_harm_deepseekv4pro_eval_balanced_refusal_kind.jsonl,none+ga1bs16,2,2,1,1,2,0.59834,0.62124,0.52836,0.44731,0.86445,0.55326,0.53601,0.54355,0.84922,0.55617,33.0
dc_hu_harm_deepseekv4pro_eval_balanced_refusal_kind.jsonl,none+ga1bs16,2,3,1,1,2,0.58156,0.58977,0.52268,0.47727,0.78035,0.54591,0.51135,0.54489,0.76151,0.54134,18.4
dc_hu_harm_deepseekv4pro_eval_balanced_refusal_kind.jsonl,none+ga1bs16,2,4,1,1,2,0.57837,0.59619,0.49433,0.53616,0.75362,0.52938,0.49578,0.6507,0.69569,0.54259,14.5
dc_hu_harm_deepseekv4pro_eval_balanced_refusal_kind.jsonl,none+ga1bs16,2,5,1,1,2,0.53725,0.58129,0.54631,0.20351,0.80274,0.59642,0.52984,0.38928,0.80966,0.59637,15.3
dc_hu_harm_deepseekv4pro_eval_balanced_refusal_kind.jsonl,none+ga1bs16,2,6,1,1,2,0.53668,0.56579,0.52552,0.31198,0.75551,0.55372,0.50854,0.45645,0.73871,0.55945,16.3
dc_hu_harm_deepseekv4pro_eval_balanced_refusal_kind.jsonl,none+ga1bs16,2,7,1,1,2,0.61305,0.58568,0.50662,0.54752,0.8806,0.51745,0.50065,0.53241,0.83475,0.47491,25.1
dc_hu_harm_deepseekv4pro_eval_balanced_refusal_loko.jsonl,none+ga22bs16,350,0,175,175,350,0.93971,0.88794,1.0,0.83884,0.92092,0.99908,0.98529,0.73814,0.84391,0.98443,39.3
dc_hu_harm_deepseekv4pro_eval_balanced_refusal_loko.jsonl,none+ga22bs16,350,1,175,175,350,0.93719,0.89974,1.0,0.84917,0.90143,0.99816,0.98919,0.77935,0.84318,0.98724,44.0
dc_hu_harm_deepseekv4pro_eval_balanced_refusal_loko.jsonl,none+ga22bs16,350,2,175,175,350,0.9328,0.88484,0.99811,0.82231,0.91078,1.0,0.98313,0.73157,0.84409,0.98058,40.3
dc_hu_harm_deepseekv4pro_eval_balanced_refusal_loko.jsonl,none+ga22bs16,350,3,175,175,350,0.92188,0.86707,1.0,0.84814,0.83939,1.0,0.98551,0.7534,0.74862,0.98074,34.7
dc_hu_harm_deepseekv4pro_eval_balanced_refusal_loko.jsonl,none+ga22bs16,350,4,175,175,350,0.93027,0.88681,1.0,0.81921,0.90187,1.0,0.98443,0.7417,0.83975,0.98136,39.4
dc_hu_harm_deepseekv4pro_eval_balanced_refusal_loko.jsonl,none+ga22bs16,350,5,175,175,350,0.91643,0.86842,1.0,0.79236,0.87336,1.0,0.98216,0.72967,0.77904,0.98282,40.1
dc_hu_harm_deepseekv4pro_eval_balanced_refusal_loko.jsonl,none+ga22bs16,350,6,175,175,350,0.94089,0.89761,1.0,0.84711,0.91646,1.0,0.99351,0.75963,0.8554,0.98188,39.6
dc_hu_harm_deepseekv4pro_eval_balanced_refusal_loko.jsonl,none+ga22bs16,350,7,175,175,350,0.92479,0.87487,1.0,0.82645,0.87547,0.99725,0.98486,0.73613,0.79678,0.98173,35.5
dc_hu_harm_deepseekv4pro_eval_balanced_refusal_loko.jsonl,none+ga11bs16,170,0,85,85,170,0.92323,0.89332,0.99433,0.81715,0.90165,0.9798,0.98259,0.75674,0.85665,0.9773,27.4
dc_hu_harm_deepseekv4pro_eval_balanced_refusal_loko.jsonl,none+ga11bs16,170,1,85,85,170,0.92543,0.87588,0.98393,0.8719,0.84863,0.99725,0.96821,0.78147,0.77846,0.97537,25.1
dc_hu_harm_deepseekv4pro_eval_balanced_refusal_loko.jsonl,none+ga11bs16,170,2,85,85,170,0.93913,0.90715,1.0,0.81612,0.94041,1.0,0.99232,0.74126,0.91271,0.9823,30.5
dc_hu_harm_deepseekv4pro_eval_balanced_refusal_loko.jsonl,none+ga11bs16,170,3,85,85,170,0.93028,0.89046,1.0,0.84711,0.87859,0.99541,0.97643,0.78637,0.82142,0.97761,30.2
dc_hu_harm_deepseekv4pro_eval_balanced_refusal_loko.jsonl,none+ga11bs16,170,4,85,85,170,0.93476,0.87867,1.0,0.84504,0.90042,0.99357,0.98594,0.74738,0.80926,0.97209,31.8
dc_hu_harm_deepseekv4pro_eval_balanced_refusal_loko.jsonl,none+ga11bs16,170,5,85,85,170,0.90638,0.87325,0.95841,0.86054,0.81666,0.9899,0.9667,0.79461,0.75564,0.97605,24.4
dc_hu_harm_deepseekv4pro_eval_balanced_refusal_loko.jsonl,none+ga11bs16,170,6,85,85,170,0.92415,0.89087,0.99433,0.82335,0.88717,0.99174,0.9801,0.77668,0.82561,0.9811,28.0
dc_hu_harm_deepseekv4pro_eval_balanced_refusal_loko.jsonl,none+ga11bs16,170,7,85,85,170,0.93652,0.89371,0.99622,0.85847,0.89508,0.99633,0.988,0.76598,0.8316,0.98928,35.9
dc_hu_harm_deepseekv4pro_eval_balanced_refusal_loko.jsonl,none+ga7bs16,110,0,55,55,110,0.92667,0.87194,0.99433,0.8595,0.85286,1.0,0.97491,0.7622,0.7736,0.97704,27.7
dc_hu_harm_deepseekv4pro_eval_balanced_refusal_loko.jsonl,none+ga7bs16,110,1,55,55,110,0.90314,0.87801,0.97732,0.82025,0.84896,0.96602,0.97264,0.7867,0.79621,0.95648,19.2
dc_hu_harm_deepseekv4pro_eval_balanced_refusal_loko.jsonl,none+ga7bs16,110,2,55,55,110,0.93435,0.88919,0.99811,0.82438,0.92181,0.99311,0.98692,0.72912,0.8527,0.98803,24.4
dc_hu_harm_deepseekv4pro_eval_balanced_refusal_loko.jsonl,none+ga7bs16,110,3,55,55,110,0.90789,0.8668,0.92344,0.84504,0.88238,0.98072,0.92842,0.76843,0.81031,0.96002,27.0
dc_hu_harm_deepseekv4pro_eval_balanced_refusal_loko.jsonl,none+ga7bs16,110,4,55,55,110,0.90921,0.87559,0.99055,0.78099,0.87358,0.99174,0.97481,0.74293,0.8138,0.97085,22.5
dc_hu_harm_deepseekv4pro_eval_balanced_refusal_loko.jsonl,none+ga7bs16,110,5,55,55,110,0.93236,0.88515,0.99811,0.84711,0.88973,0.99449,0.98119,0.75986,0.81929,0.98027,27.5
dc_hu_harm_deepseekv4pro_eval_balanced_refusal_loko.jsonl,none+ga7bs16,110,6,55,55,110,0.92697,0.89539,0.95274,0.81508,0.94097,0.99908,0.97708,0.76008,0.86805,0.97636,24.6
dc_hu_harm_deepseekv4pro_eval_balanced_refusal_loko.jsonl,none+ga7bs16,110,7,55,55,110,0.92116,0.87949,0.98299,0.84298,0.89218,0.96648,0.97199,0.77022,0.80288,0.97288,23.3
dc_hu_harm_deepseekv4pro_eval_balanced_refusal_loko.jsonl,none+ga5bs16,80,0,40,40,80,0.89324,0.87664,0.92817,0.83678,0.84384,0.96419,0.95026,0.7896,0.81255,0.95413,21.1
dc_hu_harm_deepseekv4pro_eval_balanced_refusal_loko.jsonl,none+ga5bs16,80,1,40,40,80,0.87162,0.86691,0.87807,0.81818,0.84028,0.94995,0.90949,0.82134,0.79736,0.93945,22.7
dc_hu_harm_deepseekv4pro_eval_balanced_refusal_loko.jsonl,none+ga5bs16,80,2,40,40,80,0.87849,0.87319,0.86767,0.75413,0.93027,0.96189,0.89933,0.73636,0.90565,0.95143,20.5
dc_hu_harm_deepseekv4pro_eval_balanced_refusal_loko.jsonl,none+ga5bs16,80,3,40,40,80,0.88979,0.87753,0.91304,0.86054,0.83515,0.95041,0.92939,0.81354,0.82085,0.94632,23.1
dc_hu_harm_deepseekv4pro_eval_balanced_refusal_loko.jsonl,none+ga5bs16,80,4,40,40,80,0.87881,0.85661,0.91777,0.84504,0.78826,0.96419,0.91782,0.83927,0.73345,0.93591,23.3
dc_hu_harm_deepseekv4pro_eval_balanced_refusal_loko.jsonl,none+ga5bs16,80,5,40,40,80,0.90334,0.86269,0.97353,0.85744,0.82279,0.9596,0.93934,0.81076,0.74815,0.95252,25.2
dc_hu_harm_deepseekv4pro_eval_balanced_refusal_loko.jsonl,none+ga5bs16,80,6,40,40,80,0.92047,0.87527,0.96786,0.81198,0.91858,0.98347,0.9561,0.7211,0.86324,0.96064,19.9
dc_hu_harm_deepseekv4pro_eval_balanced_refusal_loko.jsonl,none+ga5bs16,80,7,40,40,80,0.90312,0.88347,0.93573,0.78306,0.90655,0.98714,0.94647,0.75217,0.85254,0.98272,24.4
dc_hu_harm_deepseekv4pro_eval_balanced_refusal_loko.jsonl,none+ga4bs16,50,0,25,25,50,0.81379,0.79388,0.70416,0.78616,0.8415,0.92332,0.76049,0.72834,0.79369,0.89301,36.9
dc_hu_harm_deepseekv4pro_eval_balanced_refusal_loko.jsonl,none+ga4bs16,50,1,25,25,50,0.92831,0.88092,1.0,0.82955,0.89196,0.99174,0.98735,0.72978,0.81871,0.98782,21.2
dc_hu_harm_deepseekv4pro_eval_balanced_refusal_loko.jsonl,none+ga4bs16,50,2,25,25,50,0.84577,0.82331,0.97921,0.85331,0.60292,0.94766,0.95675,0.79806,0.58001,0.9584,25.8
dc_hu_harm_deepseekv4pro_eval_balanced_refusal_loko.jsonl,none+ga4bs16,50,3,25,25,50,0.91197,0.89288,0.93951,0.78306,0.93083,0.99449,0.97059,0.7417,0.87692,0.9823,18.2
dc_hu_harm_deepseekv4pro_eval_balanced_refusal_loko.jsonl,none+ga4bs16,50,4,25,25,50,0.75915,0.7527,0.60302,0.78926,0.81098,0.83333,0.6263,0.79316,0.78333,0.808,22.7
dc_hu_harm_deepseekv4pro_eval_balanced_refusal_loko.jsonl,none+ga4bs16,50,5,25,25,50,0.88903,0.85917,0.93762,0.84298,0.80675,0.96878,0.94312,0.78548,0.75926,0.94882,18.6
dc_hu_harm_deepseekv4pro_eval_balanced_refusal_loko.jsonl,none+ga4bs16,50,6,25,25,50,0.86006,0.85513,0.8431,0.75413,0.8894,0.95363,0.87727,0.73368,0.87457,0.93498,18.1
dc_hu_harm_deepseekv4pro_eval_balanced_refusal_loko.jsonl,none+ga4bs16,50,7,25,25,50,0.90515,0.8971,0.94991,0.81508,0.85743,0.99816,0.97654,0.80586,0.81714,0.98886,21.6
dc_hu_harm_deepseekv4pro_eval_balanced_refusal_loko.jsonl,none+ga2bs16,30,0,15,15,30,0.75706,0.7291,0.57845,0.77789,0.91156,0.76033,0.56272,0.7378,0.84746,0.76843,21.6
dc_hu_harm_deepseekv4pro_eval_balanced_refusal_loko.jsonl,none+ga2bs16,30,1,15,15,30,0.62677,0.60892,0.5,0.80785,0.67443,0.52479,0.51665,0.75418,0.63199,0.53285,25.8
dc_hu_harm_deepseekv4pro_eval_balanced_refusal_loko.jsonl,none+ga2bs16,30,2,15,15,30,0.92511,0.89425,0.99244,0.78409,0.9276,0.99633,0.98562,0.70751,0.90077,0.98308,18.7
dc_hu_harm_deepseekv4pro_eval_balanced_refusal_loko.jsonl,none+ga2bs16,30,3,15,15,30,0.80974,0.79067,0.64178,0.74897,0.93685,0.91139,0.64014,0.74571,0.89423,0.8826,20.4
dc_hu_harm_deepseekv4pro_eval_balanced_refusal_loko.jsonl,none+ga2bs16,30,4,15,15,30,0.64797,0.63721,0.51796,0.77789,0.6918,0.60422,0.51341,0.78703,0.67414,0.57424,18.6
dc_hu_harm_deepseekv4pro_eval_balanced_refusal_loko.jsonl,none+ga2bs16,30,5,15,15,30,0.75935,0.7324,0.62854,0.84814,0.7104,0.85032,0.62738,0.74905,0.71284,0.84033,19.7
dc_hu_harm_deepseekv4pro_eval_balanced_refusal_loko.jsonl,none+ga2bs16,30,6,15,15,30,0.8363,0.79279,0.78733,0.7686,0.85309,0.93618,0.76903,0.64792,0.82335,0.93086,14.8
dc_hu_harm_deepseekv4pro_eval_balanced_refusal_loko.jsonl,none+ga2bs16,30,7,15,15,30,0.8214,0.79593,0.69849,0.76033,0.88004,0.94674,0.70945,0.727,0.83989,0.90738,25.0
dc_hu_harm_deepseekv4pro_eval_balanced_refusal_loko.jsonl,none+ga2bs16,20,0,10,10,20,0.707,0.6678,0.53025,0.90909,0.62742,0.76125,0.5319,0.82646,0.59742,0.71543,26.8
dc_hu_harm_deepseekv4pro_eval_balanced_refusal_loko.jsonl,none+ga2bs16,20,1,10,10,20,0.83652,0.81631,0.80718,0.86674,0.81956,0.85262,0.78936,0.80642,0.81356,0.85589,18.6
dc_hu_harm_deepseekv4pro_eval_balanced_refusal_loko.jsonl,none+ga2bs16,20,2,10,10,20,0.6704,0.68678,0.53781,0.68698,0.79383,0.66299,0.55407,0.73379,0.76942,0.68982,17.9
dc_hu_harm_deepseekv4pro_eval_balanced_refusal_loko.jsonl,none+ga2bs16,20,3,10,10,20,0.82485,0.81308,0.69093,0.8843,0.8151,0.90909,0.71702,0.81744,0.80953,0.90832,20.2
dc_hu_harm_deepseekv4pro_eval_balanced_refusal_loko.jsonl,none+ga2bs16,20,4,10,10,20,0.87436,0.84189,0.8327,0.77583,0.90176,0.98714,0.80861,0.75496,0.83284,0.97116,16.5
dc_hu_harm_deepseekv4pro_eval_balanced_refusal_loko.jsonl,none+ga2bs16,20,5,10,10,20,0.58966,0.59815,0.49716,0.63223,0.69893,0.5303,0.49503,0.69492,0.69266,0.51,18.0
dc_hu_harm_deepseekv4pro_eval_balanced_refusal_loko.jsonl,none+ga2bs16,20,6,10,10,20,0.88018,0.86282,0.94612,0.70145,0.87959,0.99357,0.95945,0.67866,0.83624,0.97694,16.8
dc_hu_harm_deepseekv4pro_eval_balanced_refusal_loko.jsonl,none+ga2bs16,20,7,10,10,20,0.80548,0.80903,0.74386,0.82128,0.74861,0.90817,0.79228,0.81377,0.73001,0.90004,19.7
dc_hu_harm_deepseekv4pro_eval_balanced_refusal_loko.jsonl,none+ga1bs16,10,0,5,5,10,0.68362,0.65654,0.5104,0.79855,0.65282,0.77273,0.52584,0.75707,0.62496,0.71829,20.4
dc_hu_harm_deepseekv4pro_eval_balanced_refusal_loko.jsonl,none+ga1bs16,10,1,5,5,10,0.57735,0.57663,0.50189,0.81095,0.46625,0.5303,0.50032,0.81377,0.45711,0.5353,15.3
dc_hu_harm_deepseekv4pro_eval_balanced_refusal_loko.jsonl,none+ga1bs16,10,2,5,5,10,0.53053,0.56366,0.5189,0.55475,0.52139,0.52709,0.49816,0.71051,0.5263,0.51968,17.1
dc_hu_harm_deepseekv4pro_eval_balanced_refusal_loko.jsonl,none+ga1bs16,10,3,5,5,10,0.59912,0.61301,0.49244,0.7686,0.60515,0.5303,0.4974,0.83448,0.60506,0.5151,17.1
dc_hu_harm_deepseekv4pro_eval_balanced_refusal_loko.jsonl,none+ga1bs16,10,4,5,5,10,0.57788,0.57538,0.49811,0.84917,0.45645,0.50781,0.49957,0.84016,0.44543,0.51635,17.5
dc_hu_harm_deepseekv4pro_eval_balanced_refusal_loko.jsonl,none+ga1bs16,10,5,5,5,10,0.62451,0.61836,0.49338,0.74277,0.72377,0.53811,0.49859,0.71697,0.71824,0.53962,15.9
dc_hu_harm_deepseekv4pro_eval_balanced_refusal_loko.jsonl,none+ga1bs16,10,6,5,5,10,0.51179,0.54433,0.49527,0.41632,0.60849,0.52709,0.49968,0.591,0.56696,0.51968,14.5
dc_hu_harm_deepseekv4pro_eval_balanced_refusal_loko.jsonl,none+ga1bs16,10,7,5,5,10,0.65169,0.68343,0.52552,0.56302,0.85431,0.66391,0.5479,0.6996,0.87118,0.61506,17.7
dc_hu_harm_deepseekv4pro_eval_balanced_refusal_loko.jsonl,none+ga1bs16,6,0,3,3,6,0.51155,0.58066,0.49055,0.3843,0.65805,0.51331,0.49589,0.67877,0.63902,0.50895,17.9
dc_hu_harm_deepseekv4pro_eval_balanced_refusal_loko.jsonl,none+ga1bs16,6,1,3,3,6,0.61811,0.62073,0.49905,0.69215,0.76609,0.51515,0.4987,0.73301,0.73544,0.51577,15.6
dc_hu_harm_deepseekv4pro_eval_balanced_refusal_loko.jsonl,none+ga1bs16,6,2,3,3,6,0.56971,0.59963,0.49338,0.57231,0.69615,0.51699,0.496,0.67209,0.7109,0.51952,15.4
dc_hu_harm_deepseekv4pro_eval_balanced_refusal_loko.jsonl,none+ga1bs16,6,3,3,3,6,0.52036,0.54513,0.49905,0.53512,0.53074,0.51653,0.50443,0.65048,0.50146,0.52416,18.2
dc_hu_harm_deepseekv4pro_eval_balanced_refusal_loko.jsonl,none+ga1bs16,6,4,3,3,6,0.49536,0.49887,0.50284,0.51033,0.45222,0.51607,0.49405,0.54221,0.4422,0.51702,18.8
dc_hu_harm_deepseekv4pro_eval_balanced_refusal_loko.jsonl,none+ga1bs16,6,5,3,3,6,0.58673,0.61945,0.50567,0.54855,0.74404,0.54867,0.50779,0.6693,0.77216,0.52853,15.5
dc_hu_harm_deepseekv4pro_eval_balanced_refusal_loko.jsonl,none+ga1bs16,6,6,3,3,6,0.58358,0.59558,0.49905,0.71798,0.60581,0.51148,0.50627,0.76843,0.6068,0.50083,16.5
dc_hu_harm_deepseekv4pro_eval_balanced_refusal_loko.jsonl,none+ga1bs16,6,7,3,3,6,0.55555,0.59957,0.5,0.60434,0.62152,0.49633,0.49686,0.74259,0.66611,0.49271,15.5
dc_hu_harm_deepseekv4pro_eval_balanced_refusal_loko.jsonl,none+ga1bs16,4,0,2,2,4,0.60243,0.60168,0.47826,0.86983,0.501,0.56061,0.50151,0.82847,0.51839,0.55836,18.4
dc_hu_harm_deepseekv4pro_eval_balanced_refusal_loko.jsonl,none+ga1bs16,4,1,2,2,4,0.61308,0.61413,0.5,0.86054,0.53531,0.55647,0.50173,0.84986,0.55541,0.54951,14.6
dc_hu_harm_deepseekv4pro_eval_balanced_refusal_loko.jsonl,none+ga1bs16,4,2,2,2,4,0.64254,0.61495,0.51985,0.76756,0.74694,0.53581,0.51903,0.68634,0.70254,0.55191,18.2
dc_hu_harm_deepseekv4pro_eval_balanced_refusal_loko.jsonl,none+ga1bs16,4,3,2,2,4,0.49169,0.54597,0.48866,0.29132,0.69503,0.49174,0.50606,0.46102,0.71774,0.49906,18.2
dc_hu_harm_deepseekv4pro_eval_balanced_refusal_loko.jsonl,none+ga1bs16,4,4,2,2,4,0.5706,0.59118,0.49527,0.44215,0.79494,0.55005,0.51471,0.52361,0.79611,0.5303,23.7
dc_hu_harm_deepseekv4pro_eval_balanced_refusal_loko.jsonl,none+ga1bs16,4,5,2,2,4,0.58467,0.58923,0.50851,0.51343,0.80252,0.51423,0.53525,0.57752,0.79314,0.45101,17.7
dc_hu_harm_deepseekv4pro_eval_balanced_refusal_loko.jsonl,none+ga1bs16,4,6,2,2,4,0.57182,0.57279,0.49905,0.58988,0.69882,0.49954,0.49859,0.57886,0.70539,0.50833,14.0
dc_hu_harm_deepseekv4pro_eval_balanced_refusal_loko.jsonl,none+ga1bs16,4,7,2,2,4,0.57274,0.58566,0.51323,0.44938,0.77924,0.54913,0.52152,0.53431,0.77982,0.50698,16.7
dc_hu_harm_deepseekv4pro_eval_balanced_refusal_loko.jsonl,none+ga1bs16,2,0,1,1,2,0.51217,0.53864,0.51229,0.45041,0.60893,0.47704,0.50789,0.53453,0.64436,0.46777,18.4
dc_hu_harm_deepseekv4pro_eval_balanced_refusal_loko.jsonl,none+ga1bs16,2,1,1,1,2,0.53578,0.54084,0.5189,0.57541,0.78848,0.26033,0.52065,0.58777,0.75714,0.29779,16.9
dc_hu_harm_deepseekv4pro_eval_balanced_refusal_loko.jsonl,none+ga1bs16,2,2,1,1,2,0.54332,0.5838,0.60302,0.3688,0.79695,0.4045,0.61732,0.44776,0.83205,0.43805,14.7
dc_hu_harm_deepseekv4pro_eval_balanced_refusal_loko.jsonl,none+ga1bs16,2,3,1,1,2,0.56403,0.56849,0.53119,0.65289,0.75384,0.31818,0.5399,0.67097,0.73004,0.33304,17.2
dc_hu_harm_deepseekv4pro_eval_balanced_refusal_loko.jsonl,none+ga1bs16,2,4,1,1,2,0.54418,0.52815,0.5,0.83264,0.34406,0.5,0.5,0.76999,0.3426,0.5,17.0
dc_hu_harm_deepseekv4pro_eval_balanced_refusal_loko.jsonl,none+ga1bs16,2,5,1,1,2,0.58316,0.58662,0.5104,0.54545,0.79561,0.48118,0.5293,0.60916,0.79675,0.41129,19.6
dc_hu_harm_deepseekv4pro_eval_balanced_refusal_loko.jsonl,none+ga1bs16,2,6,1,1,2,0.68242,0.67194,0.53308,0.72831,0.7759,0.69238,0.53666,0.72945,0.77171,0.64994,25.2
dc_hu_harm_deepseekv4pro_eval_balanced_refusal_loko.jsonl,none+ga1bs16,2,7,1,1,2,0.53402,0.59185,0.49527,0.36674,0.79472,0.47934,0.49935,0.55146,0.84508,0.47152,17.5
dc_hu_harm_deepseekv4pro_eval_daily_dilemmas_kind.jsonl,none+ga5bs16,80,0,40,40,80,0.80915,0.79914,0.73724,0.70455,0.83248,0.96235,0.75649,0.69258,0.80164,0.94586,25.1
dc_hu_harm_deepseekv4pro_eval_daily_dilemmas_kind.jsonl,none+ga5bs16,80,1,40,40,80,0.82255,0.80441,0.85822,0.64153,0.82624,0.96419,0.8777,0.60403,0.77313,0.96278,19.4
dc_hu_harm_deepseekv4pro_eval_daily_dilemmas_kind.jsonl,none+ga5bs16,80,2,40,40,80,0.79506,0.78772,0.71645,0.69525,0.80207,0.96648,0.76579,0.66674,0.77249,0.94586,20.3
dc_hu_harm_deepseekv4pro_eval_daily_dilemmas_kind.jsonl,none+ga5bs16,80,3,40,40,80,0.82118,0.80567,0.86862,0.63946,0.78581,0.99082,0.9242,0.60537,0.72228,0.97085,23.9
dc_hu_harm_deepseekv4pro_eval_daily_dilemmas_kind.jsonl,none+ga5bs16,80,4,40,40,80,0.84158,0.84002,0.86011,0.65186,0.87592,0.97842,0.9042,0.6438,0.83485,0.97725,20.9
dc_hu_harm_deepseekv4pro_eval_daily_dilemmas_kind.jsonl,none+ga5bs16,80,5,40,40,80,0.82417,0.80713,0.81191,0.67355,0.85253,0.95868,0.83142,0.65271,0.79821,0.94617,20.5
dc_hu_harm_deepseekv4pro_eval_daily_dilemmas_kind.jsonl,none+ga5bs16,80,6,40,40,80,0.87093,0.86779,0.93573,0.66426,0.89385,0.9899,0.97124,0.66752,0.846,0.98641,22.3
dc_hu_harm_deepseekv4pro_eval_daily_dilemmas_kind.jsonl,none+ga5bs16,80,7,40,40,80,0.85173,0.8459,0.87996,0.65806,0.87258,0.99633,0.93923,0.66061,0.81011,0.97366,21.7
dc_hu_harm_deepseekv4pro_eval_daily_dilemmas_kind.jsonl,none+ga4bs16,50,0,25,25,50,0.77116,0.75047,0.88185,0.57128,0.67053,0.96097,0.85975,0.56282,0.63502,0.94429,21.7
dc_hu_harm_deepseekv4pro_eval_daily_dilemmas_kind.jsonl,none+ga4bs16,50,1,25,25,50,0.78872,0.79482,0.7051,0.58264,0.91123,0.95592,0.70415,0.67264,0.86141,0.94107,18.3
dc_hu_harm_deepseekv4pro_eval_daily_dilemmas_kind.jsonl,none+ga4bs16,50,2,25,25,50,0.77077,0.76936,0.72117,0.58988,0.83538,0.93664,0.74005,0.61606,0.79904,0.92227,20.0
dc_hu_harm_deepseekv4pro_eval_daily_dilemmas_kind.jsonl,none+ga4bs16,50,3,25,25,50,0.83774,0.83962,0.86011,0.59814,0.90466,0.98806,0.87792,0.65939,0.85255,0.96861,23.9
dc_hu_harm_deepseekv4pro_eval_daily_dilemmas_kind.jsonl,none+ga4bs16,50,4,25,25,50,0.81272,0.86054,0.89225,0.5093,0.8787,0.97062,0.93123,0.7045,0.84666,0.95976,22.1
dc_hu_harm_deepseekv4pro_eval_daily_dilemmas_kind.jsonl,none+ga4bs16,50,5,25,25,50,0.82289,0.8182,0.85728,0.59091,0.86266,0.98072,0.91187,0.57051,0.82812,0.96231,23.6
dc_hu_harm_deepseekv4pro_eval_daily_dilemmas_kind.jsonl,none+ga4bs16,50,6,25,25,50,0.89029,0.84606,0.93195,0.7686,0.87347,0.98714,0.94929,0.67008,0.8051,0.95976,24.2
dc_hu_harm_deepseekv4pro_eval_daily_dilemmas_kind.jsonl,none+ga4bs16,50,7,25,25,50,0.79318,0.78419,0.70416,0.6157,0.90198,0.95087,0.69712,0.65705,0.86769,0.91488,17.8
dc_hu_harm_deepseekv4pro_eval_daily_dilemmas_kind.jsonl,none+ga2bs16,30,0,15,15,30,0.84987,0.8245,0.98488,0.7345,0.6957,0.98439,0.96864,0.69303,0.6796,0.95674,25.1
dc_hu_harm_deepseekv4pro_eval_daily_dilemmas_kind.jsonl,none+ga2bs16,30,1,15,15,30,0.66288,0.68434,0.50189,0.50723,0.8288,0.81359,0.55828,0.55547,0.83621,0.78738,20.6
dc_hu_harm_deepseekv4pro_eval_daily_dilemmas_kind.jsonl,none+ga2bs16,30,2,15,15,30,0.81241,0.79037,0.6966,0.76343,0.83092,0.95868,0.72372,0.71608,0.79529,0.92638,22.4
dc_hu_harm_deepseekv4pro_eval_daily_dilemmas_kind.jsonl,none+ga2bs16,30,3,15,15,30,0.83302,0.83674,0.79773,0.66116,0.88238,0.99082,0.89165,0.64257,0.84214,0.97059,21.3
dc_hu_harm_deepseekv4pro_eval_daily_dilemmas_kind.jsonl,none+ga2bs16,30,4,15,15,30,0.78237,0.78508,0.76749,0.57748,0.86578,0.91873,0.73832,0.61161,0.88423,0.90618,21.2
dc_hu_harm_deepseekv4pro_eval_daily_dilemmas_kind.jsonl,none+ga2bs16,30,5,15,15,30,0.84682,0.82871,0.91399,0.58471,0.90143,0.98714,0.91025,0.5577,0.89064,0.95627,23.4
dc_hu_harm_deepseekv4pro_eval_daily_dilemmas_kind.jsonl,none+ga2bs16,30,6,15,15,30,0.82562,0.81834,0.83554,0.68285,0.80842,0.97567,0.83921,0.67832,0.79019,0.96564,20.0
dc_hu_harm_deepseekv4pro_eval_daily_dilemmas_kind.jsonl,none+ga2bs16,30,7,15,15,30,0.82636,0.82412,0.79679,0.62707,0.91925,0.96235,0.82342,0.6693,0.85916,0.94461,17.1
dc_hu_harm_deepseekv4pro_eval_daily_dilemmas_kind.jsonl,none+ga2bs16,20,0,10,10,20,0.55914,0.57565,0.54442,0.43285,0.67665,0.58264,0.53298,0.4971,0.6952,0.57731,18.0
dc_hu_harm_deepseekv4pro_eval_daily_dilemmas_kind.jsonl,none+ga2bs16,20,1,10,10,20,0.82948,0.81103,0.84405,0.63223,0.87881,0.96281,0.83791,0.62553,0.84203,0.93867,18.3
dc_hu_harm_deepseekv4pro_eval_daily_dilemmas_kind.jsonl,none+ga2bs16,20,2,10,10,20,0.53291,0.59295,0.48677,0.33368,0.7515,0.55969,0.50108,0.53531,0.8008,0.53462,17.1
dc_hu_harm_deepseekv4pro_eval_daily_dilemmas_kind.jsonl,none+ga2bs16,20,3,10,10,20,0.82688,0.78988,0.862,0.61777,0.87046,0.9573,0.8989,0.51983,0.8145,0.92628,18.3
dc_hu_harm_deepseekv4pro_eval_daily_dilemmas_kind.jsonl,none+ga2bs16,20,4,10,10,20,0.76384,0.79197,0.79301,0.42769,0.89296,0.94169,0.85586,0.50145,0.92731,0.88328,16.8
dc_hu_harm_deepseekv4pro_eval_daily_dilemmas_kind.jsonl,none+ga2bs16,20,5,10,10,20,0.57797,0.58778,0.5,0.46384,0.74749,0.60055,0.51838,0.59245,0.75475,0.48553,28.7
dc_hu_harm_deepseekv4pro_eval_daily_dilemmas_kind.jsonl,none+ga2bs16,20,6,10,10,20,0.79357,0.78947,0.91493,0.53202,0.74616,0.98118,0.92355,0.56973,0.70125,0.96335,20.9
dc_hu_harm_deepseekv4pro_eval_daily_dilemmas_kind.jsonl,none+ga2bs16,20,7,10,10,20,0.7123,0.70419,0.66919,0.75517,0.58966,0.83517,0.72091,0.68568,0.57525,0.83491,16.8
dc_hu_harm_deepseekv4pro_eval_daily_dilemmas_kind.jsonl,none+ga1bs16,10,0,5,5,10,0.55279,0.56291,0.50567,0.55785,0.6389,0.50872,0.50508,0.60671,0.62891,0.51093,19.1
dc_hu_harm_deepseekv4pro_eval_daily_dilemmas_kind.jsonl,none+ga1bs16,10,1,5,5,10,0.7322,0.71112,0.57089,0.70145,0.81488,0.8416,0.57645,0.60659,0.85304,0.80841,20.1
dc_hu_harm_deepseekv4pro_eval_daily_dilemmas_kind.jsonl,none+ga1bs16,10,2,5,5,10,0.57097,0.594,0.49622,0.56921,0.62386,0.59458,0.51168,0.68,0.64076,0.54358,21.6
dc_hu_harm_deepseekv4pro_eval_daily_dilemmas_kind.jsonl,none+ga1bs16,10,3,5,5,10,0.59895,0.62297,0.52079,0.55475,0.76699,0.55326,0.52552,0.66017,0.77491,0.53129,26.7
dc_hu_harm_deepseekv4pro_eval_daily_dilemmas_kind.jsonl,none+ga1bs16,10,4,5,5,10,0.77439,0.75499,0.71456,0.71694,0.74961,0.91644,0.70069,0.67354,0.76193,0.8838,17.8
dc_hu_harm_deepseekv4pro_eval_daily_dilemmas_kind.jsonl,none+ga1bs16,10,5,5,5,10,0.6246,0.64987,0.52647,0.54855,0.77233,0.65106,0.52811,0.66451,0.79144,0.61542,18.7
dc_hu_harm_deepseekv4pro_eval_daily_dilemmas_kind.jsonl,none+ga1bs16,10,6,5,5,10,0.62817,0.64405,0.49905,0.56612,0.88093,0.56657,0.50389,0.63099,0.90895,0.53238,22.5
dc_hu_harm_deepseekv4pro_eval_daily_dilemmas_kind.jsonl,none+ga1bs16,10,7,5,5,10,0.70118,0.68868,0.58412,0.71591,0.73379,0.77089,0.57526,0.75874,0.73652,0.68419,17.4
dc_hu_harm_deepseekv4pro_eval_daily_dilemmas_kind.jsonl,none+ga1bs16,6,0,3,3,6,0.67133,0.68389,0.49527,0.6312,0.76409,0.79477,0.51676,0.66641,0.75888,0.79352,24.3
dc_hu_harm_deepseekv4pro_eval_daily_dilemmas_kind.jsonl,none+ga1bs16,6,1,3,3,6,0.50786,0.52529,0.5,0.42355,0.56059,0.54729,0.52292,0.50167,0.55755,0.519,16.6
dc_hu_harm_deepseekv4pro_eval_daily_dilemmas_kind.jsonl,none+ga1bs16,6,2,3,3,6,0.51431,0.5653,0.4811,0.42665,0.72433,0.42516,0.48562,0.59657,0.72879,0.45023,19.1
dc_hu_harm_deepseekv4pro_eval_daily_dilemmas_kind.jsonl,none+ga1bs16,6,3,3,3,6,0.49413,0.51807,0.49811,0.3719,0.60882,0.4977,0.49157,0.47249,0.60364,0.50458,14.8
dc_hu_harm_deepseekv4pro_eval_daily_dilemmas_kind.jsonl,none+ga1bs16,6,4,3,3,6,0.61874,0.64849,0.53308,0.49277,0.81366,0.63545,0.51644,0.64524,0.81149,0.62078,21.3
dc_hu_harm_deepseekv4pro_eval_daily_dilemmas_kind.jsonl,none+ga1bs16,6,5,3,3,6,0.58618,0.62917,0.48393,0.57748,0.76632,0.51699,0.49773,0.73992,0.77227,0.50677,16.1
dc_hu_harm_deepseekv4pro_eval_daily_dilemmas_kind.jsonl,none+ga1bs16,6,6,3,3,6,0.57547,0.6172,0.48299,0.51963,0.75106,0.54821,0.49827,0.64246,0.79053,0.53754,14.3
dc_hu_harm_deepseekv4pro_eval_daily_dilemmas_kind.jsonl,none+ga1bs16,6,7,3,3,6,0.60124,0.58804,0.46219,0.54959,0.76142,0.63177,0.46594,0.53375,0.81183,0.54066,22.6
dc_hu_harm_deepseekv4pro_eval_daily_dilemmas_kind.jsonl,none+ga1bs16,4,0,2,2,4,0.55947,0.56778,0.49622,0.47624,0.69748,0.56795,0.51265,0.5519,0.67844,0.52811,18.5
dc_hu_harm_deepseekv4pro_eval_daily_dilemmas_kind.jsonl,none+ga1bs16,4,1,2,2,4,0.54822,0.59046,0.49811,0.35847,0.78993,0.54637,0.49654,0.54734,0.78902,0.52895,15.7
dc_hu_harm_deepseekv4pro_eval_daily_dilemmas_kind.jsonl,none+ga1bs16,4,2,2,2,4,0.45785,0.49087,0.48488,0.51343,0.34963,0.48347,0.49535,0.61651,0.36263,0.48901,17.2
dc_hu_harm_deepseekv4pro_eval_daily_dilemmas_kind.jsonl,none+ga1bs16,4,3,2,2,4,0.78005,0.73606,0.63611,0.82955,0.79182,0.86272,0.5997,0.76543,0.77261,0.80649,16.1
dc_hu_harm_deepseekv4pro_eval_daily_dilemmas_kind.jsonl,none+ga1bs16,4,4,2,2,4,0.54969,0.57414,0.49433,0.50826,0.6654,0.53076,0.50184,0.57474,0.70383,0.51614,19.1
dc_hu_harm_deepseekv4pro_eval_daily_dilemmas_kind.jsonl,none+ga1bs16,4,5,2,2,4,0.59545,0.62624,0.55671,0.55888,0.71386,0.55234,0.53741,0.68267,0.76048,0.52442,27.1
dc_hu_harm_deepseekv4pro_eval_daily_dilemmas_kind.jsonl,none+ga1bs16,4,6,2,2,4,0.56431,0.58281,0.49338,0.50413,0.75696,0.50275,0.50335,0.54556,0.77087,0.51145,15.1
dc_hu_harm_deepseekv4pro_eval_daily_dilemmas_kind.jsonl,none+ga1bs16,4,7,2,2,4,0.527,0.56155,0.49338,0.39256,0.73168,0.49036,0.48973,0.48608,0.7668,0.50359,14.9
dc_hu_harm_deepseekv4pro_eval_daily_dilemmas_kind.jsonl,none+ga1bs16,2,0,1,1,2,0.56721,0.6143,0.49149,0.47727,0.75139,0.54867,0.4973,0.59657,0.83774,0.52561,22.3
dc_hu_harm_deepseekv4pro_eval_daily_dilemmas_kind.jsonl,none+ga1bs16,2,1,1,1,2,0.56599,0.55888,0.47921,0.45248,0.7299,0.60239,0.50119,0.55012,0.69178,0.49245,12.9
dc_hu_harm_deepseekv4pro_eval_daily_dilemmas_kind.jsonl,none+ga1bs16,2,2,1,1,2,0.52282,0.52023,0.46786,0.52273,0.69804,0.40266,0.48129,0.51771,0.68954,0.39239,17.8
dc_hu_harm_deepseekv4pro_eval_daily_dilemmas_kind.jsonl,none+ga1bs16,2,3,1,1,2,0.52501,0.57701,0.49716,0.35021,0.81922,0.43343,0.50054,0.56538,0.81554,0.42659,14.8
dc_hu_harm_deepseekv4pro_eval_daily_dilemmas_kind.jsonl,none+ga1bs16,2,4,1,1,2,0.59657,0.62835,0.51134,0.55165,0.78793,0.53535,0.51481,0.64157,0.85154,0.50547,22.7
dc_hu_harm_deepseekv4pro_eval_daily_dilemmas_kind.jsonl,none+ga1bs16,2,5,1,1,2,0.5355,0.5502,0.51323,0.37293,0.74482,0.51102,0.50368,0.47828,0.74379,0.47506,20.2
dc_hu_harm_deepseekv4pro_eval_daily_dilemmas_kind.jsonl,none+ga1bs16,2,6,1,1,2,0.58783,0.618,0.50473,0.54339,0.7945,0.50872,0.50454,0.60036,0.85548,0.51161,12.9
dc_hu_harm_deepseekv4pro_eval_daily_dilemmas_kind.jsonl,none+ga1bs16,2,7,1,1,2,0.53505,0.59154,0.52079,0.29132,0.83404,0.49403,0.52509,0.48218,0.86656,0.49235,15.7
dc_hu_harm_deepseekv4pro_eval_daily_dilemmas_loko.jsonl,none+ga22bs16,350,0,175,175,350,0.92956,0.91702,1.0,0.75,0.96826,1.0,1.0,0.71163,0.97264,0.98381,36.1
dc_hu_harm_deepseekv4pro_eval_daily_dilemmas_loko.jsonl,none+ga22bs16,350,1,175,175,350,0.93213,0.91924,1.0,0.75413,0.97438,1.0,0.99784,0.72065,0.97551,0.98298,39.3
dc_hu_harm_deepseekv4pro_eval_daily_dilemmas_loko.jsonl,none+ga22bs16,350,2,175,175,350,0.92273,0.91409,1.0,0.7376,0.95422,0.99908,0.99968,0.71141,0.95901,0.98626,36.6
dc_hu_harm_deepseekv4pro_eval_daily_dilemmas_loko.jsonl,none+ga22bs16,350,3,175,175,350,0.92143,0.91147,1.0,0.73554,0.9511,0.99908,0.99946,0.70617,0.95419,0.98605,38.3
dc_hu_harm_deepseekv4pro_eval_daily_dilemmas_loko.jsonl,none+ga22bs16,350,4,175,175,350,0.91818,0.90686,1.0,0.73347,0.94019,0.99908,0.9987,0.70762,0.93393,0.98719,37.7
dc_hu_harm_deepseekv4pro_eval_daily_dilemmas_loko.jsonl,none+ga22bs16,350,5,175,175,350,0.92528,0.91749,1.0,0.73244,0.96959,0.99908,1.0,0.71129,0.97136,0.9873,35.4
dc_hu_harm_deepseekv4pro_eval_daily_dilemmas_loko.jsonl,none+ga22bs16,350,6,175,175,350,0.92326,0.91771,1.0,0.73657,0.95923,0.99725,0.99978,0.71497,0.9666,0.98948,33.7
dc_hu_harm_deepseekv4pro_eval_daily_dilemmas_loko.jsonl,none+ga22bs16,350,7,175,175,350,0.92865,0.9151,1.0,0.7438,0.97082,1.0,0.99632,0.71753,0.96671,0.97985,36.0
dc_hu_harm_deepseekv4pro_eval_daily_dilemmas_loko.jsonl,none+ga11bs16,170,0,85,85,170,0.91105,0.9138,1.0,0.67562,0.96859,1.0,0.99849,0.69024,0.97856,0.98792,28.0
dc_hu_harm_deepseekv4pro_eval_daily_dilemmas_loko.jsonl,none+ga11bs16,170,1,85,85,170,0.94191,0.91867,1.0,0.78202,0.98608,0.99954,0.99762,0.72121,0.97396,0.98188,31.2
dc_hu_harm_deepseekv4pro_eval_daily_dilemmas_loko.jsonl,none+ga11bs16,170,2,85,85,170,0.9118,0.90889,1.0,0.70351,0.94642,0.99725,0.99913,0.70216,0.94862,0.98563,25.6
dc_hu_harm_deepseekv4pro_eval_daily_dilemmas_loko.jsonl,none+ga11bs16,170,3,85,85,170,0.931,0.91837,1.0,0.75826,0.97126,0.99449,0.99416,0.71285,0.97804,0.98844,28.2
dc_hu_harm_deepseekv4pro_eval_daily_dilemmas_loko.jsonl,none+ga11bs16,170,4,85,85,170,0.92134,0.91197,0.99905,0.72417,0.96213,1.0,0.99243,0.71096,0.95636,0.98813,25.2
dc_hu_harm_deepseekv4pro_eval_daily_dilemmas_loko.jsonl,none+ga11bs16,170,5,85,85,170,0.91338,0.90874,1.0,0.68802,0.97149,0.99403,0.99805,0.68969,0.96785,0.97938,24.8
dc_hu_harm_deepseekv4pro_eval_daily_dilemmas_loko.jsonl,none+ga11bs16,170,6,85,85,170,0.93937,0.91783,1.0,0.77893,0.98407,0.99449,0.98919,0.72366,0.97851,0.97996,26.9
dc_hu_harm_deepseekv4pro_eval_daily_dilemmas_loko.jsonl,none+ga11bs16,170,7,85,85,170,0.90964,0.91135,0.99338,0.67665,0.97126,0.99725,0.99157,0.70695,0.96077,0.9861,25.5
dc_hu_harm_deepseekv4pro_eval_daily_dilemmas_loko.jsonl,none+ga7bs16,110,0,55,55,110,0.9215,0.91445,1.0,0.71384,0.97215,1.0,0.99978,0.69626,0.97708,0.98469,26.9
dc_hu_harm_deepseekv4pro_eval_daily_dilemmas_loko.jsonl,none+ga7bs16,110,1,55,55,110,0.9083,0.90795,1.0,0.66116,0.98307,0.98898,0.98908,0.69091,0.97349,0.97834,43.3
dc_hu_harm_deepseekv4pro_eval_daily_dilemmas_loko.jsonl,none+ga7bs16,110,2,55,55,110,0.92637,0.91909,1.0,0.73554,0.97271,0.99725,0.99892,0.7172,0.97637,0.98386,35.8
dc_hu_harm_deepseekv4pro_eval_daily_dilemmas_loko.jsonl,none+ga7bs16,110,3,55,55,110,0.90396,0.90671,1.0,0.66012,0.96213,0.99357,0.99459,0.69904,0.95151,0.98167,27.3
dc_hu_harm_deepseekv4pro_eval_daily_dilemmas_loko.jsonl,none+ga7bs16,110,4,55,55,110,0.91027,0.90621,1.0,0.67355,0.96937,0.99816,0.99913,0.66195,0.98051,0.98324,23.4
dc_hu_harm_deepseekv4pro_eval_daily_dilemmas_loko.jsonl,none+ga7bs16,110,5,55,55,110,0.92409,0.91226,1.0,0.71901,0.98563,0.99174,0.99016,0.70138,0.97884,0.97865,23.1
dc_hu_harm_deepseekv4pro_eval_daily_dilemmas_loko.jsonl,none+ga7bs16,110,6,55,55,110,0.9205,0.90799,1.0,0.7314,0.95244,0.99816,0.99243,0.69592,0.965,0.9786,22.1
dc_hu_harm_deepseekv4pro_eval_daily_dilemmas_loko.jsonl,none+ga7bs16,110,7,55,55,110,0.90819,0.90444,1.0,0.68905,0.94553,0.99816,0.99957,0.67966,0.9499,0.98865,21.9
dc_hu_harm_deepseekv4pro_eval_daily_dilemmas_loko.jsonl,none+ga5bs16,80,0,40,40,80,0.91929,0.91474,1.0,0.71281,0.97171,0.99265,0.9894,0.72522,0.96579,0.97855,25.6
dc_hu_harm_deepseekv4pro_eval_daily_dilemmas_loko.jsonl,none+ga5bs16,80,1,40,40,80,0.88964,0.90213,0.93195,0.65702,0.98151,0.98806,0.94799,0.71553,0.97478,0.97022,23.1
dc_hu_harm_deepseekv4pro_eval_daily_dilemmas_loko.jsonl,none+ga5bs16,80,2,40,40,80,0.90644,0.90414,0.99055,0.67045,0.97761,0.98714,0.98129,0.70428,0.9595,0.97147,21.4
dc_hu_harm_deepseekv4pro_eval_daily_dilemmas_loko.jsonl,none+ga5bs16,80,3,40,40,80,0.9081,0.9093,1.0,0.65702,0.97538,1.0,0.99816,0.6761,0.97408,0.98886,22.4
dc_hu_harm_deepseekv4pro_eval_daily_dilemmas_loko.jsonl,none+ga5bs16,80,4,40,40,80,0.87553,0.89029,0.91115,0.6312,0.97538,0.98439,0.95112,0.67242,0.97161,0.966,21.1
dc_hu_harm_deepseekv4pro_eval_daily_dilemmas_loko.jsonl,none+ga5bs16,80,5,40,40,80,0.8997,0.89299,0.92533,0.75,0.9579,0.96556,0.94388,0.71976,0.95163,0.95668,41.1
dc_hu_harm_deepseekv4pro_eval_daily_dilemmas_loko.jsonl,none+ga5bs16,80,6,40,40,80,0.89073,0.90535,0.99622,0.60124,0.97371,0.99174,0.99276,0.67844,0.97057,0.97964,34.1
dc_hu_harm_deepseekv4pro_eval_daily_dilemmas_loko.jsonl,none+ga5bs16,80,7,40,40,80,0.90632,0.90246,1.0,0.66012,0.96514,1.0,0.99784,0.65627,0.97349,0.98225,22.8
dc_hu_harm_deepseekv4pro_eval_daily_dilemmas_loko.jsonl,none+ga4bs16,50,0,25,25,50,0.83593,0.84531,0.75803,0.66116,0.9677,0.95684,0.78655,0.69938,0.95664,0.93867,24.3
dc_hu_harm_deepseekv4pro_eval_daily_dilemmas_loko.jsonl,none+ga4bs16,50,1,25,25,50,0.83525,0.87571,0.9225,0.56715,0.95834,0.89302,0.94702,0.68757,0.96405,0.90421,27.7
dc_hu_harm_deepseekv4pro_eval_daily_dilemmas_loko.jsonl,none+ga4bs16,50,2,25,25,50,0.87496,0.88182,0.90926,0.63223,0.97672,0.98163,0.93523,0.66128,0.97704,0.95372,19.9
dc_hu_harm_deepseekv4pro_eval_daily_dilemmas_loko.jsonl,none+ga4bs16,50,3,25,25,50,0.92001,0.92022,1.0,0.69835,0.98719,0.99449,0.99849,0.72767,0.97374,0.981,20.2
dc_hu_harm_deepseekv4pro_eval_daily_dilemmas_loko.jsonl,none+ga4bs16,50,4,25,25,50,0.74398,0.76743,0.60302,0.55475,0.9481,0.87006,0.59981,0.66552,0.95573,0.84866,32.4
dc_hu_harm_deepseekv4pro_eval_daily_dilemmas_loko.jsonl,none+ga4bs16,50,5,25,25,50,0.91237,0.90344,0.99905,0.72314,0.93094,0.99633,0.99957,0.72789,0.90005,0.98626,22.5
dc_hu_harm_deepseekv4pro_eval_daily_dilemmas_loko.jsonl,none+ga4bs16,50,6,25,25,50,0.90059,0.90225,0.99433,0.64566,0.97338,0.98898,0.99016,0.66964,0.9741,0.97511,20.0
dc_hu_harm_deepseekv4pro_eval_daily_dilemmas_loko.jsonl,none+ga4bs16,50,7,25,25,50,0.92186,0.91678,1.0,0.69731,0.99287,0.99725,0.99935,0.69637,0.9941,0.9773,33.4
dc_hu_harm_deepseekv4pro_eval_daily_dilemmas_loko.jsonl,none+ga2bs16,30,0,15,15,30,0.79048,0.82215,0.74953,0.59091,0.89998,0.92149,0.78114,0.69047,0.88839,0.92862,18.8
dc_hu_harm_deepseekv4pro_eval_daily_dilemmas_loko.jsonl,none+ga2bs16,30,1,15,15,30,0.77062,0.80335,0.72873,0.65702,0.8845,0.81221,0.7633,0.72756,0.86331,0.85923,25.0
dc_hu_harm_deepseekv4pro_eval_daily_dilemmas_loko.jsonl,none+ga2bs16,30,2,15,15,30,0.673,0.71817,0.60113,0.52273,0.86656,0.70156,0.64035,0.64268,0.88584,0.70382,16.6
dc_hu_harm_deepseekv4pro_eval_daily_dilemmas_loko.jsonl,none+ga2bs16,30,3,15,15,30,0.80232,0.82752,0.78166,0.6343,0.93105,0.86226,0.87814,0.62052,0.95003,0.86141,31.6
dc_hu_harm_deepseekv4pro_eval_daily_dilemmas_loko.jsonl,none+ga2bs16,30,4,15,15,30,0.65519,0.67253,0.54915,0.54752,0.85698,0.66713,0.55266,0.64925,0.82795,0.66025,17.8
dc_hu_harm_deepseekv4pro_eval_daily_dilemmas_loko.jsonl,none+ga2bs16,30,5,15,15,30,0.73336,0.74472,0.7155,0.67769,0.76064,0.77961,0.73162,0.73914,0.699,0.80914,26.5
dc_hu_harm_deepseekv4pro_eval_daily_dilemmas_loko.jsonl,none+ga2bs16,30,6,15,15,30,0.80327,0.8027,0.84688,0.64773,0.86723,0.85124,0.86689,0.69202,0.7871,0.8648,28.5
dc_hu_harm_deepseekv4pro_eval_daily_dilemmas_loko.jsonl,none+ga2bs16,30,7,15,15,30,0.84179,0.8678,0.86862,0.59607,0.97271,0.92975,0.89371,0.65872,0.97366,0.94513,32.6
dc_hu_harm_deepseekv4pro_eval_daily_dilemmas_loko.jsonl,none+ga2bs16,20,0,10,10,20,0.68512,0.70119,0.50756,0.61983,0.91334,0.69972,0.50606,0.71207,0.8964,0.69023,19.4
dc_hu_harm_deepseekv4pro_eval_daily_dilemmas_loko.jsonl,none+ga2bs16,20,1,10,10,20,0.65271,0.63238,0.52268,0.67562,0.85008,0.56244,0.51925,0.69982,0.76459,0.54587,16.8
dc_hu_harm_deepseekv4pro_eval_daily_dilemmas_loko.jsonl,none+ga2bs16,20,2,10,10,20,0.75817,0.77673,0.69565,0.58574,0.91245,0.83884,0.66825,0.65527,0.91349,0.8699,17.2
dc_hu_harm_deepseekv4pro_eval_daily_dilemmas_loko.jsonl,none+ga2bs16,20,3,10,10,20,0.84986,0.87064,0.83176,0.6095,0.97472,0.98347,0.86927,0.69648,0.97049,0.94632,31.7
dc_hu_harm_deepseekv4pro_eval_daily_dilemmas_loko.jsonl,none+ga2bs16,20,4,10,10,20,0.68198,0.72248,0.56049,0.57438,0.88917,0.70386,0.58575,0.7094,0.89016,0.7046,14.9
dc_hu_harm_deepseekv4pro_eval_daily_dilemmas_loko.jsonl,none+ga2bs16,20,5,10,10,20,0.61806,0.64908,0.54348,0.49587,0.85208,0.58081,0.5279,0.60893,0.86225,0.59725,17.0
dc_hu_harm_deepseekv4pro_eval_daily_dilemmas_loko.jsonl,none+ga2bs16,20,6,10,10,20,0.84375,0.88042,0.89225,0.56715,0.94453,0.97107,0.9681,0.64279,0.94984,0.96095,18.6
dc_hu_harm_deepseekv4pro_eval_daily_dilemmas_loko.jsonl,none+ga2bs16,20,7,10,10,20,0.73873,0.74978,0.62287,0.65806,0.90722,0.76676,0.66825,0.66685,0.88738,0.77666,16.8
dc_hu_harm_deepseekv4pro_eval_daily_dilemmas_loko.jsonl,none+ga1bs16,10,0,5,5,10,0.57463,0.59485,0.50378,0.52893,0.76442,0.50138,0.49643,0.63166,0.72519,0.52613,16.7
dc_hu_harm_deepseekv4pro_eval_daily_dilemmas_loko.jsonl,none+ga1bs16,10,1,5,5,10,0.58657,0.61577,0.51134,0.48864,0.83437,0.51194,0.51146,0.5998,0.83036,0.52145,16.9
dc_hu_harm_deepseekv4pro_eval_daily_dilemmas_loko.jsonl,none+ga1bs16,10,2,5,5,10,0.60037,0.61713,0.50662,0.70455,0.66139,0.52893,0.50649,0.77111,0.66905,0.52187,14.8
dc_hu_harm_deepseekv4pro_eval_daily_dilemmas_loko.jsonl,none+ga1bs16,10,3,5,5,10,0.64101,0.642,0.56144,0.63636,0.77211,0.59412,0.56109,0.56237,0.82121,0.62333,14.9
dc_hu_harm_deepseekv4pro_eval_daily_dilemmas_loko.jsonl,none+ga1bs16,10,4,5,5,10,0.61543,0.64942,0.48488,0.57025,0.86434,0.54224,0.49622,0.6908,0.87796,0.53269,17.1
dc_hu_harm_deepseekv4pro_eval_daily_dilemmas_loko.jsonl,none+ga1bs16,10,5,5,5,10,0.60607,0.62393,0.51323,0.63843,0.774,0.49862,0.51946,0.75195,0.71077,0.51354,15.3
dc_hu_harm_deepseekv4pro_eval_daily_dilemmas_loko.jsonl,none+ga1bs16,10,6,5,5,10,0.58618,0.62879,0.50662,0.52066,0.80274,0.51469,0.50692,0.64157,0.81662,0.55003,16.4
dc_hu_harm_deepseekv4pro_eval_daily_dilemmas_loko.jsonl,none+ga1bs16,10,7,5,5,10,0.5721,0.60079,0.49905,0.49587,0.76086,0.5326,0.4973,0.61484,0.75044,0.54061,14.6
dc_hu_harm_deepseekv4pro_eval_daily_dilemmas_loko.jsonl,none+ga1bs16,6,0,3,3,6,0.59098,0.55699,0.5,0.93492,0.40421,0.52479,0.5,0.79728,0.40856,0.52213,19.9
dc_hu_harm_deepseekv4pro_eval_daily_dilemmas_loko.jsonl,none+ga1bs16,6,1,3,3,6,0.51889,0.5935,0.51134,0.26033,0.84841,0.45546,0.51211,0.48964,0.87126,0.50099,15.5
dc_hu_harm_deepseekv4pro_eval_daily_dilemmas_loko.jsonl,none+ga1bs16,6,2,3,3,6,0.55699,0.56856,0.50095,0.47934,0.71553,0.53214,0.49924,0.51671,0.71894,0.53936,15.3
dc_hu_harm_deepseekv4pro_eval_daily_dilemmas_loko.jsonl,none+ga1bs16,6,3,3,3,6,0.59391,0.59512,0.50756,0.55062,0.7642,0.55326,0.50692,0.55714,0.76806,0.54837,13.6
dc_hu_harm_deepseekv4pro_eval_daily_dilemmas_loko.jsonl,none+ga1bs16,6,4,3,3,6,0.58281,0.62483,0.51512,0.4876,0.80096,0.52755,0.50984,0.67832,0.76751,0.54363,17.1
dc_hu_harm_deepseekv4pro_eval_daily_dilemmas_loko.jsonl,none+ga1bs16,6,5,3,3,6,0.57893,0.5767,0.57183,0.41839,0.75251,0.573,0.56499,0.45868,0.75386,0.52926,14.1
dc_hu_harm_deepseekv4pro_eval_daily_dilemmas_loko.jsonl,none+ga1bs16,6,6,3,3,6,0.58722,0.60069,0.569,0.71694,0.52484,0.53811,0.54833,0.7984,0.50172,0.5543,16.1
dc_hu_harm_deepseekv4pro_eval_daily_dilemmas_loko.jsonl,none+ga1bs16,6,7,3,3,6,0.59892,0.59112,0.51418,0.85124,0.4256,0.60468,0.53622,0.82012,0.44958,0.55857,16.2
dc_hu_harm_deepseekv4pro_eval_daily_dilemmas_loko.jsonl,none+ga1bs16,4,0,2,2,4,0.58634,0.60102,0.5,0.52273,0.74916,0.57346,0.50097,0.62063,0.72781,0.55466,14.9
dc_hu_harm_deepseekv4pro_eval_daily_dilemmas_loko.jsonl,none+ga1bs16,4,1,2,2,4,0.54397,0.52063,0.5,0.78926,0.38661,0.5,0.5,0.73446,0.34805,0.5,22.8
dc_hu_harm_deepseekv4pro_eval_daily_dilemmas_loko.jsonl,none+ga1bs16,4,2,2,2,4,0.6167,0.61459,0.50851,0.71488,0.77512,0.46832,0.53666,0.66162,0.74703,0.51307,14.2
dc_hu_harm_deepseekv4pro_eval_daily_dilemmas_loko.jsonl,none+ga1bs16,4,3,2,2,4,0.5051,0.52984,0.51512,0.31818,0.65861,0.52847,0.5106,0.45701,0.6214,0.53035,16.4
dc_hu_harm_deepseekv4pro_eval_daily_dilemmas_loko.jsonl,none+ga1bs16,4,4,2,2,4,0.5915,0.62173,0.51701,0.47521,0.8444,0.52938,0.51319,0.57596,0.85679,0.54097,16.1
dc_hu_harm_deepseekv4pro_eval_daily_dilemmas_loko.jsonl,none+ga1bs16,4,5,2,2,4,0.59107,0.62203,0.54159,0.55682,0.79572,0.47016,0.56888,0.63566,0.778,0.50557,13.2
dc_hu_harm_deepseekv4pro_eval_daily_dilemmas_loko.jsonl,none+ga1bs16,4,6,2,2,4,0.61587,0.63744,0.54253,0.68182,0.75017,0.48898,0.56434,0.76197,0.74111,0.48235,18.0
dc_hu_harm_deepseekv4pro_eval_daily_dilemmas_loko.jsonl,none+ga1bs16,4,7,2,2,4,0.54255,0.57026,0.49716,0.39876,0.80274,0.47153,0.50162,0.47995,0.8277,0.47178,14.7
dc_hu_harm_deepseekv4pro_eval_daily_dilemmas_loko.jsonl,none+ga1bs16,2,0,1,1,2,0.55123,0.55716,0.5,0.76446,0.42393,0.51653,0.5,0.76888,0.41863,0.54113,18.6
dc_hu_harm_deepseekv4pro_eval_daily_dilemmas_loko.jsonl,none+ga1bs16,2,1,1,1,2,0.51008,0.57381,0.5,0.33574,0.80007,0.4045,0.50843,0.54277,0.80432,0.43971,14.8
dc_hu_harm_deepseekv4pro_eval_daily_dilemmas_loko.jsonl,none+ga1bs16,2,2,1,1,2,0.58443,0.59391,0.67675,0.62087,0.58098,0.45914,0.6995,0.64057,0.55305,0.48251,17.0
dc_hu_harm_deepseekv4pro_eval_daily_dilemmas_loko.jsonl,none+ga1bs16,2,3,1,1,2,0.67405,0.63571,0.57561,0.87707,0.52038,0.72314,0.55417,0.85453,0.49007,0.64405,18.4
dc_hu_harm_deepseekv4pro_eval_daily_dilemmas_loko.jsonl,none+ga1bs16,2,4,1,1,2,0.55161,0.59011,0.50378,0.3781,0.84707,0.4775,0.50292,0.50223,0.85472,0.50057,13.4
dc_hu_harm_deepseekv4pro_eval_daily_dilemmas_loko.jsonl,none+ga1bs16,2,5,1,1,2,0.61427,0.60837,0.54631,0.86777,0.38873,0.65427,0.54044,0.83159,0.41931,0.64213,20.2
dc_hu_harm_deepseekv4pro_eval_daily_dilemmas_loko.jsonl,none+ga1bs16,2,6,1,1,2,0.61072,0.59346,0.52457,0.82231,0.46469,0.63131,0.53038,0.76955,0.46723,0.60667,24.4
dc_hu_harm_deepseekv4pro_eval_daily_dilemmas_loko.jsonl,none+ga1bs16,2,7,1,1,2,0.52116,0.55109,0.5,0.3657,0.65282,0.56612,0.5,0.51292,0.66505,0.5264,17.1
dc_hu_harm_deepseekv4pro_mixed.jsonl,none+ga37bs16,590,0,295,295,590,0.9159,0.90319,0.99811,0.71178,0.95556,0.99816,0.98735,0.69125,0.95446,0.9797,49.4
dc_hu_harm_deepseekv4pro_mixed.jsonl,none+ga37bs16,590,1,295,295,590,0.91182,0.90484,0.99811,0.69938,0.95712,0.99265,0.98681,0.69526,0.9589,0.97839,48.9
dc_hu_harm_deepseekv4pro_mixed.jsonl,none+ga37bs16,590,2,295,295,590,0.91626,0.90478,1.0,0.70971,0.95901,0.99633,0.99157,0.68345,0.96281,0.98131,64.2
dc_hu_harm_deepseekv4pro_mixed.jsonl,none+ga37bs16,590,3,295,295,590,0.92555,0.90758,1.0,0.7469,0.95623,0.99908,0.99276,0.69325,0.9602,0.98412,64.3
dc_hu_harm_deepseekv4pro_mixed.jsonl,none+ga37bs16,590,4,295,295,590,0.92345,0.90574,0.99811,0.73864,0.9589,0.99816,0.99167,0.68657,0.96239,0.98235,66.8
dc_hu_harm_deepseekv4pro_mixed.jsonl,none+ga37bs16,590,5,295,295,590,0.91998,0.90474,0.99811,0.73347,0.95567,0.99265,0.98789,0.69715,0.95595,0.97798,50.1
dc_hu_harm_deepseekv4pro_mixed.jsonl,none+ga37bs16,590,6,295,295,590,0.921,0.90483,0.99811,0.73037,0.95734,0.99816,0.99016,0.68445,0.96257,0.98214,60.4
dc_hu_harm_deepseekv4pro_mixed.jsonl,none+ga37bs16,590,7,295,295,590,0.92164,0.90353,0.99622,0.7376,0.95823,0.99449,0.98811,0.68445,0.96217,0.97938,48.3
dc_hu_harm_deepseekv4pro_mixed.jsonl,none+ga22bs16,350,0,175,175,350,0.92952,0.91447,1.0,0.75723,0.96636,0.99449,0.99157,0.7192,0.96611,0.981,43.4
dc_hu_harm_deepseekv4pro_mixed.jsonl,none+ga22bs16,350,1,175,175,350,0.92032,0.9072,1.0,0.72211,0.96469,0.99449,0.98638,0.70038,0.96166,0.98037,37.2
dc_hu_harm_deepseekv4pro_mixed.jsonl,none+ga22bs16,350,2,175,175,350,0.92539,0.90516,0.99622,0.73347,0.9746,0.99725,0.99297,0.67276,0.97471,0.98022,47.8
dc_hu_harm_deepseekv4pro_mixed.jsonl,none+ga22bs16,350,3,175,175,350,0.91806,0.90424,0.99811,0.70868,0.96547,1.0,0.99459,0.67443,0.96591,0.98204,49.0
dc_hu_harm_deepseekv4pro_mixed.jsonl,none+ga22bs16,350,4,175,175,350,0.90289,0.90062,0.99622,0.67045,0.96235,0.98255,0.98346,0.68267,0.96469,0.97168,36.2
dc_hu_harm_deepseekv4pro_mixed.jsonl,none+ga22bs16,350,5,175,175,350,0.9187,0.90664,0.99433,0.71178,0.9687,1.0,0.98681,0.70071,0.96105,0.97798,36.9
dc_hu_harm_deepseekv4pro_mixed.jsonl,none+ga22bs16,350,6,175,175,350,0.90527,0.89499,0.98866,0.70971,0.96358,0.95914,0.98,0.68467,0.95355,0.96173,33.2
dc_hu_harm_deepseekv4pro_mixed.jsonl,none+ga22bs16,350,7,175,175,350,0.92939,0.9085,1.0,0.7655,0.96124,0.99082,0.98929,0.7074,0.95688,0.98042,36.7
dc_hu_harm_deepseekv4pro_mixed.jsonl,none+ga11bs16,170,0,85,85,170,0.90846,0.90709,1.0,0.67872,0.96246,0.99265,0.98573,0.70205,0.95879,0.98178,27.2
dc_hu_harm_deepseekv4pro_mixed.jsonl,none+ga11bs16,170,1,85,85,170,0.91285,0.90411,0.98204,0.71488,0.96458,0.9899,0.98043,0.69826,0.96185,0.9759,26.1
dc_hu_harm_deepseekv4pro_mixed.jsonl,none+ga11bs16,170,2,85,85,170,0.92296,0.90282,1.0,0.72934,0.96525,0.99725,0.99643,0.68066,0.94694,0.98724,26.5
dc_hu_harm_deepseekv4pro_mixed.jsonl,none+ga11bs16,170,3,85,85,170,0.90562,0.9004,0.98866,0.68905,0.95211,0.99265,0.98292,0.6918,0.9448,0.98209,23.5
dc_hu_harm_deepseekv4pro_mixed.jsonl,none+ga11bs16,170,4,85,85,170,0.89852,0.89858,0.99622,0.67562,0.94197,0.98026,0.99005,0.68089,0.95632,0.96704,28.3
dc_hu_harm_deepseekv4pro_mixed.jsonl,none+ga11bs16,170,5,85,85,170,0.92003,0.89745,0.99338,0.74793,0.94798,0.99082,0.99265,0.69191,0.9283,0.97694,27.4
dc_hu_harm_deepseekv4pro_mixed.jsonl,none+ga11bs16,170,6,85,85,170,0.91506,0.9028,0.99622,0.70868,0.95901,0.99633,0.99092,0.68144,0.95285,0.986,22.7
dc_hu_harm_deepseekv4pro_mixed.jsonl,none+ga11bs16,170,7,85,85,170,0.91444,0.90484,1.0,0.68285,0.97995,0.99495,0.98681,0.68345,0.97114,0.97798,31.2
dc_hu_harm_deepseekv4pro_mixed.jsonl,none+ga7bs16,110,0,55,55,110,0.9124,0.89065,0.97732,0.75207,0.95099,0.96924,0.96237,0.71107,0.9353,0.95387,25.0
dc_hu_harm_deepseekv4pro_mixed.jsonl,none+ga7bs16,110,1,55,55,110,0.9248,0.91133,0.99905,0.73864,0.96335,0.99816,0.98735,0.69849,0.97795,0.98152,22.3
dc_hu_harm_deepseekv4pro_mixed.jsonl,none+ga7bs16,110,2,55,55,110,0.92976,0.91054,1.0,0.7624,0.96124,0.99541,0.99059,0.71475,0.95774,0.97907,25.5
dc_hu_harm_deepseekv4pro_mixed.jsonl,none+ga7bs16,110,3,55,55,110,0.86364,0.8735,0.92722,0.60124,0.94999,0.97612,0.92658,0.64201,0.96441,0.96101,23.1
dc_hu_harm_deepseekv4pro_mixed.jsonl,none+ga7bs16,110,4,55,55,110,0.90661,0.89994,0.98299,0.69318,0.9677,0.98255,0.97383,0.70105,0.96299,0.96189,20.5
dc_hu_harm_deepseekv4pro_mixed.jsonl,none+ga7bs16,110,5,55,55,110,0.90967,0.90576,0.94518,0.73967,0.97861,0.97521,0.95545,0.728,0.97655,0.96304,24.0
dc_hu_harm_deepseekv4pro_mixed.jsonl,none+ga7bs16,110,6,55,55,110,0.92761,0.90677,1.0,0.75723,0.95322,1.0,0.98735,0.71185,0.94505,0.98282,23.5
dc_hu_harm_deepseekv4pro_mixed.jsonl,none+ga7bs16,110,7,55,55,110,0.88699,0.89231,0.94707,0.65909,0.95467,0.98714,0.96334,0.69191,0.93907,0.97491,23.8
dc_hu_harm_deepseekv4pro_mixed.jsonl,none+ga5bs16,80,0,40,40,80,0.91299,0.91326,1.0,0.66219,0.99254,0.99725,0.99286,0.69537,0.98517,0.97964,26.1
dc_hu_harm_deepseekv4pro_mixed.jsonl,none+ga5bs16,80,1,40,40,80,0.81683,0.81691,0.7259,0.68905,0.90287,0.94949,0.76049,0.67487,0.8892,0.9431,22.4
dc_hu_harm_deepseekv4pro_mixed.jsonl,none+ga5bs16,80,2,40,40,80,0.89634,0.89394,0.96881,0.69628,0.94965,0.97062,0.97037,0.71185,0.93998,0.95356,20.2
dc_hu_harm_deepseekv4pro_mixed.jsonl,none+ga5bs16,80,3,40,40,80,0.91532,0.90128,0.99433,0.70971,0.97605,0.98118,0.97751,0.69737,0.9567,0.97355,21.1
dc_hu_harm_deepseekv4pro_mixed.jsonl,none+ga5bs16,80,4,40,40,80,0.90986,0.90025,0.99622,0.68388,0.96391,0.99541,0.98865,0.68401,0.95011,0.97824,18.1
dc_hu_harm_deepseekv4pro_mixed.jsonl,none+ga5bs16,80,5,40,40,80,0.89288,0.89157,1.0,0.62087,0.96168,0.98898,0.98638,0.64235,0.96041,0.97714,25.7
dc_hu_harm_deepseekv4pro_mixed.jsonl,none+ga5bs16,80,6,40,40,80,0.91366,0.90335,0.99244,0.70248,0.96157,0.99816,0.97924,0.70394,0.956,0.97423,38.4
dc_hu_harm_deepseekv4pro_mixed.jsonl,none+ga5bs16,80,7,40,40,80,0.8636,0.86906,0.90359,0.67459,0.91847,0.95776,0.93674,0.67899,0.91305,0.94747,21.0
dc_hu_harm_deepseekv4pro_mixed.jsonl,none+ga4bs16,50,0,25,25,50,0.84265,0.84504,0.78922,0.66116,0.93673,0.98347,0.8324,0.66652,0.90624,0.97501,21.7
dc_hu_harm_deepseekv4pro_mixed.jsonl,none+ga4bs16,50,1,25,25,50,0.90736,0.89399,1.0,0.70661,0.93016,0.99265,0.98702,0.70305,0.89968,0.9862,18.2
dc_hu_harm_deepseekv4pro_mixed.jsonl,none+ga4bs16,50,2,25,25,50,0.84605,0.84343,0.862,0.70041,0.909,0.91276,0.87078,0.68579,0.90707,0.91009,17.7
dc_hu_harm_deepseekv4pro_mixed.jsonl,none+ga4bs16,50,3,25,25,50,0.87787,0.88199,0.97921,0.61467,0.96904,0.94858,0.97059,0.63745,0.96711,0.95283,20.0
dc_hu_harm_deepseekv4pro_mixed.jsonl,none+ga4bs16,50,4,25,25,50,0.86851,0.87086,0.95463,0.60331,0.96614,0.94995,0.93166,0.64012,0.96374,0.94794,21.3
dc_hu_harm_deepseekv4pro_mixed.jsonl,none+ga4bs16,50,5,25,25,50,0.67882,0.7166,0.53686,0.53409,0.8826,0.76171,0.5399,0.66819,0.90254,0.75578,37.9
dc_hu_harm_deepseekv4pro_mixed.jsonl,none+ga4bs16,50,6,25,25,50,0.88157,0.86539,0.86957,0.74483,0.93072,0.98118,0.91317,0.69871,0.88585,0.96382,21.8
dc_hu_harm_deepseekv4pro_mixed.jsonl,none+ga4bs16,50,7,25,25,50,0.71699,0.73642,0.51985,0.61777,0.92638,0.80395,0.53017,0.68857,0.95329,0.77364,36.9
dc_hu_harm_deepseekv4pro_mixed.jsonl,none+ga2bs16,30,0,15,15,30,0.72443,0.75001,0.61153,0.54132,0.90833,0.83655,0.62403,0.6497,0.90204,0.82429,32.1
dc_hu_harm_deepseekv4pro_mixed.jsonl,none+ga2bs16,30,1,15,15,30,0.84591,0.85387,0.88847,0.61157,0.89096,0.99265,0.95686,0.59701,0.88146,0.98016,15.7
dc_hu_harm_deepseekv4pro_mixed.jsonl,none+ga2bs16,30,2,15,15,30,0.82413,0.83629,0.80151,0.67459,0.92326,0.89715,0.81769,0.67788,0.94217,0.90743,28.4
dc_hu_harm_deepseekv4pro_mixed.jsonl,none+ga2bs16,30,3,15,15,30,0.81328,0.82749,0.81569,0.61157,0.89931,0.92654,0.83326,0.6556,0.92544,0.89567,31.9
dc_hu_harm_deepseekv4pro_mixed.jsonl,none+ga2bs16,30,4,15,15,30,0.74226,0.74295,0.6276,0.70455,0.88895,0.74793,0.59905,0.73145,0.8841,0.75718,25.9
dc_hu_harm_deepseekv4pro_mixed.jsonl,none+ga2bs16,30,5,15,15,30,0.83925,0.86307,0.87807,0.6126,0.89252,0.97383,0.91479,0.67498,0.89421,0.96829,18.6
dc_hu_harm_deepseekv4pro_mixed.jsonl,none+ga2bs16,30,6,15,15,30,0.74391,0.74723,0.65312,0.64566,0.86144,0.81543,0.67258,0.71987,0.80838,0.78811,17.3
dc_hu_harm_deepseekv4pro_mixed.jsonl,none+ga2bs16,30,7,15,15,30,0.87562,0.85654,0.87902,0.69112,0.93696,0.99541,0.92712,0.64803,0.87768,0.97334,16.5
dc_hu_harm_deepseekv4pro_mixed.jsonl,none+ga2bs16,20,0,10,10,20,0.88706,0.87759,0.99055,0.62397,0.94888,0.98485,0.99081,0.59367,0.94365,0.98225,17.7
dc_hu_harm_deepseekv4pro_mixed.jsonl,none+ga2bs16,20,1,10,10,20,0.75873,0.76862,0.61342,0.61674,0.93517,0.86961,0.61592,0.68746,0.92722,0.84387,14.7
dc_hu_harm_deepseekv4pro_mixed.jsonl,none+ga2bs16,20,2,10,10,20,0.77758,0.7816,0.75614,0.57025,0.88862,0.89532,0.74546,0.57853,0.87355,0.92888,20.1
dc_hu_harm_deepseekv4pro_mixed.jsonl,none+ga2bs16,20,3,10,10,20,0.77276,0.77829,0.64745,0.56921,0.95333,0.92103,0.64057,0.66384,0.93365,0.8751,21.7
dc_hu_harm_deepseekv4pro_mixed.jsonl,none+ga2bs16,20,4,10,10,20,0.75659,0.76232,0.71361,0.53822,0.91412,0.86042,0.67679,0.59401,0.91785,0.86063,16.2
dc_hu_harm_deepseekv4pro_mixed.jsonl,none+ga2bs16,20,5,10,10,20,0.87894,0.87074,0.91115,0.67252,0.94587,0.98623,0.9335,0.6497,0.93569,0.96408,17.2
dc_hu_harm_deepseekv4pro_mixed.jsonl,none+ga2bs16,20,6,10,10,20,0.64031,0.68357,0.50756,0.51033,0.80597,0.73737,0.52065,0.65248,0.83826,0.72288,23.6
dc_hu_harm_deepseekv4pro_mixed.jsonl,none+ga2bs16,20,7,10,10,20,0.88568,0.85979,0.85633,0.78202,0.94475,0.9596,0.86938,0.68623,0.93151,0.95205,18.8
dc_hu_harm_deepseekv4pro_mixed.jsonl,none+ga1bs16,10,0,5,5,10,0.58966,0.62171,0.49433,0.65496,0.68412,0.52525,0.50703,0.74371,0.70564,0.53046,16.6
dc_hu_harm_deepseekv4pro_mixed.jsonl,none+ga1bs16,10,1,5,5,10,0.52581,0.5877,0.5,0.33678,0.75362,0.51286,0.50335,0.53197,0.78456,0.53092,16.2
dc_hu_harm_deepseekv4pro_mixed.jsonl,none+ga1bs16,10,2,5,5,10,0.62302,0.64873,0.49811,0.56095,0.78425,0.64876,0.50638,0.63533,0.82866,0.62453,15.0
dc_hu_harm_deepseekv4pro_mixed.jsonl,none+ga1bs16,10,3,5,5,10,0.58394,0.56236,0.51229,0.7531,0.51437,0.55601,0.50606,0.69414,0.4904,0.55883,18.8
dc_hu_harm_deepseekv4pro_mixed.jsonl,none+ga1bs16,10,4,5,5,10,0.66613,0.71959,0.50095,0.48967,0.89018,0.78375,0.50865,0.66997,0.92929,0.77046,24.9
dc_hu_harm_deepseekv4pro_mixed.jsonl,none+ga1bs16,10,5,5,5,10,0.59212,0.61368,0.53119,0.56715,0.7348,0.53535,0.52768,0.66217,0.73416,0.53072,13.5
dc_hu_harm_deepseekv4pro_mixed.jsonl,none+ga1bs16,10,6,5,5,10,0.59491,0.60952,0.52836,0.57748,0.7123,0.56152,0.51211,0.6448,0.72814,0.55305,15.9
dc_hu_harm_deepseekv4pro_mixed.jsonl,none+ga1bs16,10,7,5,5,10,0.57994,0.59828,0.50095,0.69525,0.60748,0.51607,0.52476,0.76888,0.58553,0.51395,15.4
dc_hu_harm_deepseekv4pro_mixed.jsonl,none+ga1bs16,6,0,3,3,6,0.60932,0.64155,0.4896,0.51343,0.82268,0.61157,0.49676,0.62352,0.86615,0.57976,16.2
dc_hu_harm_deepseekv4pro_mixed.jsonl,none+ga1bs16,6,1,3,3,6,0.69223,0.6962,0.51701,0.58884,0.86188,0.80119,0.51406,0.68178,0.85176,0.73719,14.9
dc_hu_harm_deepseekv4pro_mixed.jsonl,none+ga1bs16,6,2,3,3,6,0.5681,0.58482,0.49622,0.78306,0.46603,0.52709,0.51211,0.84718,0.46094,0.51905,12.7
dc_hu_harm_deepseekv4pro_mixed.jsonl,none+ga1bs16,6,3,3,3,6,0.60303,0.57642,0.5104,0.83368,0.47761,0.59045,0.50649,0.74972,0.4771,0.57237,13.8
dc_hu_harm_deepseekv4pro_mixed.jsonl,none+ga1bs16,6,4,3,3,6,0.52003,0.58834,0.49811,0.32128,0.7759,0.48485,0.49892,0.57641,0.79614,0.48188,15.5
dc_hu_harm_deepseekv4pro_mixed.jsonl,none+ga1bs16,6,5,3,3,6,0.56205,0.58456,0.52174,0.47107,0.73702,0.51837,0.51849,0.5998,0.70308,0.51687,13.1
dc_hu_harm_deepseekv4pro_mixed.jsonl,none+ga1bs16,6,6,3,3,6,0.60474,0.59597,0.51512,0.91116,0.43941,0.55326,0.53038,0.85943,0.42395,0.57013,18.9
dc_hu_harm_deepseekv4pro_mixed.jsonl,none+ga1bs16,6,7,3,3,6,0.58617,0.56927,0.49622,0.82231,0.5078,0.51837,0.49384,0.76743,0.4936,0.52223,15.0
dc_hu_harm_deepseekv4pro_mixed.jsonl,none+ga1bs16,4,0,2,2,4,0.58669,0.60973,0.49055,0.63843,0.72054,0.49725,0.49394,0.69381,0.76456,0.48662,17.0
dc_hu_harm_deepseekv4pro_mixed.jsonl,none+ga1bs16,4,1,2,2,4,0.62895,0.61339,0.56333,0.79545,0.54544,0.61157,0.53038,0.7935,0.558,0.57169,14.9
dc_hu_harm_deepseekv4pro_mixed.jsonl,none+ga1bs16,4,2,2,2,4,0.59816,0.58176,0.51229,0.7562,0.49053,0.63361,0.51503,0.73179,0.48124,0.59897,16.5
dc_hu_harm_deepseekv4pro_mixed.jsonl,none+ga1bs16,4,3,2,2,4,0.61806,0.59798,0.51701,0.66426,0.75975,0.53122,0.52098,0.67075,0.71684,0.48334,16.2
dc_hu_harm_deepseekv4pro_mixed.jsonl,none+ga1bs16,4,4,2,2,4,0.57597,0.58678,0.48866,0.57851,0.7505,0.48623,0.49567,0.62709,0.72294,0.50141,16.5
dc_hu_harm_deepseekv4pro_mixed.jsonl,none+ga1bs16,4,5,2,2,4,0.67907,0.66694,0.54631,0.66322,0.75652,0.75023,0.5465,0.67231,0.7268,0.72215,14.5
dc_hu_harm_deepseekv4pro_mixed.jsonl,none+ga1bs16,4,6,2,2,4,0.57619,0.59346,0.49527,0.4969,0.78826,0.52433,0.49881,0.58654,0.75305,0.53545,13.3
dc_hu_harm_deepseekv4pro_mixed.jsonl,none+ga1bs16,4,7,2,2,4,0.64523,0.64407,0.5397,0.60847,0.86478,0.56795,0.52141,0.68144,0.78663,0.58679,15.5
dc_hu_harm_deepseekv4pro_mixed.jsonl,none+ga1bs16,2,0,1,1,2,0.62024,0.61692,0.52741,0.79236,0.45779,0.7034,0.55104,0.79205,0.46351,0.66108,19.5
dc_hu_harm_deepseekv4pro_mixed.jsonl,none+ga1bs16,2,1,1,1,2,0.65065,0.62562,0.54631,0.74587,0.7397,0.57071,0.54098,0.72076,0.6954,0.54535,16.3
dc_hu_harm_deepseekv4pro_mixed.jsonl,none+ga1bs16,2,2,1,1,2,0.60572,0.6051,0.50662,0.61157,0.78358,0.52112,0.50562,0.65571,0.70086,0.5582,11.9
dc_hu_harm_deepseekv4pro_mixed.jsonl,none+ga1bs16,2,3,1,1,2,0.65409,0.62674,0.52457,0.73864,0.62174,0.7314,0.51817,0.69358,0.61929,0.67592,14.9
dc_hu_harm_deepseekv4pro_mixed.jsonl,none+ga1bs16,2,4,1,1,2,0.58112,0.61863,0.51512,0.35744,0.90143,0.55051,0.508,0.5137,0.90249,0.55034,16.4
dc_hu_harm_deepseekv4pro_mixed.jsonl,none+ga1bs16,2,5,1,1,2,0.51729,0.53273,0.5,0.70661,0.36255,0.5,0.5,0.75173,0.3639,0.51531,14.7
dc_hu_harm_deepseekv4pro_mixed.jsonl,none+ga1bs16,2,6,1,1,2,0.64531,0.6227,0.52836,0.89153,0.45199,0.70937,0.53601,0.80742,0.46376,0.68362,15.0
dc_hu_harm_deepseekv4pro_mixed.jsonl,none+ga1bs16,2,7,1,1,2,0.63131,0.62301,0.50756,0.50826,0.79316,0.71625,0.51676,0.54143,0.78441,0.64942,17.2
