samples,base,n,draw,n_pos,n_neg,n_training_rows,dev_mean,eval_mean,dev_ai_dilemmas,dev_ant_hh,dev_balanced_refusal,dev_daily_dilemmas,eval_ai_dilemmas,eval_ant_hh,eval_balanced_refusal,eval_daily_dilemmas,seconds
dc_hu_harm_llama70b_eval_ai_dilemmas_kind.jsonl,none+ga5bs16,80,0,40,40,80,0.819,0.80793,0.75331,0.75413,0.82413,0.94444,0.75303,0.74928,0.7783,0.95111,36.0
dc_hu_harm_llama70b_eval_ai_dilemmas_kind.jsonl,none+ga5bs16,80,1,40,40,80,0.8752,0.86563,0.87902,0.80372,0.85387,0.96419,0.90495,0.78002,0.81119,0.96637,31.0
dc_hu_harm_llama70b_eval_ai_dilemmas_kind.jsonl,none+ga5bs16,80,2,40,40,80,0.83936,0.83726,0.78828,0.7376,0.8738,0.95776,0.80504,0.75808,0.83185,0.95408,22.1
dc_hu_harm_llama70b_eval_ai_dilemmas_kind.jsonl,none+ga5bs16,80,3,40,40,80,0.83247,0.81851,0.7845,0.77893,0.85231,0.91414,0.76525,0.76119,0.81391,0.93367,19.2
dc_hu_harm_llama70b_eval_ai_dilemmas_kind.jsonl,none+ga5bs16,80,4,40,40,80,0.80296,0.80551,0.68998,0.75103,0.84752,0.92332,0.71518,0.77233,0.79644,0.9381,27.7
dc_hu_harm_llama70b_eval_ai_dilemmas_kind.jsonl,none+ga5bs16,80,5,40,40,80,0.76986,0.77419,0.6087,0.72521,0.88695,0.85859,0.60997,0.7329,0.85995,0.89395,32.1
dc_hu_harm_llama70b_eval_ai_dilemmas_kind.jsonl,none+ga5bs16,80,6,40,40,80,0.80903,0.82704,0.7259,0.7314,0.84217,0.93664,0.75919,0.79127,0.8094,0.9483,24.6
dc_hu_harm_llama70b_eval_ai_dilemmas_kind.jsonl,none+ga5bs16,80,7,40,40,80,0.81179,0.82854,0.86957,0.54236,0.89307,0.94215,0.8231,0.64335,0.88984,0.95788,20.7
dc_hu_harm_llama70b_eval_ai_dilemmas_kind.jsonl,none+ga4bs16,50,0,25,25,50,0.84844,0.82509,0.77883,0.76756,0.94654,0.90083,0.75995,0.71508,0.89349,0.93185,25.6
dc_hu_harm_llama70b_eval_ai_dilemmas_kind.jsonl,none+ga4bs16,50,1,25,25,50,0.79107,0.78789,0.67202,0.76446,0.82468,0.90312,0.68739,0.73903,0.8008,0.92435,24.1
dc_hu_harm_llama70b_eval_ai_dilemmas_kind.jsonl,none+ga4bs16,50,2,25,25,50,0.80601,0.82728,0.74102,0.70248,0.84529,0.93526,0.79715,0.74382,0.82185,0.94632,20.7
dc_hu_harm_llama70b_eval_ai_dilemmas_kind.jsonl,none+ga4bs16,50,3,25,25,50,0.86665,0.8526,0.85255,0.80372,0.84796,0.96235,0.83921,0.78781,0.81819,0.96517,23.2
dc_hu_harm_llama70b_eval_ai_dilemmas_kind.jsonl,none+ga4bs16,50,4,25,25,50,0.84454,0.84148,0.84121,0.72934,0.86868,0.93893,0.85045,0.74438,0.82915,0.94195,19.7
dc_hu_harm_llama70b_eval_ai_dilemmas_kind.jsonl,none+ga4bs16,50,5,25,25,50,0.74502,0.7423,0.59924,0.69628,0.84295,0.8416,0.56358,0.70004,0.86266,0.84293,26.2
dc_hu_harm_llama70b_eval_ai_dilemmas_kind.jsonl,none+ga4bs16,50,6,25,25,50,0.57472,0.62288,0.49149,0.44421,0.85398,0.50918,0.49492,0.59991,0.89409,0.5026,34.5
dc_hu_harm_llama70b_eval_ai_dilemmas_kind.jsonl,none+ga4bs16,50,7,25,25,50,0.75922,0.75449,0.54631,0.7562,0.90332,0.83104,0.54888,0.74939,0.87917,0.84054,21.1
dc_hu_harm_llama70b_eval_ai_dilemmas_kind.jsonl,none+ga2bs16,30,0,15,15,30,0.55785,0.60287,0.50284,0.44008,0.79216,0.49633,0.49643,0.60125,0.79642,0.51739,16.7
dc_hu_harm_llama70b_eval_ai_dilemmas_kind.jsonl,none+ga2bs16,30,1,15,15,30,0.68927,0.72714,0.5189,0.55165,0.84908,0.83747,0.52974,0.74972,0.82876,0.80034,17.7
dc_hu_harm_llama70b_eval_ai_dilemmas_kind.jsonl,none+ga2bs16,30,2,15,15,30,0.81612,0.78986,0.72023,0.82851,0.83972,0.87603,0.67723,0.77367,0.81114,0.89739,17.5
dc_hu_harm_llama70b_eval_ai_dilemmas_kind.jsonl,none+ga2bs16,30,3,15,15,30,0.76796,0.75327,0.65123,0.77789,0.80252,0.84022,0.61884,0.76264,0.77219,0.85943,26.6
dc_hu_harm_llama70b_eval_ai_dilemmas_kind.jsonl,none+ga2bs16,30,4,15,15,30,0.72736,0.72516,0.52741,0.79339,0.83705,0.75161,0.53103,0.75841,0.8395,0.77171,17.1
dc_hu_harm_llama70b_eval_ai_dilemmas_kind.jsonl,none+ga2bs16,30,5,15,15,30,0.77847,0.76467,0.66919,0.75723,0.78893,0.89853,0.68707,0.68389,0.77087,0.91686,18.1
dc_hu_harm_llama70b_eval_ai_dilemmas_kind.jsonl,none+ga2bs16,30,6,15,15,30,0.7543,0.76943,0.57845,0.67252,0.87046,0.89578,0.59894,0.71074,0.87309,0.89494,20.1
dc_hu_harm_llama70b_eval_ai_dilemmas_kind.jsonl,none+ga2bs16,30,7,15,15,30,0.67661,0.66287,0.5189,0.58058,0.81677,0.79017,0.53536,0.52684,0.81285,0.77645,19.2
dc_hu_harm_llama70b_eval_ai_dilemmas_kind.jsonl,none+ga2bs16,20,0,10,10,20,0.66958,0.66112,0.49716,0.53719,0.82212,0.82185,0.5199,0.57685,0.81411,0.7336,21.2
dc_hu_harm_llama70b_eval_ai_dilemmas_kind.jsonl,none+ga2bs16,20,1,10,10,20,0.73513,0.72065,0.60586,0.70661,0.88193,0.7461,0.56239,0.70506,0.84281,0.77233,23.2
dc_hu_harm_llama70b_eval_ai_dilemmas_kind.jsonl,none+ga2bs16,20,2,10,10,20,0.75044,0.76808,0.63327,0.65289,0.91256,0.80303,0.61159,0.7045,0.91396,0.84225,17.8
dc_hu_harm_llama70b_eval_ai_dilemmas_kind.jsonl,none+ga2bs16,20,3,10,10,20,0.65559,0.68166,0.5,0.61983,0.81934,0.6832,0.51049,0.74282,0.82623,0.64713,28.8
dc_hu_harm_llama70b_eval_ai_dilemmas_kind.jsonl,none+ga2bs16,20,4,10,10,20,0.65082,0.68245,0.51323,0.5186,0.88505,0.68641,0.51687,0.61662,0.89521,0.70111,22.2
dc_hu_harm_llama70b_eval_ai_dilemmas_kind.jsonl,none+ga2bs16,20,5,10,10,20,0.68217,0.6526,0.49527,0.88017,0.65215,0.7011,0.50292,0.80463,0.63105,0.6718,15.7
dc_hu_harm_llama70b_eval_ai_dilemmas_kind.jsonl,none+ga2bs16,20,6,10,10,20,0.54806,0.61095,0.52836,0.3781,0.76788,0.51791,0.52109,0.57841,0.80865,0.53566,17.2
dc_hu_harm_llama70b_eval_ai_dilemmas_kind.jsonl,none+ga2bs16,20,7,10,10,20,0.55302,0.61787,0.50189,0.36983,0.84908,0.49128,0.49859,0.57329,0.88849,0.51109,17.1
dc_hu_harm_llama70b_eval_ai_dilemmas_kind.jsonl,none+ga1bs16,10,0,5,5,10,0.53872,0.56961,0.49811,0.38223,0.77501,0.49954,0.49535,0.5215,0.75602,0.50557,19.6
dc_hu_harm_llama70b_eval_ai_dilemmas_kind.jsonl,none+ga1bs16,10,1,5,5,10,0.52182,0.57912,0.50756,0.47831,0.58075,0.52066,0.50616,0.64892,0.64334,0.51807,14.9
dc_hu_harm_llama70b_eval_ai_dilemmas_kind.jsonl,none+ga1bs16,10,2,5,5,10,0.5834,0.59718,0.50851,0.56818,0.75507,0.50184,0.50032,0.61706,0.75909,0.51223,15.3
dc_hu_harm_llama70b_eval_ai_dilemmas_kind.jsonl,none+ga1bs16,10,3,5,5,10,0.55723,0.59305,0.50284,0.45145,0.79806,0.47658,0.50022,0.57808,0.8087,0.48521,16.1
dc_hu_harm_llama70b_eval_ai_dilemmas_kind.jsonl,none+ga1bs16,10,4,5,5,10,0.67183,0.70189,0.5482,0.52376,0.86511,0.75023,0.57861,0.57607,0.88507,0.76781,18.0
dc_hu_harm_llama70b_eval_ai_dilemmas_kind.jsonl,none+ga1bs16,10,5,5,5,10,0.52419,0.57123,0.52552,0.28616,0.84663,0.43848,0.51135,0.46012,0.86442,0.44903,23.7
dc_hu_harm_llama70b_eval_ai_dilemmas_kind.jsonl,none+ga1bs16,10,6,5,5,10,0.54515,0.58777,0.49716,0.46488,0.72499,0.49357,0.49665,0.58978,0.74445,0.5202,17.8
dc_hu_harm_llama70b_eval_ai_dilemmas_kind.jsonl,none+ga1bs16,10,7,5,5,10,0.57731,0.61086,0.49338,0.56612,0.7378,0.51194,0.50011,0.68757,0.7621,0.49365,16.1
dc_hu_harm_llama70b_eval_ai_dilemmas_kind.jsonl,none+ga1bs16,6,0,3,3,6,0.5588,0.61237,0.48582,0.45455,0.72689,0.56795,0.50454,0.59958,0.74145,0.60392,22.0
dc_hu_harm_llama70b_eval_ai_dilemmas_kind.jsonl,none+ga1bs16,6,1,3,3,6,0.52388,0.51318,0.49905,0.4876,0.61896,0.4899,0.49968,0.40532,0.65919,0.48855,16.0
dc_hu_harm_llama70b_eval_ai_dilemmas_kind.jsonl,none+ga1bs16,6,2,3,3,6,0.54755,0.58716,0.48582,0.44938,0.76832,0.48669,0.49459,0.56126,0.80522,0.48756,14.5
dc_hu_harm_llama70b_eval_ai_dilemmas_kind.jsonl,none+ga1bs16,6,3,3,3,6,0.56628,0.61868,0.50095,0.46384,0.83983,0.46051,0.49492,0.63878,0.87812,0.46288,15.4
dc_hu_harm_llama70b_eval_ai_dilemmas_kind.jsonl,none+ga1bs16,6,4,3,3,6,0.52834,0.56713,0.49905,0.41012,0.70004,0.50413,0.49762,0.55558,0.70235,0.51296,15.6
dc_hu_harm_llama70b_eval_ai_dilemmas_kind.jsonl,none+ga1bs16,6,5,3,3,6,0.5616,0.59863,0.49905,0.45248,0.76364,0.53122,0.50032,0.60303,0.7685,0.52265,15.8
dc_hu_harm_llama70b_eval_ai_dilemmas_kind.jsonl,none+ga1bs16,6,6,3,3,6,0.51157,0.52495,0.49622,0.54132,0.52985,0.47888,0.49946,0.56861,0.5509,0.48084,15.7
dc_hu_harm_llama70b_eval_ai_dilemmas_kind.jsonl,none+ga1bs16,6,7,3,3,6,0.53244,0.56058,0.5,0.43595,0.68969,0.50413,0.49751,0.53832,0.70451,0.50198,14.9
dc_hu_harm_llama70b_eval_ai_dilemmas_kind.jsonl,none+ga1bs16,4,0,2,2,4,0.52943,0.56759,0.50095,0.46901,0.65649,0.49128,0.49676,0.6155,0.66715,0.49094,20.0
dc_hu_harm_llama70b_eval_ai_dilemmas_kind.jsonl,none+ga1bs16,4,1,2,2,4,0.55757,0.60358,0.49811,0.49277,0.79405,0.44536,0.49708,0.62208,0.84053,0.45465,15.5
dc_hu_harm_llama70b_eval_ai_dilemmas_kind.jsonl,none+ga1bs16,4,2,2,2,4,0.53455,0.56371,0.49527,0.47934,0.69113,0.47245,0.4947,0.60994,0.68624,0.46397,15.4
dc_hu_harm_llama70b_eval_ai_dilemmas_kind.jsonl,none+ga1bs16,4,3,2,2,4,0.50826,0.55178,0.49244,0.37913,0.68167,0.4798,0.49643,0.58209,0.62635,0.50224,16.3
dc_hu_harm_llama70b_eval_ai_dilemmas_kind.jsonl,none+ga1bs16,4,4,2,2,4,0.52465,0.59553,0.49433,0.43182,0.7202,0.45225,0.50281,0.64903,0.74314,0.48714,17.0
dc_hu_harm_llama70b_eval_ai_dilemmas_kind.jsonl,none+ga1bs16,4,5,2,2,4,0.55422,0.57336,0.50189,0.55579,0.65738,0.50184,0.50022,0.61673,0.66186,0.51463,17.6
dc_hu_harm_llama70b_eval_ai_dilemmas_kind.jsonl,none+ga1bs16,4,6,2,2,4,0.56349,0.57946,0.5,0.50723,0.74259,0.50413,0.49849,0.54578,0.76744,0.50614,16.2
dc_hu_harm_llama70b_eval_ai_dilemmas_kind.jsonl,none+ga1bs16,4,7,2,2,4,0.55904,0.60371,0.49055,0.44525,0.80909,0.49128,0.49978,0.61038,0.80919,0.49547,14.7
dc_hu_harm_llama70b_eval_ai_dilemmas_kind.jsonl,none+ga1bs16,2,0,1,1,2,0.53326,0.59163,0.50095,0.32438,0.84262,0.46511,0.4987,0.53932,0.87708,0.45143,19.1
dc_hu_harm_llama70b_eval_ai_dilemmas_kind.jsonl,none+ga1bs16,2,1,1,1,2,0.54216,0.57926,0.49149,0.42769,0.81143,0.43802,0.49535,0.57385,0.84342,0.40441,15.0
dc_hu_harm_llama70b_eval_ai_dilemmas_kind.jsonl,none+ga1bs16,2,2,1,1,2,0.58384,0.59236,0.51985,0.59711,0.73725,0.48118,0.50735,0.64224,0.73245,0.4874,15.2
dc_hu_harm_llama70b_eval_ai_dilemmas_kind.jsonl,none+ga1bs16,2,3,1,1,2,0.52986,0.55557,0.49811,0.38636,0.81945,0.41552,0.49968,0.46592,0.86186,0.39484,16.1
dc_hu_harm_llama70b_eval_ai_dilemmas_kind.jsonl,none+ga1bs16,2,4,1,1,2,0.52146,0.56583,0.50851,0.33368,0.80241,0.44123,0.51244,0.41579,0.84457,0.49052,15.6
dc_hu_harm_llama70b_eval_ai_dilemmas_kind.jsonl,none+ga1bs16,2,5,1,1,2,0.56729,0.59403,0.50662,0.49793,0.79628,0.46832,0.50238,0.58944,0.80695,0.47735,15.7
dc_hu_harm_llama70b_eval_ai_dilemmas_kind.jsonl,none+ga1bs16,2,6,1,1,2,0.5437,0.58561,0.49716,0.44525,0.73424,0.49816,0.49254,0.60114,0.75421,0.49453,16.6
dc_hu_harm_llama70b_eval_ai_dilemmas_kind.jsonl,none+ga1bs16,2,7,1,1,2,0.5599,0.6119,0.50189,0.3657,0.88394,0.48806,0.50876,0.57129,0.85938,0.50817,14.6
dc_hu_harm_llama70b_eval_ai_dilemmas_loko.jsonl,none+ga22bs16,350,0,175,175,350,0.77348,0.77751,0.61531,0.78512,0.86567,0.82782,0.59094,0.77144,0.89052,0.85714,37.4
dc_hu_harm_llama70b_eval_ai_dilemmas_loko.jsonl,none+ga22bs16,350,1,175,175,350,0.79544,0.80847,0.68526,0.77066,0.87046,0.85537,0.67258,0.77311,0.90225,0.88593,33.5
dc_hu_harm_llama70b_eval_ai_dilemmas_loko.jsonl,none+ga22bs16,350,2,175,175,350,0.81867,0.83188,0.74291,0.77273,0.88394,0.87511,0.73335,0.77656,0.90136,0.91623,36.1
dc_hu_harm_llama70b_eval_ai_dilemmas_loko.jsonl,none+ga22bs16,350,3,175,175,350,0.78735,0.80087,0.63894,0.76963,0.87536,0.86547,0.63646,0.78425,0.90145,0.8813,36.5
dc_hu_harm_llama70b_eval_ai_dilemmas_loko.jsonl,none+ga22bs16,350,4,175,175,350,0.83221,0.83879,0.78072,0.74483,0.88683,0.91644,0.76881,0.75384,0.89848,0.93404,36.9
dc_hu_harm_llama70b_eval_ai_dilemmas_loko.jsonl,none+ga22bs16,350,5,175,175,350,0.79105,0.80348,0.66352,0.7655,0.89541,0.83976,0.66306,0.75707,0.92601,0.86776,34.6
dc_hu_harm_llama70b_eval_ai_dilemmas_loko.jsonl,none+ga22bs16,350,6,175,175,350,0.8192,0.82279,0.75331,0.76446,0.88438,0.87466,0.72643,0.76643,0.89799,0.9003,37.6
dc_hu_harm_llama70b_eval_ai_dilemmas_loko.jsonl,none+ga22bs16,350,7,175,175,350,0.78922,0.79799,0.65879,0.74793,0.90443,0.84573,0.63387,0.76665,0.92836,0.86308,40.7
dc_hu_harm_llama70b_eval_ai_dilemmas_loko.jsonl,none+ga11bs16,170,0,85,85,170,0.74509,0.74495,0.55766,0.75207,0.85888,0.81175,0.53082,0.74616,0.88226,0.82054,23.7
dc_hu_harm_llama70b_eval_ai_dilemmas_loko.jsonl,none+ga11bs16,170,1,85,85,170,0.78123,0.79837,0.64745,0.7438,0.85854,0.87511,0.65409,0.76242,0.87601,0.90098,27.6
dc_hu_harm_llama70b_eval_ai_dilemmas_loko.jsonl,none+ga11bs16,170,2,85,85,170,0.80937,0.81017,0.72212,0.75826,0.86912,0.88797,0.6875,0.76142,0.88161,0.91014,22.4
dc_hu_harm_llama70b_eval_ai_dilemmas_loko.jsonl,none+ga11bs16,170,3,85,85,170,0.78585,0.77557,0.64934,0.7686,0.87926,0.84619,0.59472,0.75162,0.8921,0.86386,22.7
dc_hu_harm_llama70b_eval_ai_dilemmas_loko.jsonl,none+ga11bs16,170,4,85,85,170,0.84672,0.84501,0.80151,0.7593,0.87748,0.94858,0.79823,0.75395,0.87566,0.95221,26.3
dc_hu_harm_llama70b_eval_ai_dilemmas_loko.jsonl,none+ga11bs16,170,5,85,85,170,0.78195,0.79362,0.66541,0.74587,0.88227,0.83425,0.66025,0.76197,0.89876,0.8535,25.7
dc_hu_harm_llama70b_eval_ai_dilemmas_loko.jsonl,none+ga11bs16,170,6,85,85,170,0.83248,0.82789,0.74764,0.81095,0.89118,0.88017,0.73421,0.76888,0.90416,0.90431,25.6
dc_hu_harm_llama70b_eval_ai_dilemmas_loko.jsonl,none+ga11bs16,170,7,85,85,170,0.81976,0.83972,0.78922,0.64876,0.9237,0.91736,0.74838,0.73858,0.94341,0.92852,24.6
dc_hu_harm_llama70b_eval_ai_dilemmas_loko.jsonl,none+ga7bs16,110,0,55,55,110,0.81718,0.82016,0.81947,0.65186,0.88739,0.91001,0.74795,0.70283,0.91245,0.91743,22.2
dc_hu_harm_llama70b_eval_ai_dilemmas_loko.jsonl,none+ga7bs16,110,1,55,55,110,0.84622,0.84037,0.81853,0.7593,0.88695,0.92011,0.78028,0.76142,0.88456,0.93524,22.4
dc_hu_harm_llama70b_eval_ai_dilemmas_loko.jsonl,none+ga7bs16,110,2,55,55,110,0.81202,0.82626,0.7448,0.69835,0.88895,0.91598,0.74135,0.73112,0.89926,0.93331,22.6
dc_hu_harm_llama70b_eval_ai_dilemmas_loko.jsonl,none+ga7bs16,110,3,55,55,110,0.81243,0.82268,0.70699,0.79236,0.86378,0.88659,0.73205,0.75017,0.89525,0.91327,21.6
dc_hu_harm_llama70b_eval_ai_dilemmas_loko.jsonl,none+ga7bs16,110,4,55,55,110,0.7889,0.77127,0.64745,0.78306,0.86511,0.85996,0.59937,0.75028,0.87411,0.86131,21.7
dc_hu_harm_llama70b_eval_ai_dilemmas_loko.jsonl,none+ga7bs16,110,5,55,55,110,0.77428,0.79097,0.6172,0.72831,0.87926,0.87236,0.59808,0.76743,0.9156,0.88276,22.1
dc_hu_harm_llama70b_eval_ai_dilemmas_loko.jsonl,none+ga7bs16,110,6,55,55,110,0.75567,0.76134,0.58507,0.73347,0.908,0.79614,0.58229,0.76331,0.9241,0.77567,20.6
dc_hu_harm_llama70b_eval_ai_dilemmas_loko.jsonl,none+ga7bs16,110,7,55,55,110,0.83331,0.8274,0.76371,0.79236,0.87358,0.90358,0.73583,0.76687,0.90357,0.90332,21.8
dc_hu_harm_llama70b_eval_ai_dilemmas_loko.jsonl,none+ga5bs16,80,0,40,40,80,0.76616,0.76948,0.6087,0.72727,0.92014,0.80854,0.55223,0.74716,0.94764,0.8309,19.9
dc_hu_harm_llama70b_eval_ai_dilemmas_loko.jsonl,none+ga5bs16,80,1,40,40,80,0.80183,0.81626,0.67297,0.7562,0.91312,0.86501,0.68642,0.75429,0.92241,0.90192,19.5
dc_hu_harm_llama70b_eval_ai_dilemmas_loko.jsonl,none+ga5bs16,80,2,40,40,80,0.81914,0.84988,0.73819,0.7314,0.91256,0.8944,0.78774,0.76164,0.92986,0.92029,17.2
dc_hu_harm_llama70b_eval_ai_dilemmas_loko.jsonl,none+ga5bs16,80,3,40,40,80,0.82896,0.84256,0.72779,0.78822,0.88338,0.91644,0.76633,0.76687,0.89571,0.94133,20.3
dc_hu_harm_llama70b_eval_ai_dilemmas_loko.jsonl,none+ga5bs16,80,4,40,40,80,0.79659,0.78308,0.65501,0.81508,0.85999,0.85629,0.61354,0.75362,0.88962,0.87552,18.3
dc_hu_harm_llama70b_eval_ai_dilemmas_loko.jsonl,none+ga5bs16,80,5,40,40,80,0.86012,0.85771,0.84026,0.75207,0.89775,0.95041,0.82104,0.75106,0.90126,0.95747,19.1
dc_hu_harm_llama70b_eval_ai_dilemmas_loko.jsonl,none+ga5bs16,80,6,40,40,80,0.80828,0.80589,0.75047,0.75826,0.87224,0.85216,0.69669,0.74092,0.88867,0.89728,18.8
dc_hu_harm_llama70b_eval_ai_dilemmas_loko.jsonl,none+ga5bs16,80,7,40,40,80,0.84551,0.85691,0.81096,0.71591,0.89742,0.95776,0.81423,0.73791,0.92302,0.95247,19.8
dc_hu_harm_llama70b_eval_ai_dilemmas_loko.jsonl,none+ga4bs16,50,0,25,25,50,0.80194,0.81896,0.71645,0.68595,0.92381,0.88154,0.72718,0.70261,0.94276,0.90327,22.0
dc_hu_harm_llama70b_eval_ai_dilemmas_loko.jsonl,none+ga4bs16,50,1,25,25,50,0.86423,0.86502,0.86767,0.7407,0.89675,0.95179,0.84678,0.74003,0.91999,0.9533,18.7
dc_hu_harm_llama70b_eval_ai_dilemmas_loko.jsonl,none+ga4bs16,50,2,25,25,50,0.80011,0.82881,0.71361,0.66529,0.9207,0.90083,0.77465,0.69459,0.92473,0.92128,18.3
dc_hu_harm_llama70b_eval_ai_dilemmas_loko.jsonl,none+ga4bs16,50,3,25,25,50,0.87832,0.84662,0.90737,0.70971,0.94899,0.9472,0.81769,0.70116,0.94027,0.92737,19.7
dc_hu_harm_llama70b_eval_ai_dilemmas_loko.jsonl,none+ga4bs16,50,4,25,25,50,0.86332,0.86869,0.83932,0.71488,0.94821,0.95087,0.83737,0.73023,0.96001,0.94716,19.3
dc_hu_harm_llama70b_eval_ai_dilemmas_loko.jsonl,none+ga4bs16,50,5,25,25,50,0.73528,0.76107,0.58601,0.61777,0.8581,0.87925,0.5811,0.70439,0.88706,0.87172,19.7
dc_hu_harm_llama70b_eval_ai_dilemmas_loko.jsonl,none+ga4bs16,50,6,25,25,50,0.85388,0.86593,0.87996,0.64876,0.94097,0.94582,0.8697,0.69214,0.94696,0.95491,19.1
dc_hu_harm_llama70b_eval_ai_dilemmas_loko.jsonl,none+ga4bs16,50,7,25,25,50,0.84464,0.82199,0.78922,0.78719,0.86411,0.93802,0.76698,0.71931,0.85509,0.94658,19.0
dc_hu_harm_llama70b_eval_ai_dilemmas_loko.jsonl,none+ga2bs16,30,0,15,15,30,0.86125,0.85801,0.84972,0.67149,0.95779,0.96602,0.83131,0.69737,0.94356,0.95981,19.9
dc_hu_harm_llama70b_eval_ai_dilemmas_loko.jsonl,none+ga2bs16,30,1,15,15,30,0.78259,0.81894,0.68715,0.55372,0.95745,0.93205,0.71648,0.65995,0.96002,0.9393,14.9
dc_hu_harm_llama70b_eval_ai_dilemmas_loko.jsonl,none+ga2bs16,30,2,15,15,30,0.7904,0.79168,0.65501,0.75103,0.87447,0.88108,0.63927,0.74282,0.89661,0.88802,15.3
dc_hu_harm_llama70b_eval_ai_dilemmas_loko.jsonl,none+ga2bs16,30,3,15,15,30,0.82843,0.8232,0.69376,0.78099,0.94732,0.89164,0.68739,0.73747,0.9394,0.92852,16.6
dc_hu_harm_llama70b_eval_ai_dilemmas_loko.jsonl,none+ga2bs16,30,4,15,15,30,0.83843,0.84328,0.78639,0.78822,0.90766,0.87144,0.81434,0.76565,0.8837,0.90941,16.6
dc_hu_harm_llama70b_eval_ai_dilemmas_loko.jsonl,none+ga2bs16,30,5,15,15,30,0.83086,0.83253,0.77599,0.76963,0.85999,0.91781,0.79963,0.74126,0.85198,0.93727,17.5
dc_hu_harm_llama70b_eval_ai_dilemmas_loko.jsonl,none+ga2bs16,30,6,15,15,30,0.85517,0.82864,0.86484,0.74483,0.86333,0.94766,0.80807,0.69358,0.87134,0.94159,16.4
dc_hu_harm_llama70b_eval_ai_dilemmas_loko.jsonl,none+ga2bs16,30,7,15,15,30,0.81805,0.8327,0.75331,0.67149,0.92961,0.91781,0.77163,0.71163,0.93422,0.91332,17.7
dc_hu_harm_llama70b_eval_ai_dilemmas_loko.jsonl,none+ga2bs16,20,0,10,10,20,0.75615,0.81156,0.74291,0.47624,0.9207,0.88476,0.79077,0.64469,0.91185,0.89895,21.7
dc_hu_harm_llama70b_eval_ai_dilemmas_loko.jsonl,none+ga2bs16,20,1,10,10,20,0.84925,0.8428,0.77788,0.75207,0.90655,0.96051,0.84007,0.71252,0.85467,0.96392,20.3
dc_hu_harm_llama70b_eval_ai_dilemmas_loko.jsonl,none+ga2bs16,20,2,10,10,20,0.78531,0.79845,0.80057,0.50826,0.91691,0.91552,0.734,0.59256,0.93029,0.93695,14.1
dc_hu_harm_llama70b_eval_ai_dilemmas_loko.jsonl,none+ga2bs16,20,3,10,10,20,0.82619,0.83058,0.83743,0.58884,0.96157,0.9169,0.7846,0.67253,0.96369,0.9015,22.1
dc_hu_harm_llama70b_eval_ai_dilemmas_loko.jsonl,none+ga2bs16,20,4,10,10,20,0.79736,0.79516,0.71456,0.63326,0.92838,0.91322,0.71907,0.6106,0.93668,0.91431,17.8
dc_hu_harm_llama70b_eval_ai_dilemmas_loko.jsonl,none+ga2bs16,20,5,10,10,20,0.84076,0.85809,0.84877,0.62397,0.92337,0.96694,0.85835,0.67365,0.93654,0.96382,16.8
dc_hu_harm_llama70b_eval_ai_dilemmas_loko.jsonl,none+ga2bs16,20,6,10,10,20,0.67188,0.72354,0.53686,0.57541,0.92693,0.6483,0.54217,0.69592,0.95681,0.69924,33.2
dc_hu_harm_llama70b_eval_ai_dilemmas_loko.jsonl,none+ga2bs16,20,7,10,10,20,0.79384,0.78461,0.73724,0.6312,0.87258,0.93434,0.69507,0.61862,0.88519,0.93956,19.7
dc_hu_harm_llama70b_eval_ai_dilemmas_loko.jsonl,none+ga1bs16,10,0,5,5,10,0.5914,0.63684,0.51512,0.43079,0.82557,0.59412,0.51535,0.64881,0.86779,0.51541,20.0
dc_hu_harm_llama70b_eval_ai_dilemmas_loko.jsonl,none+ga1bs16,10,1,5,5,10,0.64641,0.6749,0.55009,0.60847,0.86968,0.55739,0.5492,0.71096,0.88644,0.553,15.2
dc_hu_harm_llama70b_eval_ai_dilemmas_loko.jsonl,none+ga1bs16,10,2,5,5,10,0.75991,0.74678,0.66257,0.62087,0.90633,0.84986,0.61819,0.64781,0.85659,0.86454,27.5
dc_hu_harm_llama70b_eval_ai_dilemmas_loko.jsonl,none+ga1bs16,10,3,5,5,10,0.72407,0.72845,0.58129,0.56715,0.92782,0.82002,0.57039,0.60058,0.94794,0.79488,31.5
dc_hu_harm_llama70b_eval_ai_dilemmas_loko.jsonl,none+ga1bs16,10,4,5,5,10,0.61891,0.66789,0.49905,0.51033,0.90566,0.56061,0.50627,0.66117,0.91437,0.58975,24.1
dc_hu_harm_llama70b_eval_ai_dilemmas_loko.jsonl,none+ga1bs16,10,5,5,5,10,0.62498,0.63503,0.49716,0.6281,0.85309,0.52158,0.50497,0.73803,0.7857,0.5114,15.3
dc_hu_harm_llama70b_eval_ai_dilemmas_loko.jsonl,none+ga1bs16,10,6,5,5,10,0.81884,0.82161,0.85822,0.65806,0.91379,0.84527,0.84462,0.66329,0.90077,0.87776,23.8
dc_hu_harm_llama70b_eval_ai_dilemmas_loko.jsonl,none+ga1bs16,10,7,5,5,10,0.77657,0.76949,0.69282,0.68285,0.90599,0.82461,0.70221,0.69648,0.84414,0.83512,21.5
dc_hu_harm_llama70b_eval_ai_dilemmas_loko.jsonl,none+ga1bs16,6,0,3,3,6,0.61757,0.61958,0.55104,0.8564,0.4462,0.61662,0.58326,0.83192,0.44975,0.61339,19.6
dc_hu_harm_llama70b_eval_ai_dilemmas_loko.jsonl,none+ga1bs16,6,1,3,3,6,0.62965,0.62075,0.55766,0.7593,0.59835,0.60331,0.53298,0.75239,0.61827,0.57934,16.3
dc_hu_harm_llama70b_eval_ai_dilemmas_loko.jsonl,none+ga1bs16,6,2,3,3,6,0.69675,0.71337,0.55577,0.60021,0.83215,0.7989,0.56174,0.60715,0.86665,0.81794,15.1
dc_hu_harm_llama70b_eval_ai_dilemmas_loko.jsonl,none+ga1bs16,6,3,3,3,6,0.55576,0.60266,0.52552,0.43905,0.79795,0.46051,0.52725,0.56627,0.81811,0.49901,16.8
dc_hu_harm_llama70b_eval_ai_dilemmas_loko.jsonl,none+ga1bs16,6,4,3,3,6,0.64582,0.68986,0.63705,0.3626,0.93072,0.65289,0.60532,0.50345,0.9546,0.69606,19.7
dc_hu_harm_llama70b_eval_ai_dilemmas_loko.jsonl,none+ga1bs16,6,5,3,3,6,0.55702,0.60836,0.53403,0.33574,0.91067,0.44766,0.51698,0.54622,0.94631,0.42394,15.0
dc_hu_harm_llama70b_eval_ai_dilemmas_loko.jsonl,none+ga1bs16,6,6,3,3,6,0.62674,0.60606,0.53497,0.84607,0.63511,0.49082,0.51654,0.78993,0.62421,0.49354,18.0
dc_hu_harm_llama70b_eval_ai_dilemmas_loko.jsonl,none+ga1bs16,6,7,3,3,6,0.76201,0.72154,0.78355,0.7655,0.57106,0.92792,0.72437,0.69403,0.52164,0.94612,18.1
dc_hu_harm_llama70b_eval_ai_dilemmas_loko.jsonl,none+ga1bs16,4,0,2,2,4,0.60115,0.62466,0.51985,0.52893,0.84986,0.50597,0.51395,0.64112,0.83697,0.50661,15.3
dc_hu_harm_llama70b_eval_ai_dilemmas_loko.jsonl,none+ga1bs16,4,1,2,2,4,0.59645,0.58664,0.54442,0.81818,0.44286,0.58035,0.5359,0.81243,0.44914,0.54909,21.0
dc_hu_harm_llama70b_eval_ai_dilemmas_loko.jsonl,none+ga1bs16,4,2,2,2,4,0.57785,0.61422,0.49716,0.37397,0.91869,0.52158,0.50876,0.51493,0.93793,0.49526,28.9
dc_hu_harm_llama70b_eval_ai_dilemmas_loko.jsonl,none+ga1bs16,4,3,2,2,4,0.56997,0.59219,0.50189,0.51446,0.80486,0.45868,0.50054,0.60236,0.82928,0.43659,16.4
dc_hu_harm_llama70b_eval_ai_dilemmas_loko.jsonl,none+ga1bs16,4,4,2,2,4,0.54465,0.61234,0.50662,0.32335,0.90098,0.44766,0.50249,0.53464,0.93405,0.47819,13.7
dc_hu_harm_llama70b_eval_ai_dilemmas_loko.jsonl,none+ga1bs16,4,5,2,2,4,0.5503,0.60514,0.55671,0.32851,0.90321,0.41276,0.52606,0.5245,0.92171,0.4483,16.0
dc_hu_harm_llama70b_eval_ai_dilemmas_loko.jsonl,none+ga1bs16,4,6,2,2,4,0.56039,0.59692,0.51229,0.3843,0.88127,0.46373,0.50454,0.56783,0.90548,0.40983,14.3
dc_hu_harm_llama70b_eval_ai_dilemmas_loko.jsonl,none+ga1bs16,4,7,2,2,4,0.61644,0.63474,0.55009,0.4845,0.92749,0.50367,0.55125,0.54834,0.9363,0.50307,14.9
dc_hu_harm_llama70b_eval_ai_dilemmas_loko.jsonl,none+ga1bs16,2,0,1,1,2,0.55818,0.58007,0.53497,0.40806,0.73736,0.55234,0.51881,0.50345,0.7524,0.54561,18.8
dc_hu_harm_llama70b_eval_ai_dilemmas_loko.jsonl,none+ga1bs16,2,1,1,1,2,0.56161,0.59966,0.50756,0.47521,0.73246,0.53122,0.50833,0.59557,0.74421,0.55055,13.8
dc_hu_harm_llama70b_eval_ai_dilemmas_loko.jsonl,none+ga1bs16,2,2,1,1,2,0.54912,0.59083,0.49433,0.40083,0.79305,0.50826,0.50454,0.5665,0.81583,0.47647,17.4
dc_hu_harm_llama70b_eval_ai_dilemmas_loko.jsonl,none+ga1bs16,2,3,1,1,2,0.596,0.63016,0.52836,0.6312,0.71341,0.51102,0.5306,0.74115,0.68094,0.56794,13.6
dc_hu_harm_llama70b_eval_ai_dilemmas_loko.jsonl,none+ga1bs16,2,4,1,1,2,0.5858,0.60869,0.50284,0.65393,0.68,0.50643,0.50227,0.70071,0.71336,0.51843,15.4
dc_hu_harm_llama70b_eval_ai_dilemmas_loko.jsonl,none+ga1bs16,2,5,1,1,2,0.58975,0.607,0.50662,0.5031,0.82312,0.52617,0.51438,0.52762,0.83842,0.54758,17.1
dc_hu_harm_llama70b_eval_ai_dilemmas_loko.jsonl,none+ga1bs16,2,6,1,1,2,0.55725,0.56759,0.51229,0.45248,0.78581,0.47842,0.51438,0.53119,0.74084,0.48397,18.1
dc_hu_harm_llama70b_eval_ai_dilemmas_loko.jsonl,none+ga1bs16,2,7,1,1,2,0.64419,0.65382,0.53686,0.81818,0.52473,0.69697,0.5319,0.85955,0.56546,0.65837,16.2
dc_hu_harm_llama70b_eval_ant_hh_kind.jsonl,none+ga5bs16,80,0,40,40,80,0.61817,0.59942,0.55104,0.75,0.46135,0.71028,0.56282,0.71831,0.46759,0.64895,22.3
dc_hu_harm_llama70b_eval_ant_hh_kind.jsonl,none+ga5bs16,80,1,40,40,80,0.61892,0.61003,0.5482,0.77273,0.4472,0.70753,0.58304,0.7505,0.46154,0.64504,21.7
dc_hu_harm_llama70b_eval_ant_hh_kind.jsonl,none+ga5bs16,80,2,40,40,80,0.62885,0.60768,0.57656,0.77273,0.4687,0.69743,0.57861,0.74638,0.46656,0.63916,21.8
dc_hu_harm_llama70b_eval_ant_hh_kind.jsonl,none+ga5bs16,80,3,40,40,80,0.60842,0.5876,0.55293,0.75,0.44665,0.68411,0.5319,0.73223,0.44883,0.63744,21.8
dc_hu_harm_llama70b_eval_ant_hh_kind.jsonl,none+ga5bs16,80,4,40,40,80,0.61799,0.61229,0.54631,0.77273,0.46146,0.69146,0.5824,0.75351,0.46681,0.64645,21.4
dc_hu_harm_llama70b_eval_ant_hh_kind.jsonl,none+ga5bs16,80,5,40,40,80,0.6132,0.58431,0.55198,0.77273,0.43985,0.68825,0.53179,0.7172,0.44075,0.64749,20.2
dc_hu_harm_llama70b_eval_ant_hh_kind.jsonl,none+ga5bs16,80,6,40,40,80,0.62511,0.59949,0.5775,0.72727,0.47483,0.72084,0.57602,0.70149,0.43991,0.68055,18.7
dc_hu_harm_llama70b_eval_ant_hh_kind.jsonl,none+ga5bs16,80,7,40,40,80,0.6015,0.59766,0.52741,0.77273,0.43829,0.66758,0.55644,0.75718,0.45224,0.62479,23.5
dc_hu_harm_llama70b_eval_ant_hh_kind.jsonl,none+ga4bs16,50,0,25,25,50,0.60124,0.58035,0.54253,0.72727,0.45378,0.68136,0.53385,0.69403,0.43183,0.6617,23.2
dc_hu_harm_llama70b_eval_ant_hh_kind.jsonl,none+ga4bs16,50,1,25,25,50,0.5496,0.55503,0.52268,0.63636,0.46269,0.57668,0.52941,0.63433,0.475,0.58137,19.0
dc_hu_harm_llama70b_eval_ant_hh_kind.jsonl,none+ga4bs16,50,2,25,25,50,0.59417,0.58392,0.52552,0.75,0.44642,0.65473,0.50368,0.73624,0.45852,0.63723,18.0
dc_hu_harm_llama70b_eval_ant_hh_kind.jsonl,none+ga4bs16,50,3,25,25,50,0.58596,0.57097,0.58601,0.70455,0.47661,0.57668,0.54433,0.68111,0.47239,0.58606,18.8
dc_hu_harm_llama70b_eval_ant_hh_kind.jsonl,none+ga4bs16,50,4,25,25,50,0.59089,0.58306,0.52174,0.77273,0.45478,0.61433,0.5399,0.74671,0.46106,0.58455,23.2
dc_hu_harm_llama70b_eval_ant_hh_kind.jsonl,none+ga4bs16,50,5,25,25,50,0.6099,0.60784,0.54537,0.75,0.4413,0.70294,0.58077,0.73892,0.45276,0.65889,17.4
dc_hu_harm_llama70b_eval_ant_hh_kind.jsonl,none+ga4bs16,50,6,25,25,50,0.59035,0.57889,0.50945,0.72727,0.45389,0.6708,0.52011,0.72288,0.44331,0.62927,20.8
dc_hu_harm_llama70b_eval_ant_hh_kind.jsonl,none+ga4bs16,50,7,25,25,50,0.6222,0.60228,0.56805,0.72727,0.44509,0.74839,0.57656,0.70884,0.41625,0.70747,20.0
dc_hu_harm_llama70b_eval_ant_hh_kind.jsonl,none+ga2bs16,30,0,15,15,30,0.61956,0.60878,0.5775,0.77273,0.48797,0.64004,0.56704,0.78225,0.48383,0.60199,23.6
dc_hu_harm_llama70b_eval_ant_hh_kind.jsonl,none+ga2bs16,30,1,15,15,30,0.60932,0.59909,0.54064,0.77273,0.44988,0.67401,0.57634,0.72667,0.46055,0.63281,17.9
dc_hu_harm_llama70b_eval_ant_hh_kind.jsonl,none+ga2bs16,30,2,15,15,30,0.61565,0.61743,0.55577,0.77273,0.46102,0.67309,0.58348,0.76442,0.47005,0.65176,15.8
dc_hu_harm_llama70b_eval_ant_hh_kind.jsonl,none+ga2bs16,30,3,15,15,30,0.62072,0.62014,0.56144,0.7624,0.45979,0.69927,0.56326,0.7877,0.45596,0.67363,18.4
dc_hu_harm_llama70b_eval_ant_hh_kind.jsonl,none+ga2bs16,30,4,15,15,30,0.63064,0.61561,0.58507,0.77273,0.46503,0.69972,0.59061,0.75685,0.46739,0.64759,22.0
dc_hu_harm_llama70b_eval_ant_hh_kind.jsonl,none+ga2bs16,30,5,15,15,30,0.63316,0.63449,0.58318,0.77273,0.45912,0.71763,0.6197,0.774,0.46656,0.67769,19.4
dc_hu_harm_llama70b_eval_ant_hh_kind.jsonl,none+ga2bs16,30,6,15,15,30,0.58157,0.58044,0.51701,0.77273,0.46491,0.57163,0.52054,0.79015,0.4576,0.55347,17.1
dc_hu_harm_llama70b_eval_ant_hh_kind.jsonl,none+ga2bs16,30,7,15,15,30,0.63546,0.62836,0.59263,0.7624,0.47884,0.70799,0.59505,0.77122,0.47324,0.67394,18.7
dc_hu_harm_llama70b_eval_ant_hh_kind.jsonl,none+ga2bs16,20,0,10,10,20,0.63585,0.6315,0.56427,0.77273,0.44331,0.76309,0.59981,0.76164,0.46217,0.70236,21.7
dc_hu_harm_llama70b_eval_ant_hh_kind.jsonl,none+ga2bs16,20,1,10,10,20,0.60293,0.59258,0.5397,0.7624,0.43651,0.67309,0.55471,0.76933,0.45276,0.5935,17.1
dc_hu_harm_llama70b_eval_ant_hh_kind.jsonl,none+ga2bs16,20,2,10,10,20,0.56256,0.55949,0.54442,0.65909,0.46269,0.58402,0.51471,0.63589,0.4725,0.61485,15.1
dc_hu_harm_llama70b_eval_ant_hh_kind.jsonl,none+ga2bs16,20,3,10,10,20,0.61685,0.60835,0.54915,0.72727,0.43339,0.75758,0.59105,0.69325,0.43966,0.70944,18.8
dc_hu_harm_llama70b_eval_ant_hh_kind.jsonl,none+ga2bs16,20,4,10,10,20,0.66044,0.64933,0.57372,0.82025,0.4599,0.78788,0.5838,0.83415,0.45565,0.72371,20.3
dc_hu_harm_llama70b_eval_ant_hh_kind.jsonl,none+ga2bs16,20,5,10,10,20,0.61603,0.61054,0.53214,0.77273,0.44208,0.71717,0.57385,0.73379,0.46337,0.67113,18.4
dc_hu_harm_llama70b_eval_ant_hh_kind.jsonl,none+ga2bs16,20,6,10,10,20,0.61198,0.60545,0.52457,0.77273,0.43896,0.71166,0.54596,0.74393,0.44175,0.69018,17.5
dc_hu_harm_llama70b_eval_ant_hh_kind.jsonl,none+ga2bs16,20,7,10,10,20,0.66353,0.64959,0.60019,0.83781,0.47048,0.74564,0.61992,0.82758,0.45654,0.69435,23.7
dc_hu_harm_llama70b_eval_ant_hh_kind.jsonl,none+ga1bs16,10,0,5,5,10,0.63343,0.62664,0.59074,0.81818,0.4462,0.6786,0.58294,0.8767,0.43201,0.6149,23.0
dc_hu_harm_llama70b_eval_ant_hh_kind.jsonl,none+ga1bs16,10,1,5,5,10,0.63548,0.62135,0.5983,0.84711,0.43629,0.66024,0.58023,0.82602,0.45931,0.61985,16.8
dc_hu_harm_llama70b_eval_ant_hh_kind.jsonl,none+ga1bs16,10,2,5,5,10,0.61706,0.63365,0.55482,0.84298,0.45567,0.61478,0.61765,0.87247,0.45875,0.58575,17.0
dc_hu_harm_llama70b_eval_ant_hh_kind.jsonl,none+ga1bs16,10,3,5,5,10,0.65128,0.63419,0.58318,0.91942,0.42849,0.67401,0.58013,0.85153,0.42616,0.67894,17.0
dc_hu_harm_llama70b_eval_ant_hh_kind.jsonl,none+ga1bs16,10,4,5,5,10,0.598,0.60727,0.55009,0.82335,0.43039,0.58815,0.55331,0.86411,0.43223,0.57945,17.4
dc_hu_harm_llama70b_eval_ant_hh_kind.jsonl,none+ga1bs16,10,5,5,5,10,0.62345,0.61393,0.56805,0.86674,0.41346,0.64555,0.56466,0.8425,0.42833,0.62021,21.8
dc_hu_harm_llama70b_eval_ant_hh_kind.jsonl,none+ga1bs16,10,6,5,5,10,0.58856,0.59961,0.55577,0.80062,0.44598,0.55188,0.55428,0.83593,0.46216,0.54607,18.3
dc_hu_harm_llama70b_eval_ant_hh_kind.jsonl,none+ga1bs16,10,7,5,5,10,0.65404,0.65769,0.61626,0.8657,0.43172,0.70248,0.66382,0.85442,0.44872,0.66379,19.3
dc_hu_harm_llama70b_eval_ant_hh_kind.jsonl,none+ga1bs16,6,0,3,3,6,0.60004,0.61136,0.59735,0.81715,0.43194,0.55372,0.62511,0.84039,0.42095,0.55899,31.3
dc_hu_harm_llama70b_eval_ant_hh_kind.jsonl,none+ga1bs16,6,1,3,3,6,0.61522,0.61442,0.59357,0.82851,0.42493,0.61387,0.58705,0.84908,0.43072,0.59085,19.9
dc_hu_harm_llama70b_eval_ant_hh_kind.jsonl,none+ga1bs16,6,2,3,3,6,0.62393,0.62823,0.55009,0.85537,0.48006,0.61019,0.57861,0.8894,0.459,0.5859,18.8
dc_hu_harm_llama70b_eval_ant_hh_kind.jsonl,none+ga1bs16,6,3,3,3,6,0.64196,0.62395,0.65123,0.85434,0.41123,0.65106,0.62316,0.83727,0.4292,0.60615,21.1
dc_hu_harm_llama70b_eval_ant_hh_kind.jsonl,none+ga1bs16,6,4,3,3,6,0.61054,0.61368,0.56144,0.84401,0.44442,0.59229,0.57461,0.89864,0.40601,0.57544,21.2
dc_hu_harm_llama70b_eval_ant_hh_kind.jsonl,none+ga1bs16,6,5,3,3,6,0.61327,0.60899,0.54915,0.85847,0.42058,0.62489,0.57785,0.81633,0.43004,0.61172,20.2
dc_hu_harm_llama70b_eval_ant_hh_kind.jsonl,none+ga1bs16,6,6,3,3,6,0.61652,0.60572,0.57183,0.89463,0.43395,0.56566,0.58186,0.83905,0.4468,0.55519,29.1
dc_hu_harm_llama70b_eval_ant_hh_kind.jsonl,none+ga1bs16,6,7,3,3,6,0.58193,0.58393,0.55577,0.80682,0.40867,0.55647,0.53795,0.85609,0.39105,0.5506,18.4
dc_hu_harm_llama70b_eval_ant_hh_kind.jsonl,none+ga1bs16,4,0,2,2,4,0.66269,0.65148,0.5397,0.86054,0.53976,0.71074,0.53395,0.79951,0.58219,0.69029,33.4
dc_hu_harm_llama70b_eval_ant_hh_kind.jsonl,none+ga1bs16,4,1,2,2,4,0.65888,0.64068,0.66257,0.875,0.41936,0.6786,0.6636,0.79996,0.4436,0.65556,22.3
dc_hu_harm_llama70b_eval_ant_hh_kind.jsonl,none+ga1bs16,4,2,2,2,4,0.59545,0.60399,0.569,0.83884,0.38672,0.58724,0.58499,0.86289,0.38739,0.5807,19.6
dc_hu_harm_llama70b_eval_ant_hh_kind.jsonl,none+ga1bs16,4,3,2,2,4,0.56988,0.57193,0.52363,0.80062,0.43551,0.51974,0.51276,0.82223,0.44715,0.50557,18.5
dc_hu_harm_llama70b_eval_ant_hh_kind.jsonl,none+ga1bs16,4,4,2,2,4,0.59135,0.58703,0.53686,0.72934,0.52985,0.56933,0.56661,0.70294,0.52307,0.5555,14.0
dc_hu_harm_llama70b_eval_ant_hh_kind.jsonl,none+ga1bs16,4,5,2,2,4,0.57491,0.57791,0.55482,0.83058,0.37982,0.53444,0.55288,0.82769,0.40244,0.52863,18.3
dc_hu_harm_llama70b_eval_ant_hh_kind.jsonl,none+ga1bs16,4,6,2,2,4,0.66993,0.63741,0.58507,0.89773,0.47104,0.7259,0.58542,0.84195,0.45974,0.66254,16.5
dc_hu_harm_llama70b_eval_ant_hh_kind.jsonl,none+ga1bs16,4,7,2,2,4,0.57531,0.5732,0.55009,0.83161,0.39519,0.52433,0.5333,0.84195,0.41197,0.50557,19.3
dc_hu_harm_llama70b_eval_ant_hh_kind.jsonl,none+ga1bs16,2,0,1,1,2,0.51857,0.5408,0.5,0.64463,0.4315,0.49816,0.49935,0.71775,0.44944,0.49667,18.6
dc_hu_harm_llama70b_eval_ant_hh_kind.jsonl,none+ga1bs16,2,1,1,1,2,0.52827,0.52016,0.45747,0.87087,0.35041,0.43434,0.48054,0.80775,0.36244,0.42993,20.2
dc_hu_harm_llama70b_eval_ant_hh_kind.jsonl,none+ga1bs16,2,2,1,1,2,0.64302,0.62168,0.53119,0.82955,0.54054,0.6708,0.53082,0.77445,0.56146,0.62,20.2
dc_hu_harm_llama70b_eval_ant_hh_kind.jsonl,none+ga1bs16,2,3,1,1,2,0.50192,0.4918,0.5189,0.78719,0.25852,0.44307,0.50454,0.78525,0.24265,0.43477,19.6
dc_hu_harm_llama70b_eval_ant_hh_kind.jsonl,none+ga1bs16,2,4,1,1,2,0.57982,0.56703,0.50662,0.85331,0.40566,0.55372,0.5053,0.7926,0.43929,0.53092,19.2
dc_hu_harm_llama70b_eval_ant_hh_kind.jsonl,none+ga1bs16,2,5,1,1,2,0.6456,0.66152,0.60775,0.73037,0.53308,0.7112,0.6223,0.76465,0.55776,0.70137,18.4
dc_hu_harm_llama70b_eval_ant_hh_kind.jsonl,none+ga1bs16,2,6,1,1,2,0.66134,0.63259,0.54726,0.91426,0.46024,0.7236,0.57321,0.82,0.45864,0.67852,24.2
dc_hu_harm_llama70b_eval_ant_hh_kind.jsonl,none+ga1bs16,2,7,1,1,2,0.6775,0.67337,0.58412,0.81508,0.49722,0.81359,0.57266,0.81577,0.54107,0.76395,25.7
dc_hu_harm_llama70b_eval_ant_hh_loko.jsonl,none+ga22bs16,350,0,175,175,350,0.8366,0.85256,0.8034,0.69008,0.91858,0.93434,0.80493,0.74315,0.91902,0.94315,34.4
dc_hu_harm_llama70b_eval_ant_hh_loko.jsonl,none+ga22bs16,350,1,175,175,350,0.8389,0.85594,0.81474,0.67149,0.94008,0.92929,0.82472,0.69949,0.9464,0.95314,34.8
dc_hu_harm_llama70b_eval_ant_hh_loko.jsonl,none+ga22bs16,350,2,175,175,350,0.81986,0.84197,0.75331,0.68595,0.92604,0.91414,0.77768,0.72366,0.92546,0.94107,32.2
dc_hu_harm_llama70b_eval_ant_hh_loko.jsonl,none+ga22bs16,350,3,175,175,350,0.82459,0.83892,0.74386,0.72727,0.92961,0.89761,0.76741,0.72366,0.92067,0.94393,35.4
dc_hu_harm_llama70b_eval_ant_hh_loko.jsonl,none+ga22bs16,350,4,175,175,350,0.83011,0.84423,0.78072,0.71488,0.92771,0.89715,0.78125,0.73134,0.91841,0.94591,38.4
dc_hu_harm_llama70b_eval_ant_hh_loko.jsonl,none+ga22bs16,350,5,175,175,350,0.85515,0.86636,0.85066,0.71798,0.92315,0.92883,0.85424,0.74103,0.92003,0.95012,34.3
dc_hu_harm_llama70b_eval_ant_hh_loko.jsonl,none+ga22bs16,350,6,175,175,350,0.82278,0.83995,0.73913,0.71488,0.92482,0.9123,0.77984,0.71865,0.91019,0.95111,34.3
dc_hu_harm_llama70b_eval_ant_hh_loko.jsonl,none+ga22bs16,350,7,175,175,350,0.84976,0.86198,0.81474,0.71074,0.91212,0.96143,0.85218,0.73992,0.89571,0.96012,36.2
dc_hu_harm_llama70b_eval_ant_hh_loko.jsonl,none+ga11bs16,170,0,85,85,170,0.84368,0.84828,0.80813,0.70145,0.93495,0.93021,0.79109,0.73067,0.93902,0.93232,25.9
dc_hu_harm_llama70b_eval_ant_hh_loko.jsonl,none+ga11bs16,170,1,85,85,170,0.79727,0.80941,0.71361,0.70145,0.88973,0.8843,0.71464,0.71697,0.88606,0.91998,25.1
dc_hu_harm_llama70b_eval_ant_hh_loko.jsonl,none+ga11bs16,170,2,85,85,170,0.85875,0.85897,0.84877,0.70661,0.91591,0.96373,0.8511,0.72277,0.90411,0.95788,23.6
dc_hu_harm_llama70b_eval_ant_hh_loko.jsonl,none+ga11bs16,170,3,85,85,170,0.84409,0.85981,0.78072,0.71488,0.90922,0.97153,0.85186,0.69871,0.92149,0.9672,23.9
dc_hu_harm_llama70b_eval_ant_hh_loko.jsonl,none+ga11bs16,170,4,85,85,170,0.81991,0.84519,0.74764,0.64566,0.92905,0.9573,0.76654,0.7172,0.93896,0.95804,24.7
dc_hu_harm_llama70b_eval_ant_hh_loko.jsonl,none+ga11bs16,170,5,85,85,170,0.80538,0.81248,0.71928,0.74793,0.87414,0.88017,0.71626,0.73981,0.86613,0.92774,26.5
dc_hu_harm_llama70b_eval_ant_hh_loko.jsonl,none+ga11bs16,170,6,85,85,170,0.85139,0.86575,0.79773,0.76343,0.90454,0.93985,0.84591,0.727,0.9248,0.96527,27.5
dc_hu_harm_llama70b_eval_ant_hh_loko.jsonl,none+ga11bs16,170,7,85,85,170,0.82442,0.83399,0.74197,0.71798,0.90844,0.92929,0.7593,0.74527,0.90141,0.92998,23.0
dc_hu_harm_llama70b_eval_ant_hh_loko.jsonl,none+ga7bs16,110,0,55,55,110,0.80773,0.80424,0.74197,0.69938,0.91813,0.87144,0.69442,0.70394,0.9247,0.8939,21.6
dc_hu_harm_llama70b_eval_ant_hh_loko.jsonl,none+ga7bs16,110,1,55,55,110,0.86722,0.87756,0.8724,0.68388,0.9374,0.97521,0.89046,0.71085,0.94479,0.96413,21.6
dc_hu_harm_llama70b_eval_ant_hh_loko.jsonl,none+ga7bs16,110,2,55,55,110,0.79272,0.79812,0.68431,0.68698,0.9139,0.88567,0.637,0.73691,0.90539,0.91316,19.0
dc_hu_harm_llama70b_eval_ant_hh_loko.jsonl,none+ga7bs16,110,3,55,55,110,0.85952,0.84767,0.84594,0.76446,0.88004,0.94766,0.8284,0.74972,0.86905,0.94351,22.7
dc_hu_harm_llama70b_eval_ant_hh_loko.jsonl,none+ga7bs16,110,4,55,55,110,0.82154,0.85771,0.74008,0.68698,0.93852,0.92057,0.83402,0.71241,0.92315,0.96127,19.8
dc_hu_harm_llama70b_eval_ant_hh_loko.jsonl,none+ga7bs16,110,5,55,55,110,0.82731,0.8242,0.79395,0.71074,0.90922,0.89532,0.79152,0.66563,0.90175,0.93789,19.4
dc_hu_harm_llama70b_eval_ant_hh_loko.jsonl,none+ga7bs16,110,6,55,55,110,0.88685,0.88043,0.90737,0.72521,0.93595,0.97888,0.89522,0.73157,0.93279,0.96215,24.1
dc_hu_harm_llama70b_eval_ant_hh_loko.jsonl,none+ga7bs16,110,7,55,55,110,0.83856,0.83591,0.7656,0.73554,0.92426,0.92883,0.74989,0.73591,0.92453,0.93331,20.0
dc_hu_harm_llama70b_eval_ant_hh_loko.jsonl,none+ga5bs16,80,0,40,40,80,0.80261,0.81222,0.72495,0.65393,0.93072,0.90083,0.69821,0.6918,0.92524,0.93362,23.2
dc_hu_harm_llama70b_eval_ant_hh_loko.jsonl,none+ga5bs16,80,1,40,40,80,0.76514,0.76716,0.59168,0.71074,0.92849,0.82966,0.58932,0.7016,0.94867,0.82903,19.0
dc_hu_harm_llama70b_eval_ant_hh_loko.jsonl,none+ga5bs16,80,2,40,40,80,0.77944,0.79747,0.67675,0.65083,0.91735,0.87282,0.6822,0.69938,0.90081,0.90749,17.0
dc_hu_harm_llama70b_eval_ant_hh_loko.jsonl,none+ga5bs16,80,3,40,40,80,0.78415,0.78412,0.64934,0.68388,0.89886,0.9045,0.61192,0.71174,0.90728,0.90556,18.8
dc_hu_harm_llama70b_eval_ant_hh_loko.jsonl,none+ga5bs16,80,4,40,40,80,0.82974,0.82888,0.78922,0.71488,0.88739,0.92746,0.74838,0.73335,0.88949,0.94429,20.2
dc_hu_harm_llama70b_eval_ant_hh_loko.jsonl,none+ga5bs16,80,5,40,40,80,0.77438,0.77107,0.65217,0.67665,0.88394,0.88476,0.63387,0.68957,0.89187,0.86896,19.9
dc_hu_harm_llama70b_eval_ant_hh_loko.jsonl,none+ga5bs16,80,6,40,40,80,0.72922,0.73984,0.51229,0.68595,0.911,0.80762,0.51665,0.69971,0.9345,0.80852,18.2
dc_hu_harm_llama70b_eval_ant_hh_loko.jsonl,none+ga5bs16,80,7,40,40,80,0.81534,0.80342,0.73629,0.73347,0.85264,0.93893,0.72816,0.71452,0.83186,0.93914,19.0
dc_hu_harm_llama70b_eval_ant_hh_loko.jsonl,none+ga4bs16,50,0,25,25,50,0.74498,0.76883,0.60019,0.57851,0.89719,0.90404,0.60175,0.66307,0.89494,0.91556,19.2
dc_hu_harm_llama70b_eval_ant_hh_loko.jsonl,none+ga4bs16,50,1,25,25,50,0.76268,0.78101,0.65784,0.62603,0.89953,0.86731,0.64619,0.68356,0.90764,0.88666,16.2
dc_hu_harm_llama70b_eval_ant_hh_loko.jsonl,none+ga4bs16,50,2,25,25,50,0.79573,0.80066,0.72873,0.65909,0.92871,0.86639,0.71572,0.68456,0.93302,0.86933,17.8
dc_hu_harm_llama70b_eval_ant_hh_loko.jsonl,none+ga4bs16,50,3,25,25,50,0.80109,0.81566,0.72684,0.61674,0.95121,0.90955,0.73227,0.6771,0.9533,0.89999,21.3
dc_hu_harm_llama70b_eval_ant_hh_loko.jsonl,none+ga4bs16,50,4,25,25,50,0.80707,0.82317,0.75803,0.65599,0.85832,0.95592,0.7553,0.72243,0.86438,0.95059,16.8
dc_hu_harm_llama70b_eval_ant_hh_loko.jsonl,none+ga4bs16,50,5,25,25,50,0.81394,0.81245,0.77977,0.60847,0.9364,0.93113,0.7394,0.61963,0.96188,0.92888,20.1
dc_hu_harm_llama70b_eval_ant_hh_loko.jsonl,none+ga4bs16,50,6,25,25,50,0.78201,0.80162,0.72495,0.61364,0.91802,0.87144,0.72351,0.65538,0.95495,0.87266,18.5
dc_hu_harm_llama70b_eval_ant_hh_loko.jsonl,none+ga4bs16,50,7,25,25,50,0.8364,0.80969,0.77977,0.70764,0.90365,0.95455,0.68847,0.67966,0.91931,0.95132,19.5
dc_hu_harm_llama70b_eval_ant_hh_loko.jsonl,none+ga2bs16,30,0,15,15,30,0.79048,0.77904,0.65123,0.67355,0.9276,0.90955,0.59245,0.67131,0.94974,0.90264,19.7
dc_hu_harm_llama70b_eval_ant_hh_loko.jsonl,none+ga2bs16,30,1,15,15,30,0.75897,0.77916,0.6087,0.56715,0.94498,0.91506,0.58456,0.6644,0.94927,0.91842,31.3
dc_hu_harm_llama70b_eval_ant_hh_loko.jsonl,none+ga2bs16,30,2,15,15,30,0.66099,0.68886,0.52457,0.49587,0.89853,0.72498,0.5146,0.60069,0.92438,0.7158,21.3
dc_hu_harm_llama70b_eval_ant_hh_loko.jsonl,none+ga2bs16,30,3,15,15,30,0.76315,0.74761,0.55293,0.75826,0.8865,0.85491,0.52768,0.7202,0.90213,0.84043,17.1
dc_hu_harm_llama70b_eval_ant_hh_loko.jsonl,none+ga2bs16,30,4,15,15,30,0.70864,0.72495,0.58696,0.47934,0.91334,0.85491,0.54812,0.57775,0.9159,0.85803,15.5
dc_hu_harm_llama70b_eval_ant_hh_loko.jsonl,none+ga2bs16,30,5,15,15,30,0.69341,0.71868,0.48677,0.57438,0.92738,0.78512,0.50854,0.65226,0.92999,0.78394,17.6
dc_hu_harm_llama70b_eval_ant_hh_loko.jsonl,none+ga2bs16,30,6,15,15,30,0.78213,0.7809,0.69282,0.59401,0.93718,0.9045,0.64144,0.65828,0.93332,0.89057,17.3
dc_hu_harm_llama70b_eval_ant_hh_loko.jsonl,none+ga2bs16,30,7,15,15,30,0.76452,0.77501,0.64745,0.58368,0.9491,0.87787,0.61181,0.6526,0.95635,0.87927,17.7
dc_hu_harm_llama70b_eval_ant_hh_loko.jsonl,none+ga2bs16,20,0,10,10,20,0.7569,0.77343,0.70605,0.47417,0.94609,0.90129,0.625,0.6311,0.96378,0.87385,30.1
dc_hu_harm_llama70b_eval_ant_hh_loko.jsonl,none+ga2bs16,20,1,10,10,20,0.80027,0.81609,0.81191,0.53616,0.91178,0.94123,0.74892,0.64235,0.93181,0.94127,30.3
dc_hu_harm_llama70b_eval_ant_hh_loko.jsonl,none+ga2bs16,20,2,10,10,20,0.84171,0.84512,0.85539,0.69215,0.88037,0.93893,0.87695,0.67175,0.87786,0.95393,24.6
dc_hu_harm_llama70b_eval_ant_hh_loko.jsonl,none+ga2bs16,20,3,10,10,20,0.77357,0.7512,0.62193,0.67562,0.9354,0.86134,0.58899,0.64769,0.91374,0.85438,28.4
dc_hu_harm_llama70b_eval_ant_hh_loko.jsonl,none+ga2bs16,20,4,10,10,20,0.77136,0.77501,0.5879,0.65186,0.94164,0.90404,0.55266,0.6849,0.95304,0.90946,16.9
dc_hu_harm_llama70b_eval_ant_hh_loko.jsonl,none+ga2bs16,20,5,10,10,20,0.74768,0.78773,0.58885,0.51756,0.92749,0.95684,0.6091,0.63333,0.93843,0.97006,16.7
dc_hu_harm_llama70b_eval_ant_hh_loko.jsonl,none+ga2bs16,20,6,10,10,20,0.79501,0.77696,0.70699,0.64669,0.8571,0.96924,0.66901,0.64068,0.84345,0.95471,16.8
dc_hu_harm_llama70b_eval_ant_hh_loko.jsonl,none+ga2bs16,20,7,10,10,20,0.75312,0.7832,0.58601,0.52583,0.95667,0.94399,0.58651,0.67699,0.966,0.90332,28.9
dc_hu_harm_llama70b_eval_ant_hh_loko.jsonl,none+ga1bs16,10,0,5,5,10,0.55518,0.57419,0.49716,0.49793,0.7192,0.50643,0.50032,0.57017,0.72089,0.50536,18.5
dc_hu_harm_llama70b_eval_ant_hh_loko.jsonl,none+ga1bs16,10,1,5,5,10,0.60626,0.64109,0.52647,0.55682,0.76186,0.57989,0.5146,0.6722,0.76121,0.61636,16.0
dc_hu_harm_llama70b_eval_ant_hh_loko.jsonl,none+ga1bs16,10,2,5,5,10,0.74446,0.7272,0.57372,0.65599,0.8992,0.84894,0.53936,0.65538,0.9017,0.81237,27.8
dc_hu_harm_llama70b_eval_ant_hh_loko.jsonl,none+ga1bs16,10,3,5,5,10,0.54624,0.54883,0.49811,0.59711,0.57641,0.51331,0.49308,0.59601,0.5841,0.52213,16.1
dc_hu_harm_llama70b_eval_ant_hh_loko.jsonl,none+ga1bs16,10,4,5,5,10,0.70587,0.74712,0.65028,0.45971,0.93707,0.7764,0.66858,0.59122,0.9399,0.78879,18.3
dc_hu_harm_llama70b_eval_ant_hh_loko.jsonl,none+ga1bs16,10,5,5,5,10,0.68218,0.67298,0.55955,0.72624,0.74137,0.70156,0.52336,0.79929,0.70779,0.6615,27.8
dc_hu_harm_llama70b_eval_ant_hh_loko.jsonl,none+ga1bs16,10,6,5,5,10,0.63378,0.6615,0.54253,0.55165,0.76186,0.67906,0.53049,0.64636,0.77067,0.69846,18.0
dc_hu_harm_llama70b_eval_ant_hh_loko.jsonl,none+ga1bs16,10,7,5,5,10,0.68341,0.70332,0.54064,0.7407,0.76498,0.68733,0.54509,0.69826,0.80707,0.76286,15.4
dc_hu_harm_llama70b_eval_ant_hh_loko.jsonl,none+ga1bs16,6,0,3,3,6,0.77299,0.78433,0.69471,0.6374,0.86545,0.8944,0.70296,0.6585,0.86697,0.90889,33.4
dc_hu_harm_llama70b_eval_ant_hh_loko.jsonl,none+ga1bs16,6,1,3,3,6,0.58373,0.62358,0.60586,0.40702,0.79494,0.52709,0.56758,0.56449,0.8165,0.54576,14.1
dc_hu_harm_llama70b_eval_ant_hh_loko.jsonl,none+ga1bs16,6,2,3,3,6,0.56028,0.58035,0.49716,0.76343,0.45344,0.52709,0.49178,0.85498,0.44899,0.52567,15.4
dc_hu_harm_llama70b_eval_ant_hh_loko.jsonl,none+ga1bs16,6,3,3,3,6,0.6132,0.64753,0.50945,0.57955,0.79583,0.56795,0.508,0.68757,0.82686,0.56768,15.4
dc_hu_harm_llama70b_eval_ant_hh_loko.jsonl,none+ga1bs16,6,4,3,3,6,0.53349,0.54279,0.50567,0.31095,0.73468,0.58264,0.50908,0.34863,0.74171,0.57174,19.8
dc_hu_harm_llama70b_eval_ant_hh_loko.jsonl,none+ga1bs16,6,5,3,3,6,0.55184,0.60422,0.50851,0.36157,0.82491,0.5124,0.50141,0.5822,0.82993,0.50333,15.7
dc_hu_harm_llama70b_eval_ant_hh_loko.jsonl,none+ga1bs16,6,6,3,3,6,0.62889,0.6173,0.52741,0.83471,0.56438,0.58907,0.5532,0.80218,0.55177,0.56206,17.6
dc_hu_harm_llama70b_eval_ant_hh_loko.jsonl,none+ga1bs16,6,7,3,3,6,0.54579,0.59337,0.49811,0.41529,0.75874,0.51102,0.50357,0.61072,0.75191,0.50729,15.2
dc_hu_harm_llama70b_eval_ant_hh_loko.jsonl,none+ga1bs16,4,0,2,2,4,0.4947,0.49857,0.5,0.38223,0.59657,0.5,0.5,0.39708,0.59719,0.5,18.9
dc_hu_harm_llama70b_eval_ant_hh_loko.jsonl,none+ga1bs16,4,1,2,2,4,0.56153,0.57154,0.50095,0.77583,0.43996,0.52938,0.5,0.83159,0.43395,0.52062,19.3
dc_hu_harm_llama70b_eval_ant_hh_loko.jsonl,none+ga1bs16,4,2,2,2,4,0.60642,0.6461,0.53308,0.40289,0.84874,0.64096,0.5266,0.52618,0.85457,0.67706,26.7
dc_hu_harm_llama70b_eval_ant_hh_loko.jsonl,none+ga1bs16,4,3,2,2,4,0.55747,0.59801,0.48677,0.38843,0.83448,0.5202,0.50887,0.49989,0.87719,0.50609,14.4
dc_hu_harm_llama70b_eval_ant_hh_loko.jsonl,none+ga1bs16,4,4,2,2,4,0.53823,0.56983,0.49244,0.49897,0.62753,0.53398,0.50779,0.58621,0.64305,0.54227,16.2
dc_hu_harm_llama70b_eval_ant_hh_loko.jsonl,none+ga1bs16,4,5,2,2,4,0.59451,0.61985,0.51418,0.74277,0.57886,0.54224,0.51092,0.85932,0.57294,0.53623,17.6
dc_hu_harm_llama70b_eval_ant_hh_loko.jsonl,none+ga1bs16,4,6,2,2,4,0.59392,0.61434,0.49149,0.56612,0.87547,0.44261,0.49016,0.64235,0.88392,0.44091,21.6
dc_hu_harm_llama70b_eval_ant_hh_loko.jsonl,none+ga1bs16,4,7,2,2,4,0.57986,0.58036,0.49622,0.85331,0.50067,0.46924,0.50768,0.83671,0.49923,0.47782,15.2
dc_hu_harm_llama70b_eval_ant_hh_loko.jsonl,none+ga1bs16,2,0,1,1,2,0.62194,0.59247,0.53781,0.87603,0.46235,0.61157,0.52368,0.79606,0.47955,0.5706,21.0
dc_hu_harm_llama70b_eval_ant_hh_loko.jsonl,none+ga1bs16,2,1,1,1,2,0.51442,0.52946,0.49905,0.45868,0.57607,0.52388,0.50141,0.53832,0.58071,0.4974,16.8
dc_hu_harm_llama70b_eval_ant_hh_loko.jsonl,none+ga1bs16,2,2,1,1,2,0.54057,0.59997,0.48299,0.41736,0.79639,0.46556,0.50011,0.61305,0.79792,0.48881,14.2
dc_hu_harm_llama70b_eval_ant_hh_loko.jsonl,none+ga1bs16,2,3,1,1,2,0.49246,0.51012,0.5,0.39669,0.54834,0.52479,0.5,0.43172,0.57107,0.53769,13.3
dc_hu_harm_llama70b_eval_ant_hh_loko.jsonl,none+ga1bs16,2,4,1,1,2,0.50011,0.53508,0.5,0.28512,0.66941,0.54591,0.5,0.43183,0.68436,0.5241,15.2
dc_hu_harm_llama70b_eval_ant_hh_loko.jsonl,none+ga1bs16,2,5,1,1,2,0.64453,0.63735,0.638,0.55475,0.66039,0.72498,0.5638,0.56182,0.66857,0.75521,15.1
dc_hu_harm_llama70b_eval_ant_hh_loko.jsonl,none+ga1bs16,2,6,1,1,2,0.50491,0.55044,0.5,0.28202,0.72154,0.51607,0.50032,0.46647,0.73074,0.50422,14.6
dc_hu_harm_llama70b_eval_ant_hh_loko.jsonl,none+ga1bs16,2,7,1,1,2,0.60291,0.59077,0.5104,0.82438,0.47171,0.60514,0.52292,0.79895,0.47978,0.56143,16.8
dc_hu_harm_llama70b_eval_balanced_refusal_kind.jsonl,none+ga5bs16,80,0,40,40,80,0.87422,0.8728,0.96975,0.58678,0.99131,0.94904,0.97751,0.57407,0.98891,0.9507,27.0
dc_hu_harm_llama70b_eval_balanced_refusal_kind.jsonl,none+ga5bs16,80,1,40,40,80,0.86529,0.86116,0.92911,0.60537,0.98363,0.94307,0.92463,0.57763,0.98005,0.96231,30.4
dc_hu_harm_llama70b_eval_balanced_refusal_kind.jsonl,none+ga5bs16,80,2,40,40,80,0.88362,0.87302,0.97732,0.62397,0.98552,0.94766,0.97178,0.56817,0.99017,0.96194,25.4
dc_hu_harm_llama70b_eval_balanced_refusal_kind.jsonl,none+ga5bs16,80,3,40,40,80,0.87541,0.87022,0.96219,0.60537,0.98641,0.94766,0.95415,0.5861,0.98861,0.952,22.6
dc_hu_harm_llama70b_eval_balanced_refusal_kind.jsonl,none+ga5bs16,80,4,40,40,80,0.88416,0.87076,0.94707,0.6405,0.99176,0.9573,0.94961,0.57819,0.98899,0.96626,29.8
dc_hu_harm_llama70b_eval_balanced_refusal_kind.jsonl,none+ga5bs16,80,5,40,40,80,0.86574,0.86748,0.95652,0.59401,0.97717,0.93526,0.95037,0.5734,0.98276,0.9634,33.3
dc_hu_harm_llama70b_eval_balanced_refusal_kind.jsonl,none+ga5bs16,80,6,40,40,80,0.88346,0.87252,0.96597,0.6188,0.98719,0.96189,0.94983,0.58276,0.9892,0.96829,23.0
dc_hu_harm_llama70b_eval_balanced_refusal_kind.jsonl,none+ga5bs16,80,7,40,40,80,0.85913,0.85447,0.92439,0.60227,0.98931,0.92057,0.93609,0.55692,0.98595,0.93893,22.3
dc_hu_harm_llama70b_eval_balanced_refusal_kind.jsonl,none+ga4bs16,50,0,25,25,50,0.80966,0.83097,0.8724,0.46694,0.9824,0.9169,0.85467,0.55012,0.97701,0.94206,22.0
dc_hu_harm_llama70b_eval_balanced_refusal_kind.jsonl,none+ga4bs16,50,1,25,25,50,0.85626,0.855,0.85917,0.63533,0.98608,0.94444,0.87684,0.60748,0.97825,0.95741,23.7
dc_hu_harm_llama70b_eval_balanced_refusal_kind.jsonl,none+ga4bs16,50,2,25,25,50,0.84869,0.83048,0.88469,0.61157,0.98619,0.9123,0.88408,0.54121,0.98347,0.91316,22.8
dc_hu_harm_llama70b_eval_balanced_refusal_kind.jsonl,none+ga4bs16,50,3,25,25,50,0.84899,0.84548,0.94612,0.52789,0.98162,0.94031,0.94626,0.52417,0.97115,0.94034,18.6
dc_hu_harm_llama70b_eval_balanced_refusal_kind.jsonl,none+ga4bs16,50,4,25,25,50,0.83711,0.81779,0.88658,0.54339,0.97037,0.94812,0.86559,0.48819,0.974,0.94336,28.7
dc_hu_harm_llama70b_eval_balanced_refusal_kind.jsonl,none+ga4bs16,50,5,25,25,50,0.8713,0.87212,0.96408,0.58368,0.98151,0.95592,0.95231,0.58231,0.98633,0.96751,16.8
dc_hu_harm_llama70b_eval_balanced_refusal_kind.jsonl,none+ga4bs16,50,6,25,25,50,0.8809,0.8672,0.94329,0.64876,0.97928,0.95225,0.94766,0.60047,0.98625,0.9344,19.0
dc_hu_harm_llama70b_eval_balanced_refusal_kind.jsonl,none+ga4bs16,50,7,25,25,50,0.82336,0.82969,0.931,0.46384,0.97572,0.92287,0.88311,0.53497,0.98216,0.91852,31.2
dc_hu_harm_llama70b_eval_balanced_refusal_kind.jsonl,none+ga2bs16,30,0,15,15,30,0.88172,0.86214,0.96692,0.6312,0.97973,0.94904,0.92777,0.57786,0.97682,0.96611,24.3
dc_hu_harm_llama70b_eval_balanced_refusal_kind.jsonl,none+ga2bs16,30,1,15,15,30,0.86974,0.85174,0.92155,0.6188,0.97349,0.96511,0.92398,0.53898,0.97478,0.96923,23.4
dc_hu_harm_llama70b_eval_balanced_refusal_kind.jsonl,none+ga2bs16,30,2,15,15,30,0.89435,0.88269,0.96786,0.65702,0.98006,0.97245,0.98043,0.59044,0.97945,0.98042,21.5
dc_hu_harm_llama70b_eval_balanced_refusal_kind.jsonl,none+ga2bs16,30,3,15,15,30,0.8563,0.85512,0.95085,0.56198,0.98352,0.92883,0.9667,0.52473,0.98825,0.94081,23.1
dc_hu_harm_llama70b_eval_balanced_refusal_kind.jsonl,none+ga2bs16,30,4,15,15,30,0.84719,0.84113,0.87996,0.59298,0.98196,0.93388,0.86721,0.57307,0.97488,0.94934,24.0
dc_hu_harm_llama70b_eval_balanced_refusal_kind.jsonl,none+ga2bs16,30,5,15,15,30,0.87104,0.85431,0.92155,0.6281,0.98686,0.94766,0.90203,0.56494,0.98946,0.9608,18.6
dc_hu_harm_llama70b_eval_balanced_refusal_kind.jsonl,none+ga2bs16,30,6,15,15,30,0.8674,0.86208,0.90076,0.64463,0.98942,0.9348,0.9415,0.57207,0.98489,0.94986,19.9
dc_hu_harm_llama70b_eval_balanced_refusal_kind.jsonl,none+ga2bs16,30,7,15,15,30,0.82712,0.85275,0.89698,0.5186,0.97371,0.91919,0.91447,0.56883,0.9782,0.9495,16.7
dc_hu_harm_llama70b_eval_balanced_refusal_kind.jsonl,none+ga2bs16,20,0,10,10,20,0.84154,0.8427,0.91021,0.56302,0.97238,0.92057,0.89846,0.58365,0.95871,0.92998,21.6
dc_hu_harm_llama70b_eval_balanced_refusal_kind.jsonl,none+ga2bs16,20,1,10,10,20,0.84073,0.84746,0.9225,0.55165,0.97416,0.9146,0.90009,0.57229,0.97855,0.93893,21.4
dc_hu_harm_llama70b_eval_balanced_refusal_kind.jsonl,none+ga2bs16,20,2,10,10,20,0.83047,0.82793,0.86862,0.54855,0.98229,0.92241,0.84245,0.55168,0.97809,0.9395,24.8
dc_hu_harm_llama70b_eval_balanced_refusal_kind.jsonl,none+ga2bs16,20,3,10,10,20,0.85497,0.86275,0.93478,0.57025,0.96948,0.94536,0.90463,0.61428,0.971,0.96111,26.9
dc_hu_harm_llama70b_eval_balanced_refusal_kind.jsonl,none+ga2bs16,20,4,10,10,20,0.83485,0.84318,0.86484,0.56818,0.94999,0.95638,0.88138,0.57329,0.95313,0.96491,20.6
dc_hu_harm_llama70b_eval_balanced_refusal_kind.jsonl,none+ga2bs16,20,5,10,10,20,0.8709,0.86483,0.93289,0.61157,0.98597,0.95317,0.93036,0.58443,0.98166,0.96288,18.8
dc_hu_harm_llama70b_eval_balanced_refusal_kind.jsonl,none+ga2bs16,20,6,10,10,20,0.81425,0.83738,0.9017,0.47417,0.97984,0.90129,0.88635,0.55413,0.9835,0.92555,21.8
dc_hu_harm_llama70b_eval_balanced_refusal_kind.jsonl,none+ga2bs16,20,7,10,10,20,0.85964,0.86045,0.93762,0.57645,0.97639,0.94812,0.92734,0.59178,0.97758,0.94513,21.5
dc_hu_harm_llama70b_eval_balanced_refusal_kind.jsonl,none+ga1bs16,10,0,5,5,10,0.77315,0.77413,0.74102,0.61157,0.86166,0.87833,0.71345,0.60849,0.86971,0.90488,30.4
dc_hu_harm_llama70b_eval_balanced_refusal_kind.jsonl,none+ga1bs16,10,1,5,5,10,0.72772,0.72446,0.7344,0.46281,0.95333,0.76033,0.70491,0.45255,0.95649,0.78389,17.4
dc_hu_harm_llama70b_eval_balanced_refusal_kind.jsonl,none+ga1bs16,10,2,5,5,10,0.77567,0.78503,0.80057,0.45351,0.95099,0.89761,0.77228,0.48808,0.96099,0.91878,19.1
dc_hu_harm_llama70b_eval_balanced_refusal_kind.jsonl,none+ga1bs16,10,3,5,5,10,0.80769,0.80942,0.85728,0.54752,0.98251,0.84343,0.82472,0.56048,0.98035,0.87214,18.1
dc_hu_harm_llama70b_eval_balanced_refusal_kind.jsonl,none+ga1bs16,10,4,5,5,10,0.84049,0.83359,0.85822,0.59814,0.98229,0.92332,0.82818,0.59,0.98086,0.93534,17.0
dc_hu_harm_llama70b_eval_balanced_refusal_kind.jsonl,none+ga1bs16,10,5,5,5,10,0.77107,0.77619,0.70699,0.52066,0.95946,0.89715,0.70599,0.52294,0.97106,0.90478,22.6
dc_hu_harm_llama70b_eval_balanced_refusal_kind.jsonl,none+ga1bs16,10,6,5,5,10,0.84278,0.84803,0.93006,0.52066,0.96358,0.95684,0.9282,0.53776,0.96495,0.96121,18.3
dc_hu_harm_llama70b_eval_balanced_refusal_kind.jsonl,none+ga1bs16,10,7,5,5,10,0.60416,0.64577,0.58129,0.34504,0.87046,0.61983,0.59397,0.51459,0.88694,0.58757,15.9
dc_hu_harm_llama70b_eval_balanced_refusal_kind.jsonl,none+ga1bs16,6,0,3,3,6,0.8582,0.83834,0.86767,0.67252,0.94999,0.94261,0.86008,0.57986,0.9517,0.96173,20.0
dc_hu_harm_llama70b_eval_balanced_refusal_kind.jsonl,none+ga1bs16,6,1,3,3,6,0.61393,0.63496,0.55671,0.47107,0.87191,0.55601,0.55158,0.57463,0.84545,0.5682,17.3
dc_hu_harm_llama70b_eval_balanced_refusal_kind.jsonl,none+ga1bs16,6,2,3,3,6,0.78087,0.79958,0.82987,0.47831,0.96681,0.84848,0.83326,0.51114,0.97834,0.87557,17.6
dc_hu_harm_llama70b_eval_balanced_refusal_kind.jsonl,none+ga1bs16,6,3,3,3,6,0.84189,0.84058,0.8327,0.6374,0.96358,0.93388,0.88506,0.56115,0.96827,0.94783,18.8
dc_hu_harm_llama70b_eval_balanced_refusal_kind.jsonl,none+ga1bs16,6,4,3,3,6,0.64053,0.66272,0.65784,0.39256,0.94331,0.56841,0.61094,0.50568,0.94607,0.58819,23.6
dc_hu_harm_llama70b_eval_balanced_refusal_kind.jsonl,none+ga1bs16,6,5,3,3,6,0.65086,0.64426,0.55104,0.57851,0.85865,0.61524,0.57072,0.54444,0.856,0.60589,15.0
dc_hu_harm_llama70b_eval_balanced_refusal_kind.jsonl,none+ga1bs16,6,6,3,3,6,0.68481,0.69862,0.57561,0.55888,0.91969,0.68503,0.55882,0.63154,0.92485,0.67925,19.5
dc_hu_harm_llama70b_eval_balanced_refusal_kind.jsonl,none+ga1bs16,6,7,3,3,6,0.74002,0.76327,0.77221,0.44008,0.94108,0.8067,0.74773,0.51793,0.94127,0.84616,20.6
dc_hu_harm_llama70b_eval_balanced_refusal_kind.jsonl,none+ga1bs16,4,0,2,2,4,0.64156,0.64477,0.5775,0.6157,0.87258,0.50046,0.56888,0.61317,0.86694,0.53009,16.6
dc_hu_harm_llama70b_eval_balanced_refusal_kind.jsonl,none+ga1bs16,4,1,2,2,4,0.62467,0.64743,0.61248,0.43595,0.84696,0.60331,0.61765,0.55291,0.81956,0.59959,15.3
dc_hu_harm_llama70b_eval_balanced_refusal_kind.jsonl,none+ga1bs16,4,2,2,2,4,0.60414,0.63088,0.56805,0.35331,0.93139,0.56382,0.56672,0.4305,0.95593,0.57039,17.8
dc_hu_harm_llama70b_eval_balanced_refusal_kind.jsonl,none+ga1bs16,4,3,2,2,4,0.59686,0.6309,0.54159,0.41012,0.89396,0.54178,0.54185,0.54333,0.88791,0.5505,14.6
dc_hu_harm_llama70b_eval_balanced_refusal_kind.jsonl,none+ga1bs16,4,4,2,2,4,0.60838,0.65828,0.55293,0.48967,0.82802,0.5629,0.5904,0.60882,0.84364,0.59027,14.6
dc_hu_harm_llama70b_eval_balanced_refusal_kind.jsonl,none+ga1bs16,4,5,2,2,4,0.58336,0.62869,0.52174,0.33264,0.94509,0.53398,0.5093,0.53742,0.93035,0.53769,26.3
dc_hu_harm_llama70b_eval_balanced_refusal_kind.jsonl,none+ga1bs16,4,6,2,2,4,0.62605,0.66164,0.53592,0.3688,0.91902,0.68044,0.55623,0.48819,0.92576,0.67638,27.9
dc_hu_harm_llama70b_eval_balanced_refusal_kind.jsonl,none+ga1bs16,4,7,2,2,4,0.59722,0.63615,0.5775,0.41632,0.84362,0.55142,0.56337,0.52127,0.87015,0.58981,16.8
dc_hu_harm_llama70b_eval_balanced_refusal_kind.jsonl,none+ga1bs16,2,0,1,1,2,0.59282,0.65597,0.58223,0.33161,0.9198,0.53765,0.58056,0.49376,0.95389,0.59569,16.7
dc_hu_harm_llama70b_eval_balanced_refusal_kind.jsonl,none+ga1bs16,2,1,1,1,2,0.72987,0.71139,0.55482,0.66736,0.87959,0.81772,0.53525,0.62909,0.90855,0.77265,15.7
dc_hu_harm_llama70b_eval_balanced_refusal_kind.jsonl,none+ga1bs16,2,2,1,1,2,0.59927,0.61432,0.57278,0.41839,0.78882,0.61708,0.54066,0.50501,0.77563,0.63599,14.3
dc_hu_harm_llama70b_eval_balanced_refusal_kind.jsonl,none+ga1bs16,2,3,1,1,2,0.616,0.6051,0.55577,0.53719,0.7691,0.60193,0.51817,0.5773,0.73153,0.5934,15.2
dc_hu_harm_llama70b_eval_balanced_refusal_kind.jsonl,none+ga1bs16,2,4,1,1,2,0.60374,0.6096,0.54064,0.45351,0.80051,0.62029,0.52173,0.51726,0.77814,0.62125,15.3
dc_hu_harm_llama70b_eval_balanced_refusal_kind.jsonl,none+ga1bs16,2,5,1,1,2,0.57683,0.62398,0.51323,0.35847,0.8718,0.56382,0.50865,0.53297,0.86409,0.59022,14.5
dc_hu_harm_llama70b_eval_balanced_refusal_kind.jsonl,none+ga1bs16,2,6,1,1,2,0.59524,0.63504,0.55671,0.53512,0.79004,0.49908,0.55623,0.64781,0.78975,0.54639,19.0
dc_hu_harm_llama70b_eval_balanced_refusal_kind.jsonl,none+ga1bs16,2,7,1,1,2,0.67269,0.66261,0.56333,0.65599,0.83415,0.63728,0.53655,0.62286,0.84275,0.64827,16.2
dc_hu_harm_llama70b_eval_balanced_refusal_loko.jsonl,none+ga22bs16,350,0,175,175,350,0.7497,0.76139,0.77599,0.76136,0.53397,0.92746,0.81791,0.75963,0.51374,0.95429,34.2
dc_hu_harm_llama70b_eval_balanced_refusal_loko.jsonl,none+ga22bs16,350,1,175,175,350,0.74858,0.74182,0.74291,0.78822,0.56605,0.89715,0.74286,0.78447,0.54068,0.89926,33.4
dc_hu_harm_llama70b_eval_balanced_refusal_loko.jsonl,none+ga22bs16,350,2,175,175,350,0.77541,0.77941,0.8327,0.81198,0.52217,0.9348,0.85802,0.79416,0.51693,0.94851,33.3
dc_hu_harm_llama70b_eval_balanced_refusal_loko.jsonl,none+ga22bs16,350,3,175,175,350,0.77471,0.77913,0.84877,0.7593,0.53943,0.95133,0.84386,0.78458,0.53394,0.95413,36.1
dc_hu_harm_llama70b_eval_balanced_refusal_loko.jsonl,none+ga22bs16,350,4,175,175,350,0.77577,0.76995,0.79584,0.79339,0.57585,0.93802,0.80363,0.78414,0.54585,0.94617,33.9
dc_hu_harm_llama70b_eval_balanced_refusal_loko.jsonl,none+ga22bs16,350,5,175,175,350,0.7678,0.76152,0.81474,0.78512,0.54021,0.93113,0.81704,0.76788,0.51951,0.94164,33.6
dc_hu_harm_llama70b_eval_balanced_refusal_loko.jsonl,none+ga22bs16,350,6,175,175,350,0.79322,0.78587,0.86767,0.75207,0.57151,0.98163,0.88343,0.75518,0.5415,0.96335,33.2
dc_hu_harm_llama70b_eval_balanced_refusal_loko.jsonl,none+ga22bs16,350,7,175,175,350,0.79149,0.7747,0.87713,0.81405,0.54455,0.93021,0.83532,0.79595,0.52697,0.94055,35.1
dc_hu_harm_llama70b_eval_balanced_refusal_loko.jsonl,none+ga11bs16,170,0,85,85,170,0.79333,0.78538,0.91493,0.7438,0.52929,0.98531,0.93393,0.73457,0.50674,0.96626,27.5
dc_hu_harm_llama70b_eval_balanced_refusal_loko.jsonl,none+ga11bs16,170,1,85,85,170,0.76214,0.76701,0.72968,0.82645,0.6086,0.88384,0.75487,0.817,0.56708,0.92909,23.4
dc_hu_harm_llama70b_eval_balanced_refusal_loko.jsonl,none+ga11bs16,170,2,85,85,170,0.8131,0.8133,0.90454,0.78512,0.58844,0.97429,0.92042,0.79316,0.57389,0.96574,23.1
dc_hu_harm_llama70b_eval_balanced_refusal_loko.jsonl,none+ga11bs16,170,3,85,85,170,0.79895,0.786,0.88185,0.85434,0.53765,0.92195,0.88095,0.80564,0.50972,0.94768,21.8
dc_hu_harm_llama70b_eval_balanced_refusal_loko.jsonl,none+ga11bs16,170,4,85,85,170,0.78348,0.78131,0.77788,0.84091,0.56839,0.94674,0.8325,0.78926,0.54602,0.95747,24.8
dc_hu_harm_llama70b_eval_balanced_refusal_loko.jsonl,none+ga11bs16,170,5,85,85,170,0.74449,0.71476,0.78733,0.81612,0.51548,0.85904,0.71205,0.79194,0.49839,0.85667,25.1
dc_hu_harm_llama70b_eval_balanced_refusal_loko.jsonl,none+ga11bs16,170,6,85,85,170,0.82671,0.8116,0.92628,0.78512,0.63355,0.96189,0.90301,0.80397,0.58888,0.95054,25.1
dc_hu_harm_llama70b_eval_balanced_refusal_loko.jsonl,none+ga11bs16,170,7,85,85,170,0.8386,0.82371,0.8828,0.83471,0.66351,0.97337,0.89349,0.82078,0.61989,0.96069,25.1
dc_hu_harm_llama70b_eval_balanced_refusal_loko.jsonl,none+ga7bs16,110,0,55,55,110,0.74362,0.73261,0.67675,0.85331,0.59089,0.85354,0.68545,0.80853,0.56301,0.87344,25.5
dc_hu_harm_llama70b_eval_balanced_refusal_loko.jsonl,none+ga7bs16,110,1,55,55,110,0.80965,0.79635,0.74953,0.84607,0.71141,0.93159,0.74546,0.82758,0.67456,0.93779,30.0
dc_hu_harm_llama70b_eval_balanced_refusal_loko.jsonl,none+ga7bs16,110,2,55,55,110,0.74454,0.7363,0.63611,0.85537,0.61294,0.87374,0.64846,0.84685,0.57806,0.87182,20.8
dc_hu_harm_llama70b_eval_balanced_refusal_loko.jsonl,none+ga7bs16,110,3,55,55,110,0.76297,0.74773,0.64556,0.88533,0.70283,0.81818,0.65355,0.84317,0.67739,0.8168,21.7
dc_hu_harm_llama70b_eval_balanced_refusal_loko.jsonl,none+ga7bs16,110,4,55,55,110,0.76066,0.76056,0.7051,0.81508,0.62119,0.90129,0.74276,0.78982,0.586,0.92368,20.3
dc_hu_harm_llama70b_eval_balanced_refusal_loko.jsonl,none+ga7bs16,110,5,55,55,110,0.7308,0.71965,0.68431,0.80579,0.57819,0.85491,0.68112,0.75941,0.54869,0.88937,21.3
dc_hu_harm_llama70b_eval_balanced_refusal_loko.jsonl,none+ga7bs16,110,6,55,55,110,0.77553,0.7661,0.81853,0.77273,0.54667,0.96419,0.82515,0.7701,0.51959,0.94955,20.9
dc_hu_harm_llama70b_eval_balanced_refusal_loko.jsonl,none+ga7bs16,110,7,55,55,110,0.80799,0.80168,0.87146,0.80682,0.61751,0.93618,0.86105,0.80653,0.5861,0.95304,27.1
dc_hu_harm_llama70b_eval_balanced_refusal_loko.jsonl,none+ga5bs16,80,0,40,40,80,0.81592,0.81327,0.80246,0.81302,0.67944,0.96878,0.84343,0.79828,0.65417,0.95721,21.6
dc_hu_harm_llama70b_eval_balanced_refusal_loko.jsonl,none+ga5bs16,80,1,40,40,80,0.79557,0.79775,0.74858,0.85331,0.65293,0.92746,0.77952,0.82969,0.64449,0.93732,22.6
dc_hu_harm_llama70b_eval_balanced_refusal_loko.jsonl,none+ga5bs16,80,2,40,40,80,0.7613,0.74419,0.62665,0.91632,0.65282,0.8494,0.64641,0.84874,0.63894,0.84267,25.8
dc_hu_harm_llama70b_eval_balanced_refusal_loko.jsonl,none+ga5bs16,80,3,40,40,80,0.74536,0.73615,0.67958,0.8905,0.59133,0.82002,0.69496,0.8288,0.56525,0.85558,18.2
dc_hu_harm_llama70b_eval_balanced_refusal_loko.jsonl,none+ga5bs16,80,4,40,40,80,0.73072,0.71839,0.58696,0.86364,0.64446,0.82782,0.60337,0.8268,0.6332,0.81018,19.8
dc_hu_harm_llama70b_eval_balanced_refusal_loko.jsonl,none+ga5bs16,80,5,40,40,80,0.75789,0.74551,0.65406,0.8843,0.60247,0.89073,0.70869,0.79617,0.5786,0.89858,22.5
dc_hu_harm_llama70b_eval_balanced_refusal_loko.jsonl,none+ga5bs16,80,6,40,40,80,0.79356,0.78385,0.78922,0.85744,0.5969,0.93067,0.77433,0.82736,0.59655,0.93716,20.0
dc_hu_harm_llama70b_eval_balanced_refusal_loko.jsonl,none+ga5bs16,80,7,40,40,80,0.75224,0.77298,0.67202,0.76653,0.62965,0.94077,0.7474,0.80898,0.58273,0.95283,19.7
dc_hu_harm_llama70b_eval_balanced_refusal_loko.jsonl,none+ga4bs16,50,0,25,25,50,0.78982,0.76969,0.76843,0.89979,0.58565,0.90542,0.77509,0.83259,0.56338,0.90769,24.8
dc_hu_harm_llama70b_eval_balanced_refusal_loko.jsonl,none+ga4bs16,50,1,25,25,50,0.75226,0.75436,0.67013,0.83574,0.59501,0.90817,0.71464,0.80887,0.55761,0.93633,19.3
dc_hu_harm_llama70b_eval_balanced_refusal_loko.jsonl,none+ga4bs16,50,2,25,25,50,0.70294,0.71049,0.70699,0.71901,0.47071,0.91506,0.70285,0.73134,0.4799,0.92784,18.1
dc_hu_harm_llama70b_eval_balanced_refusal_loko.jsonl,none+ga4bs16,50,3,25,25,50,0.69372,0.66753,0.58129,0.8595,0.52785,0.80624,0.57158,0.80363,0.51559,0.77931,21.0
dc_hu_harm_llama70b_eval_balanced_refusal_loko.jsonl,none+ga4bs16,50,4,25,25,50,0.7797,0.76238,0.85444,0.84607,0.48808,0.93021,0.81801,0.79539,0.50595,0.93019,21.4
dc_hu_harm_llama70b_eval_balanced_refusal_loko.jsonl,none+ga4bs16,50,5,25,25,50,0.82362,0.8071,0.78733,0.8626,0.73959,0.90496,0.76741,0.80385,0.73508,0.92206,23.5
dc_hu_harm_llama70b_eval_balanced_refusal_loko.jsonl,none+ga4bs16,50,6,25,25,50,0.80679,0.78067,0.82325,0.86983,0.55703,0.97704,0.83272,0.79862,0.53622,0.95512,25.4
dc_hu_harm_llama70b_eval_balanced_refusal_loko.jsonl,none+ga4bs16,50,7,25,25,50,0.76638,0.7484,0.60397,0.83988,0.72589,0.89578,0.64003,0.77579,0.6959,0.88187,20.9
dc_hu_harm_llama70b_eval_balanced_refusal_loko.jsonl,none+ga2bs16,30,0,15,15,30,0.80634,0.81051,0.70983,0.78822,0.7847,0.94261,0.68415,0.7818,0.82501,0.95106,19.6
dc_hu_harm_llama70b_eval_balanced_refusal_loko.jsonl,none+ga2bs16,30,1,15,15,30,0.70477,0.71142,0.56522,0.85537,0.62208,0.7764,0.58564,0.85219,0.63285,0.77499,18.5
dc_hu_harm_llama70b_eval_balanced_refusal_loko.jsonl,none+ga2bs16,30,2,15,15,30,0.78338,0.77281,0.66068,0.82645,0.81121,0.83517,0.65182,0.78458,0.77429,0.88057,22.2
dc_hu_harm_llama70b_eval_balanced_refusal_loko.jsonl,none+ga2bs16,30,3,15,15,30,0.78399,0.77963,0.71267,0.88533,0.61417,0.92378,0.75865,0.82847,0.60885,0.92253,19.0
dc_hu_harm_llama70b_eval_balanced_refusal_loko.jsonl,none+ga2bs16,30,4,15,15,30,0.76258,0.75064,0.5775,0.8626,0.72867,0.88154,0.58694,0.82836,0.7313,0.85595,17.3
dc_hu_harm_llama70b_eval_balanced_refusal_loko.jsonl,none+ga2bs16,30,5,15,15,30,0.75372,0.7278,0.62571,0.875,0.6487,0.86547,0.58942,0.83448,0.63443,0.85287,22.5
dc_hu_harm_llama70b_eval_balanced_refusal_loko.jsonl,none+ga2bs16,30,6,15,15,30,0.74914,0.74381,0.54159,0.85124,0.73413,0.86961,0.57677,0.82301,0.70249,0.87297,17.4
dc_hu_harm_llama70b_eval_balanced_refusal_loko.jsonl,none+ga2bs16,30,7,15,15,30,0.7671,0.75978,0.63611,0.84504,0.69058,0.89669,0.66404,0.80753,0.66659,0.90098,22.1
dc_hu_harm_llama70b_eval_balanced_refusal_loko.jsonl,none+ga2bs16,20,0,10,10,20,0.85174,0.83895,0.79679,0.81612,0.81978,0.97429,0.80093,0.80608,0.8005,0.9483,21.1
dc_hu_harm_llama70b_eval_balanced_refusal_loko.jsonl,none+ga2bs16,20,1,10,10,20,0.83932,0.83533,0.80907,0.84607,0.73379,0.96832,0.87089,0.80875,0.71066,0.95101,19.2
dc_hu_harm_llama70b_eval_balanced_refusal_loko.jsonl,none+ga2bs16,20,2,10,10,20,0.67198,0.65939,0.52363,0.8905,0.51392,0.75987,0.52541,0.83304,0.502,0.77712,17.1
dc_hu_harm_llama70b_eval_balanced_refusal_loko.jsonl,none+ga2bs16,20,3,10,10,20,0.73076,0.70766,0.54537,0.89566,0.6487,0.83333,0.54985,0.82825,0.63407,0.81846,17.9
dc_hu_harm_llama70b_eval_balanced_refusal_loko.jsonl,none+ga2bs16,20,4,10,10,20,0.69234,0.67147,0.55671,0.84401,0.56605,0.80257,0.58023,0.78002,0.54571,0.77994,20.7
dc_hu_harm_llama70b_eval_balanced_refusal_loko.jsonl,none+ga2bs16,20,5,10,10,20,0.71266,0.71235,0.59168,0.88636,0.58242,0.79017,0.62673,0.84763,0.55016,0.82486,16.3
dc_hu_harm_llama70b_eval_balanced_refusal_loko.jsonl,none+ga2bs16,20,6,10,10,20,0.77772,0.76015,0.7155,0.81715,0.65583,0.92241,0.71042,0.76342,0.63791,0.92883,19.6
dc_hu_harm_llama70b_eval_balanced_refusal_loko.jsonl,none+ga2bs16,20,7,10,10,20,0.781,0.75957,0.61342,0.85227,0.81488,0.84343,0.58942,0.78102,0.82299,0.84486,19.8
dc_hu_harm_llama70b_eval_balanced_refusal_loko.jsonl,none+ga1bs16,10,0,5,5,10,0.62883,0.63827,0.51985,0.80579,0.62586,0.56382,0.50638,0.83682,0.65946,0.5504,22.7
dc_hu_harm_llama70b_eval_balanced_refusal_loko.jsonl,none+ga1bs16,10,1,5,5,10,0.74385,0.77916,0.5775,0.63326,0.90744,0.85721,0.58553,0.76498,0.88395,0.88218,17.1
dc_hu_harm_llama70b_eval_balanced_refusal_loko.jsonl,none+ga1bs16,10,2,5,5,10,0.66266,0.6879,0.49905,0.54442,0.85464,0.75253,0.4987,0.65883,0.87074,0.72334,18.7
dc_hu_harm_llama70b_eval_balanced_refusal_loko.jsonl,none+ga1bs16,10,3,5,5,10,0.70302,0.69115,0.53686,0.59711,0.86912,0.809,0.52357,0.61818,0.85292,0.76994,18.7
dc_hu_harm_llama70b_eval_balanced_refusal_loko.jsonl,none+ga1bs16,10,4,5,5,10,0.59199,0.6173,0.50189,0.71074,0.5851,0.57025,0.50141,0.79728,0.62796,0.54253,14.3
dc_hu_harm_llama70b_eval_balanced_refusal_loko.jsonl,none+ga1bs16,10,5,5,5,10,0.58043,0.57294,0.49905,0.80888,0.455,0.55877,0.4973,0.772,0.46198,0.5605,17.3
dc_hu_harm_llama70b_eval_balanced_refusal_loko.jsonl,none+ga1bs16,10,6,5,5,10,0.70034,0.69706,0.5397,0.7438,0.68222,0.83563,0.605,0.72778,0.65969,0.79576,21.0
dc_hu_harm_llama70b_eval_balanced_refusal_loko.jsonl,none+ga1bs16,10,7,5,5,10,0.54556,0.54744,0.49905,0.58471,0.58287,0.51561,0.50011,0.57396,0.59721,0.51848,18.0
dc_hu_harm_llama70b_eval_balanced_refusal_loko.jsonl,none+ga1bs16,6,0,3,3,6,0.56456,0.62011,0.49149,0.52686,0.76743,0.47245,0.49557,0.70695,0.81752,0.46038,21.6
dc_hu_harm_llama70b_eval_balanced_refusal_loko.jsonl,none+ga1bs16,6,1,3,3,6,0.58891,0.63013,0.50284,0.63946,0.68579,0.52755,0.50833,0.7016,0.76472,0.54587,14.8
dc_hu_harm_llama70b_eval_balanced_refusal_loko.jsonl,none+ga1bs16,6,2,3,3,6,0.60776,0.65008,0.49149,0.45868,0.9051,0.57576,0.49913,0.61506,0.9244,0.56175,25.2
dc_hu_harm_llama70b_eval_balanced_refusal_loko.jsonl,none+ga1bs16,6,3,3,3,6,0.57865,0.59332,0.49338,0.79132,0.51704,0.51286,0.51795,0.79773,0.5301,0.52749,17.2
dc_hu_harm_llama70b_eval_balanced_refusal_loko.jsonl,none+ga1bs16,6,4,3,3,6,0.58202,0.58287,0.49905,0.62293,0.67899,0.52709,0.50022,0.61996,0.69246,0.51885,15.3
dc_hu_harm_llama70b_eval_balanced_refusal_loko.jsonl,none+ga1bs16,6,5,3,3,6,0.69942,0.67886,0.52174,0.84091,0.81521,0.61983,0.53049,0.74148,0.83644,0.60704,28.4
dc_hu_harm_llama70b_eval_balanced_refusal_loko.jsonl,none+ga1bs16,6,6,3,3,6,0.57349,0.60565,0.49055,0.67769,0.58944,0.53627,0.49394,0.7926,0.61815,0.51791,16.0
dc_hu_harm_llama70b_eval_balanced_refusal_loko.jsonl,none+ga1bs16,6,7,3,3,6,0.62578,0.61191,0.53592,0.66322,0.73235,0.57163,0.52628,0.63745,0.72461,0.5593,25.8
dc_hu_harm_llama70b_eval_balanced_refusal_loko.jsonl,none+ga1bs16,4,0,2,2,4,0.58896,0.62397,0.49433,0.58058,0.76855,0.5124,0.5,0.70394,0.78378,0.50817,15.7
dc_hu_harm_llama70b_eval_balanced_refusal_loko.jsonl,none+ga1bs16,4,1,2,2,4,0.59926,0.57183,0.50189,0.75,0.64424,0.50092,0.49578,0.66295,0.64777,0.48079,16.4
dc_hu_harm_llama70b_eval_balanced_refusal_loko.jsonl,none+ga1bs16,4,2,2,2,4,0.62444,0.65159,0.49338,0.66012,0.74738,0.59688,0.50011,0.71742,0.78741,0.60142,19.1
dc_hu_harm_llama70b_eval_balanced_refusal_loko.jsonl,none+ga1bs16,4,3,2,2,4,0.56876,0.58578,0.49338,0.67459,0.59791,0.50918,0.50108,0.75507,0.5801,0.50687,15.4
dc_hu_harm_llama70b_eval_balanced_refusal_loko.jsonl,none+ga1bs16,4,4,2,2,4,0.6314,0.64353,0.51985,0.70868,0.70294,0.59412,0.53385,0.77835,0.71111,0.55081,17.8
dc_hu_harm_llama70b_eval_balanced_refusal_loko.jsonl,none+ga1bs16,4,5,2,2,4,0.51476,0.52562,0.49527,0.45041,0.58766,0.52571,0.49676,0.4951,0.5869,0.52374,16.7
dc_hu_harm_llama70b_eval_balanced_refusal_loko.jsonl,none+ga1bs16,4,6,2,2,4,0.50837,0.50949,0.50945,0.47624,0.49866,0.54913,0.50541,0.46658,0.52222,0.54373,15.0
dc_hu_harm_llama70b_eval_balanced_refusal_loko.jsonl,none+ga1bs16,4,7,2,2,4,0.60291,0.59498,0.48488,0.89256,0.48095,0.55326,0.50141,0.84729,0.47073,0.5605,17.8
dc_hu_harm_llama70b_eval_balanced_refusal_loko.jsonl,none+ga1bs16,2,0,1,1,2,0.61327,0.61796,0.53025,0.58678,0.7906,0.54545,0.55623,0.66507,0.76786,0.48266,20.4
dc_hu_harm_llama70b_eval_balanced_refusal_loko.jsonl,none+ga1bs16,2,1,1,1,2,0.56067,0.55502,0.49905,0.64669,0.58499,0.51194,0.50011,0.55747,0.65615,0.50635,15.1
dc_hu_harm_llama70b_eval_balanced_refusal_loko.jsonl,none+ga1bs16,2,2,1,1,2,0.61659,0.6369,0.49055,0.79132,0.66752,0.51699,0.5186,0.85821,0.66548,0.50531,15.0
dc_hu_harm_llama70b_eval_balanced_refusal_loko.jsonl,none+ga1bs16,2,3,1,1,2,0.60042,0.602,0.5,0.82541,0.51337,0.5629,0.51752,0.79517,0.53475,0.56055,15.1
dc_hu_harm_llama70b_eval_balanced_refusal_loko.jsonl,none+ga1bs16,2,4,1,1,2,0.53409,0.55435,0.49338,0.50826,0.6223,0.5124,0.49697,0.56616,0.64474,0.50953,15.2
dc_hu_harm_llama70b_eval_balanced_refusal_loko.jsonl,none+ga1bs16,2,5,1,1,2,0.58242,0.56775,0.50662,0.86054,0.43362,0.52893,0.51525,0.78481,0.4354,0.53556,23.4
dc_hu_harm_llama70b_eval_balanced_refusal_loko.jsonl,none+ga1bs16,2,6,1,1,2,0.52978,0.53255,0.52741,0.70248,0.59356,0.29568,0.5359,0.70283,0.58474,0.30675,17.8
dc_hu_harm_llama70b_eval_balanced_refusal_loko.jsonl,none+ga1bs16,2,7,1,1,2,0.55853,0.5776,0.50945,0.6219,0.60091,0.50184,0.50746,0.62174,0.65192,0.52926,15.7
dc_hu_harm_llama70b_eval_daily_dilemmas_kind.jsonl,none+ga5bs16,80,0,40,40,80,0.81502,0.81195,0.70888,0.83574,0.79673,0.91873,0.72772,0.79539,0.78514,0.93956,30.2
dc_hu_harm_llama70b_eval_daily_dilemmas_kind.jsonl,none+ga5bs16,80,1,40,40,80,0.81663,0.80789,0.73724,0.88223,0.74393,0.90312,0.75249,0.83237,0.72859,0.91811,24.2
dc_hu_harm_llama70b_eval_daily_dilemmas_kind.jsonl,none+ga5bs16,80,2,40,40,80,0.80099,0.80097,0.68715,0.80579,0.8102,0.90083,0.72794,0.77311,0.78768,0.91514,20.7
dc_hu_harm_llama70b_eval_daily_dilemmas_kind.jsonl,none+ga5bs16,80,3,40,40,80,0.81561,0.81878,0.70227,0.82231,0.81132,0.92654,0.75606,0.79004,0.79565,0.93336,21.5
dc_hu_harm_llama70b_eval_daily_dilemmas_kind.jsonl,none+ga5bs16,80,4,40,40,80,0.811,0.8031,0.67391,0.87087,0.79884,0.90037,0.71626,0.8043,0.78399,0.90785,25.7
dc_hu_harm_llama70b_eval_daily_dilemmas_kind.jsonl,none+ga5bs16,80,5,40,40,80,0.77417,0.7627,0.62004,0.8626,0.76554,0.84848,0.63635,0.79583,0.7535,0.86511,18.6
dc_hu_harm_llama70b_eval_daily_dilemmas_kind.jsonl,none+ga5bs16,80,6,40,40,80,0.77944,0.77435,0.64367,0.83988,0.78848,0.84573,0.66533,0.80074,0.77293,0.85839,27.5
dc_hu_harm_llama70b_eval_daily_dilemmas_kind.jsonl,none+ga5bs16,80,7,40,40,80,0.79436,0.80016,0.66635,0.77066,0.82491,0.91552,0.7234,0.75741,0.8102,0.90962,19.7
dc_hu_harm_llama70b_eval_daily_dilemmas_kind.jsonl,none+ga4bs16,50,0,25,25,50,0.79429,0.79555,0.65217,0.84401,0.80586,0.87511,0.70361,0.78949,0.78941,0.89968,22.7
dc_hu_harm_llama70b_eval_daily_dilemmas_kind.jsonl,none+ga4bs16,50,1,25,25,50,0.83872,0.82366,0.77127,0.79339,0.82513,0.96511,0.79174,0.72811,0.81336,0.96142,20.7
dc_hu_harm_llama70b_eval_daily_dilemmas_kind.jsonl,none+ga4bs16,50,2,25,25,50,0.78791,0.79365,0.70227,0.69008,0.83137,0.92792,0.734,0.67365,0.82364,0.9433,18.2
dc_hu_harm_llama70b_eval_daily_dilemmas_kind.jsonl,none+ga4bs16,50,3,25,25,50,0.78571,0.77067,0.70321,0.83574,0.75908,0.84481,0.71561,0.75674,0.76469,0.84564,19.7
dc_hu_harm_llama70b_eval_daily_dilemmas_kind.jsonl,none+ga4bs16,50,4,25,25,50,0.7758,0.76541,0.6276,0.80785,0.81098,0.85675,0.62392,0.74772,0.80338,0.88661,18.1
dc_hu_harm_llama70b_eval_daily_dilemmas_kind.jsonl,none+ga4bs16,50,5,25,25,50,0.76187,0.77945,0.64934,0.75826,0.80241,0.83747,0.68112,0.75796,0.80095,0.87776,19.5
dc_hu_harm_llama70b_eval_daily_dilemmas_kind.jsonl,none+ga4bs16,50,6,25,25,50,0.88229,0.86764,0.90832,0.80579,0.83526,0.9798,0.92528,0.77556,0.79939,0.97032,31.3
dc_hu_harm_llama70b_eval_daily_dilemmas_kind.jsonl,none+ga4bs16,50,7,25,25,50,0.86586,0.84397,0.86484,0.80785,0.81143,0.97934,0.8684,0.75752,0.79151,0.95845,34.7
dc_hu_harm_llama70b_eval_daily_dilemmas_kind.jsonl,none+ga2bs16,30,0,15,15,30,0.75324,0.73646,0.64272,0.85744,0.64413,0.86869,0.67139,0.774,0.60825,0.89218,20.3
dc_hu_harm_llama70b_eval_daily_dilemmas_kind.jsonl,none+ga2bs16,30,1,15,15,30,0.81404,0.80485,0.74291,0.81818,0.78046,0.9146,0.75724,0.76754,0.77796,0.91665,18.3
dc_hu_harm_llama70b_eval_daily_dilemmas_kind.jsonl,none+ga2bs16,30,2,15,15,30,0.78956,0.78971,0.64556,0.82128,0.79884,0.89256,0.69626,0.75696,0.79397,0.91165,17.1
dc_hu_harm_llama70b_eval_daily_dilemmas_kind.jsonl,none+ga2bs16,30,3,15,15,30,0.82727,0.82291,0.79773,0.79649,0.77178,0.94307,0.82147,0.75941,0.76167,0.94908,19.3
dc_hu_harm_llama70b_eval_daily_dilemmas_kind.jsonl,none+ga2bs16,30,4,15,15,30,0.84355,0.83497,0.82231,0.77893,0.81889,0.95409,0.82223,0.76164,0.80563,0.95039,18.6
dc_hu_harm_llama70b_eval_daily_dilemmas_kind.jsonl,none+ga2bs16,30,5,15,15,30,0.83633,0.8342,0.79868,0.75517,0.8337,0.95776,0.83802,0.72332,0.81556,0.95991,18.8
dc_hu_harm_llama70b_eval_daily_dilemmas_kind.jsonl,none+ga2bs16,30,6,15,15,30,0.75285,0.73558,0.60681,0.82645,0.82424,0.7539,0.60381,0.76041,0.80493,0.77317,17.8
dc_hu_harm_llama70b_eval_daily_dilemmas_kind.jsonl,none+ga2bs16,30,7,15,15,30,0.77984,0.78579,0.65974,0.73347,0.84139,0.88476,0.66263,0.74549,0.83635,0.89869,16.7
dc_hu_harm_llama70b_eval_daily_dilemmas_kind.jsonl,none+ga2bs16,20,0,10,10,20,0.70225,0.77182,0.57372,0.5062,0.85442,0.87466,0.67993,0.67164,0.85496,0.88073,22.3
dc_hu_harm_llama70b_eval_daily_dilemmas_kind.jsonl,none+ga2bs16,20,1,10,10,20,0.77604,0.75754,0.66163,0.79029,0.77712,0.87511,0.65484,0.72065,0.7714,0.88328,19.4
dc_hu_harm_llama70b_eval_daily_dilemmas_kind.jsonl,none+ga2bs16,20,2,10,10,20,0.74478,0.73888,0.60397,0.75413,0.80007,0.82094,0.60586,0.75028,0.79559,0.80378,16.4
dc_hu_harm_llama70b_eval_daily_dilemmas_kind.jsonl,none+ga2bs16,20,3,10,10,20,0.81194,0.7848,0.82042,0.7376,0.7701,0.91965,0.79898,0.71096,0.71611,0.91316,16.6
dc_hu_harm_llama70b_eval_daily_dilemmas_kind.jsonl,none+ga2bs16,20,4,10,10,20,0.85274,0.83006,0.81853,0.7593,0.87815,0.955,0.8165,0.72544,0.83499,0.9433,19.0
dc_hu_harm_llama70b_eval_daily_dilemmas_kind.jsonl,none+ga2bs16,20,5,10,10,20,0.81912,0.81087,0.77883,0.68905,0.85086,0.95776,0.78925,0.67866,0.82278,0.95278,18.6
dc_hu_harm_llama70b_eval_daily_dilemmas_kind.jsonl,none+ga2bs16,20,6,10,10,20,0.78956,0.8006,0.67297,0.83574,0.77122,0.87833,0.73746,0.78525,0.76772,0.91196,18.8
dc_hu_harm_llama70b_eval_daily_dilemmas_kind.jsonl,none+ga2bs16,20,7,10,10,20,0.74736,0.72155,0.53025,0.82438,0.80608,0.82874,0.53536,0.76041,0.80582,0.78462,28.4
dc_hu_harm_llama70b_eval_daily_dilemmas_kind.jsonl,none+ga1bs16,10,0,5,5,10,0.73178,0.702,0.69754,0.7593,0.59746,0.87282,0.68047,0.7065,0.55806,0.86297,21.3
dc_hu_harm_llama70b_eval_daily_dilemmas_kind.jsonl,none+ga1bs16,10,1,5,5,10,0.76806,0.77034,0.67769,0.71178,0.79528,0.88751,0.70026,0.67922,0.78166,0.92024,19.3
dc_hu_harm_llama70b_eval_daily_dilemmas_kind.jsonl,none+ga1bs16,10,2,5,5,10,0.68232,0.73248,0.61153,0.54959,0.83582,0.73232,0.62868,0.65549,0.85076,0.79498,20.7
dc_hu_harm_llama70b_eval_daily_dilemmas_kind.jsonl,none+ga1bs16,10,3,5,5,10,0.73777,0.71376,0.69282,0.86777,0.56449,0.82599,0.6995,0.80575,0.53315,0.81664,19.6
dc_hu_harm_llama70b_eval_daily_dilemmas_kind.jsonl,none+ga1bs16,10,4,5,5,10,0.76077,0.7549,0.55388,0.77789,0.81922,0.8921,0.6223,0.70316,0.81446,0.87969,19.7
dc_hu_harm_llama70b_eval_daily_dilemmas_kind.jsonl,none+ga1bs16,10,5,5,5,10,0.82123,0.82208,0.78544,0.74277,0.8366,0.92011,0.78493,0.73012,0.81686,0.95642,20.1
dc_hu_harm_llama70b_eval_daily_dilemmas_kind.jsonl,none+ga1bs16,10,6,5,5,10,0.76996,0.75751,0.63516,0.75103,0.80107,0.89256,0.65279,0.70082,0.78179,0.89463,15.9
dc_hu_harm_llama70b_eval_daily_dilemmas_kind.jsonl,none+ga1bs16,10,7,5,5,10,0.81876,0.80258,0.74102,0.83988,0.78002,0.91414,0.7367,0.79595,0.75534,0.92232,19.5
dc_hu_harm_llama70b_eval_daily_dilemmas_kind.jsonl,none+ga1bs16,6,0,3,3,6,0.87013,0.84778,0.9017,0.68595,0.92593,0.96694,0.88452,0.64034,0.90712,0.95913,27.5
dc_hu_harm_llama70b_eval_daily_dilemmas_kind.jsonl,none+ga1bs16,6,1,3,3,6,0.61225,0.63913,0.53025,0.50826,0.79661,0.61387,0.51795,0.61528,0.79294,0.63036,16.3
dc_hu_harm_llama70b_eval_daily_dilemmas_kind.jsonl,none+ga1bs16,6,2,3,3,6,0.76863,0.78236,0.6862,0.59401,0.92058,0.87374,0.72286,0.66373,0.90199,0.84085,19.6
dc_hu_harm_llama70b_eval_daily_dilemmas_kind.jsonl,none+ga1bs16,6,3,3,3,6,0.73438,0.73904,0.58129,0.66736,0.82569,0.86318,0.56066,0.69771,0.84909,0.84871,28.7
dc_hu_harm_llama70b_eval_daily_dilemmas_kind.jsonl,none+ga1bs16,6,4,3,3,6,0.70818,0.7084,0.51607,0.65186,0.87692,0.78788,0.54293,0.67008,0.83094,0.78967,18.9
dc_hu_harm_llama70b_eval_daily_dilemmas_kind.jsonl,none+ga1bs16,6,5,3,3,6,0.58542,0.63542,0.50662,0.54236,0.78124,0.51148,0.50854,0.70806,0.80191,0.52317,16.5
dc_hu_harm_llama70b_eval_daily_dilemmas_kind.jsonl,none+ga1bs16,6,6,3,3,6,0.68607,0.71188,0.62571,0.49897,0.79728,0.82231,0.65647,0.65516,0.78138,0.75453,20.3
dc_hu_harm_llama70b_eval_daily_dilemmas_kind.jsonl,none+ga1bs16,6,7,3,3,6,0.74788,0.73108,0.64178,0.77686,0.77857,0.79431,0.63354,0.74092,0.74133,0.80852,22.8
dc_hu_harm_llama70b_eval_daily_dilemmas_kind.jsonl,none+ga1bs16,4,0,2,2,4,0.59469,0.60027,0.50851,0.70971,0.64859,0.51194,0.50843,0.72778,0.63858,0.52629,17.9
dc_hu_harm_llama70b_eval_daily_dilemmas_kind.jsonl,none+ga1bs16,4,1,2,2,4,0.66798,0.64991,0.51134,0.88017,0.68122,0.59917,0.5386,0.81455,0.67783,0.56867,17.0
dc_hu_harm_llama70b_eval_daily_dilemmas_kind.jsonl,none+ga1bs16,4,2,2,2,4,0.57382,0.57279,0.48488,0.80372,0.52874,0.47796,0.496,0.7926,0.51775,0.4848,16.3
dc_hu_harm_llama70b_eval_daily_dilemmas_kind.jsonl,none+ga1bs16,4,3,2,2,4,0.7511,0.74229,0.63422,0.76446,0.74805,0.85767,0.62814,0.78358,0.72356,0.83387,19.1
dc_hu_harm_llama70b_eval_daily_dilemmas_kind.jsonl,none+ga1bs16,4,4,2,2,4,0.6864,0.69979,0.57561,0.67975,0.82312,0.66713,0.58845,0.7123,0.81105,0.68737,26.8
dc_hu_harm_llama70b_eval_daily_dilemmas_kind.jsonl,none+ga1bs16,4,5,2,2,4,0.6159,0.59462,0.5,0.85331,0.52718,0.5831,0.51189,0.80742,0.52169,0.53748,17.0
dc_hu_harm_llama70b_eval_daily_dilemmas_kind.jsonl,none+ga1bs16,4,6,2,2,4,0.55035,0.59778,0.49811,0.40599,0.81611,0.48118,0.50238,0.56939,0.84668,0.47267,15.8
dc_hu_harm_llama70b_eval_daily_dilemmas_kind.jsonl,none+ga1bs16,4,7,2,2,4,0.59133,0.65328,0.53025,0.44835,0.85966,0.52709,0.53968,0.62208,0.87915,0.57221,20.4
dc_hu_harm_llama70b_eval_daily_dilemmas_kind.jsonl,none+ga1bs16,2,0,1,1,2,0.60277,0.6517,0.55293,0.57748,0.75819,0.5225,0.56942,0.74348,0.7767,0.51718,24.9
dc_hu_harm_llama70b_eval_daily_dilemmas_kind.jsonl,none+ga1bs16,2,1,1,1,2,0.56434,0.55888,0.48393,0.83471,0.46213,0.47658,0.48551,0.8092,0.4629,0.47793,16.0
dc_hu_harm_llama70b_eval_daily_dilemmas_kind.jsonl,none+ga1bs16,2,2,1,1,2,0.57122,0.55666,0.4896,0.87293,0.42326,0.49908,0.49935,0.81644,0.42402,0.48683,14.5
dc_hu_harm_llama70b_eval_daily_dilemmas_kind.jsonl,none+ga1bs16,2,3,1,1,2,0.5759,0.56493,0.46597,0.76756,0.66373,0.40634,0.47232,0.71519,0.65372,0.41847,14.8
dc_hu_harm_llama70b_eval_daily_dilemmas_kind.jsonl,none+ga1bs16,2,4,1,1,2,0.59034,0.60036,0.51607,0.55579,0.7358,0.55372,0.5173,0.59802,0.74854,0.53759,15.3
dc_hu_harm_llama70b_eval_daily_dilemmas_kind.jsonl,none+ga1bs16,2,5,1,1,2,0.68121,0.67574,0.58601,0.65599,0.77623,0.70661,0.57321,0.69904,0.74172,0.68898,18.7
dc_hu_harm_llama70b_eval_daily_dilemmas_kind.jsonl,none+ga1bs16,2,6,1,1,2,0.55282,0.58696,0.49905,0.47934,0.71497,0.51791,0.49665,0.58621,0.75144,0.51354,13.6
dc_hu_harm_llama70b_eval_daily_dilemmas_kind.jsonl,none+ga1bs16,2,7,1,1,2,0.62773,0.61811,0.53403,0.8626,0.53074,0.58356,0.52671,0.83337,0.52969,0.58267,16.4
dc_hu_harm_llama70b_eval_daily_dilemmas_loko.jsonl,none+ga22bs16,350,0,175,175,350,0.87929,0.89267,0.86106,0.72107,0.96302,0.97199,0.88841,0.75919,0.95191,0.97116,38.9
dc_hu_harm_llama70b_eval_daily_dilemmas_loko.jsonl,none+ga22bs16,350,1,175,175,350,0.86785,0.87418,0.81191,0.72934,0.96781,0.96235,0.82742,0.75306,0.95841,0.95783,50.4
dc_hu_harm_llama70b_eval_daily_dilemmas_loko.jsonl,none+ga22bs16,350,2,175,175,350,0.89082,0.90056,0.89036,0.7376,0.95366,0.98163,0.91901,0.7701,0.94053,0.97262,39.0
dc_hu_harm_llama70b_eval_daily_dilemmas_loko.jsonl,none+ga22bs16,350,3,175,175,350,0.86398,0.88353,0.83081,0.68698,0.96202,0.97612,0.86592,0.75072,0.94903,0.96845,55.0
dc_hu_harm_llama70b_eval_daily_dilemmas_loko.jsonl,none+ga22bs16,350,4,175,175,350,0.88938,0.88796,0.8913,0.73347,0.9589,0.97383,0.90247,0.74404,0.9421,0.96324,45.6
dc_hu_harm_llama70b_eval_daily_dilemmas_loko.jsonl,none+ga22bs16,350,5,175,175,350,0.85001,0.87379,0.82136,0.67872,0.94542,0.95455,0.83359,0.75128,0.94831,0.962,42.5
dc_hu_harm_llama70b_eval_daily_dilemmas_loko.jsonl,none+ga22bs16,350,6,175,175,350,0.86236,0.86378,0.8138,0.72314,0.96302,0.94949,0.79888,0.74761,0.95751,0.95111,48.7
dc_hu_harm_llama70b_eval_daily_dilemmas_loko.jsonl,none+ga22bs16,350,7,175,175,350,0.88901,0.88823,0.86957,0.74587,0.9677,0.97291,0.87803,0.75607,0.951,0.96783,41.0
dc_hu_harm_llama70b_eval_daily_dilemmas_loko.jsonl,none+ga11bs16,170,0,85,85,170,0.85772,0.8702,0.82703,0.68492,0.96302,0.95592,0.83359,0.72254,0.96035,0.96434,31.3
dc_hu_harm_llama70b_eval_daily_dilemmas_loko.jsonl,none+ga11bs16,170,1,85,85,170,0.82768,0.85229,0.74669,0.70661,0.91112,0.94628,0.78406,0.74582,0.91466,0.9646,26.6
dc_hu_harm_llama70b_eval_daily_dilemmas_loko.jsonl,none+ga11bs16,170,2,85,85,170,0.88368,0.89132,0.87996,0.74793,0.92793,0.97888,0.90128,0.76576,0.91932,0.97892,38.3
dc_hu_harm_llama70b_eval_daily_dilemmas_loko.jsonl,none+ga11bs16,170,3,85,85,170,0.88298,0.86616,0.83743,0.78306,0.95734,0.95409,0.81466,0.75696,0.94152,0.95148,29.5
dc_hu_harm_llama70b_eval_daily_dilemmas_loko.jsonl,none+ga11bs16,170,4,85,85,170,0.82227,0.83633,0.74102,0.68802,0.94041,0.91965,0.73216,0.72488,0.96057,0.92769,26.8
dc_hu_harm_llama70b_eval_daily_dilemmas_loko.jsonl,none+ga11bs16,170,5,85,85,170,0.77251,0.80662,0.65217,0.63533,0.92649,0.87603,0.65528,0.7368,0.94311,0.8913,20.3
dc_hu_harm_llama70b_eval_daily_dilemmas_loko.jsonl,none+ga11bs16,170,6,85,85,170,0.88179,0.88416,0.87902,0.71281,0.97572,0.9596,0.86094,0.74371,0.96869,0.9633,24.3
dc_hu_harm_llama70b_eval_daily_dilemmas_loko.jsonl,none+ga11bs16,170,7,85,85,170,0.88117,0.8887,0.85728,0.7345,0.97238,0.96051,0.87132,0.75696,0.96226,0.96423,28.4
dc_hu_harm_llama70b_eval_daily_dilemmas_loko.jsonl,none+ga7bs16,110,0,55,55,110,0.79038,0.80721,0.61437,0.69421,0.94019,0.91276,0.62608,0.74081,0.93945,0.92248,22.9
dc_hu_harm_llama70b_eval_daily_dilemmas_loko.jsonl,none+ga7bs16,110,1,55,55,110,0.85045,0.86099,0.85255,0.70971,0.93918,0.90037,0.82807,0.73714,0.93789,0.94086,19.4
dc_hu_harm_llama70b_eval_daily_dilemmas_loko.jsonl,none+ga7bs16,110,2,55,55,110,0.81632,0.8312,0.70699,0.68595,0.95133,0.92103,0.67896,0.74527,0.96419,0.93638,19.5
dc_hu_harm_llama70b_eval_daily_dilemmas_loko.jsonl,none+ga7bs16,110,3,55,55,110,0.82176,0.84682,0.75898,0.63636,0.96102,0.93067,0.77433,0.72589,0.95271,0.93435,27.2
dc_hu_harm_llama70b_eval_daily_dilemmas_loko.jsonl,none+ga7bs16,110,4,55,55,110,0.84038,0.85154,0.7949,0.66116,0.94631,0.95914,0.76557,0.72822,0.95766,0.95471,22.1
dc_hu_harm_llama70b_eval_daily_dilemmas_loko.jsonl,none+ga7bs16,110,5,55,55,110,0.8132,0.82885,0.75898,0.67665,0.88605,0.93113,0.76525,0.73056,0.87024,0.94934,21.8
dc_hu_harm_llama70b_eval_daily_dilemmas_loko.jsonl,none+ga7bs16,110,6,55,55,110,0.86067,0.86458,0.86673,0.70351,0.91423,0.95822,0.85099,0.7348,0.90984,0.96267,41.1
dc_hu_harm_llama70b_eval_daily_dilemmas_loko.jsonl,none+ga7bs16,110,7,55,55,110,0.85099,0.85242,0.8034,0.75826,0.87948,0.96281,0.79963,0.75663,0.88691,0.96652,22.5
dc_hu_harm_llama70b_eval_daily_dilemmas_loko.jsonl,none+ga5bs16,80,0,40,40,80,0.83656,0.82786,0.74102,0.78099,0.8738,0.95041,0.74535,0.7309,0.87512,0.96007,21.8
dc_hu_harm_llama70b_eval_daily_dilemmas_loko.jsonl,none+ga5bs16,80,1,40,40,80,0.86157,0.85541,0.79868,0.74174,0.94765,0.95822,0.80428,0.74204,0.91545,0.95986,18.0
dc_hu_harm_llama70b_eval_daily_dilemmas_loko.jsonl,none+ga5bs16,80,2,40,40,80,0.82239,0.82091,0.75614,0.77066,0.87937,0.88338,0.75314,0.72789,0.87207,0.93055,19.2
dc_hu_harm_llama70b_eval_daily_dilemmas_loko.jsonl,none+ga5bs16,80,3,40,40,80,0.81028,0.81517,0.69754,0.73967,0.86177,0.94215,0.70448,0.74916,0.87426,0.93279,20.0
dc_hu_harm_llama70b_eval_daily_dilemmas_loko.jsonl,none+ga5bs16,80,4,40,40,80,0.81599,0.80191,0.72873,0.72727,0.93328,0.87466,0.62857,0.7397,0.93177,0.90759,20.7
dc_hu_harm_llama70b_eval_daily_dilemmas_loko.jsonl,none+ga5bs16,80,5,40,40,80,0.77453,0.79953,0.62098,0.70145,0.90655,0.86915,0.64771,0.75473,0.89947,0.89619,23.0
dc_hu_harm_llama70b_eval_daily_dilemmas_loko.jsonl,none+ga5bs16,80,6,40,40,80,0.77593,0.78385,0.62382,0.66736,0.94754,0.86501,0.59105,0.71486,0.93991,0.88958,19.1
dc_hu_harm_llama70b_eval_daily_dilemmas_loko.jsonl,none+ga5bs16,80,7,40,40,80,0.81726,0.83436,0.75047,0.69008,0.91758,0.91093,0.77401,0.7143,0.90875,0.94039,19.6
dc_hu_harm_llama70b_eval_daily_dilemmas_loko.jsonl,none+ga4bs16,50,0,25,25,50,0.747,0.75825,0.6276,0.58264,0.93707,0.84068,0.60283,0.62375,0.94881,0.85761,20.4
dc_hu_harm_llama70b_eval_daily_dilemmas_loko.jsonl,none+ga4bs16,50,1,25,25,50,0.83314,0.84609,0.8431,0.62087,0.94342,0.92516,0.80677,0.69147,0.9553,0.93081,24.9
dc_hu_harm_llama70b_eval_daily_dilemmas_loko.jsonl,none+ga4bs16,50,2,25,25,50,0.86615,0.87205,0.92817,0.59298,0.96781,0.97567,0.88603,0.68233,0.95374,0.96611,20.2
dc_hu_harm_llama70b_eval_daily_dilemmas_loko.jsonl,none+ga4bs16,50,3,25,25,50,0.77225,0.80103,0.67864,0.58574,0.93941,0.88522,0.68469,0.65672,0.95764,0.90509,26.8
dc_hu_harm_llama70b_eval_daily_dilemmas_loko.jsonl,none+ga4bs16,50,4,25,25,50,0.67786,0.72626,0.55671,0.48967,0.91713,0.74793,0.5558,0.64101,0.93878,0.76947,19.6
dc_hu_harm_llama70b_eval_daily_dilemmas_loko.jsonl,none+ga4bs16,50,5,25,25,50,0.70694,0.73921,0.54631,0.56612,0.90956,0.80579,0.54596,0.67677,0.93358,0.80055,18.2
dc_hu_harm_llama70b_eval_daily_dilemmas_loko.jsonl,none+ga4bs16,50,6,25,25,50,0.79065,0.82606,0.68809,0.67252,0.90945,0.89256,0.73302,0.71074,0.93634,0.92415,20.1
dc_hu_harm_llama70b_eval_daily_dilemmas_loko.jsonl,none+ga4bs16,50,7,25,25,50,0.76484,0.77056,0.61815,0.65083,0.9364,0.85399,0.56142,0.70884,0.95171,0.86027,36.1
dc_hu_harm_llama70b_eval_daily_dilemmas_loko.jsonl,none+ga2bs16,30,0,15,15,30,0.78167,0.80521,0.72306,0.58264,0.90911,0.91185,0.70718,0.66708,0.90353,0.94304,29.7
dc_hu_harm_llama70b_eval_daily_dilemmas_loko.jsonl,none+ga2bs16,30,1,15,15,30,0.81972,0.81098,0.72023,0.7407,0.9061,0.91185,0.69291,0.7172,0.92467,0.90915,16.4
dc_hu_harm_llama70b_eval_daily_dilemmas_loko.jsonl,none+ga2bs16,30,2,15,15,30,0.77757,0.7734,0.62665,0.71901,0.91936,0.84527,0.59818,0.69615,0.91853,0.88073,19.9
dc_hu_harm_llama70b_eval_daily_dilemmas_loko.jsonl,none+ga2bs16,30,3,15,15,30,0.76319,0.77801,0.6758,0.57335,0.92526,0.87833,0.6237,0.6546,0.94165,0.89208,27.8
dc_hu_harm_llama70b_eval_daily_dilemmas_loko.jsonl,none+ga2bs16,30,4,15,15,30,0.78938,0.81407,0.70605,0.59194,0.96102,0.89853,0.68436,0.69704,0.95655,0.91832,20.6
dc_hu_harm_llama70b_eval_daily_dilemmas_loko.jsonl,none+ga2bs16,30,5,15,15,30,0.86095,0.87575,0.83648,0.65496,0.96246,0.9899,0.88041,0.69169,0.9488,0.98209,22.0
dc_hu_harm_llama70b_eval_daily_dilemmas_loko.jsonl,none+ga2bs16,30,6,15,15,30,0.63331,0.6878,0.53403,0.47107,0.90143,0.62672,0.51936,0.61706,0.93529,0.67951,27.7
dc_hu_harm_llama70b_eval_daily_dilemmas_loko.jsonl,none+ga2bs16,30,7,15,15,30,0.77353,0.78179,0.58507,0.71281,0.91056,0.88567,0.59732,0.70818,0.93679,0.88489,17.5
dc_hu_harm_llama70b_eval_daily_dilemmas_loko.jsonl,none+ga2bs16,20,0,10,10,20,0.67466,0.72273,0.52457,0.42665,0.91178,0.83563,0.52184,0.56638,0.93801,0.86469,22.2
dc_hu_harm_llama70b_eval_daily_dilemmas_loko.jsonl,none+ga2bs16,20,1,10,10,20,0.89491,0.88245,0.99811,0.67252,0.9315,0.9775,0.96767,0.68646,0.8986,0.97709,26.7
dc_hu_harm_llama70b_eval_daily_dilemmas_loko.jsonl,none+ga2bs16,20,2,10,10,20,0.76998,0.76128,0.60397,0.63636,0.93417,0.90542,0.58294,0.63901,0.94855,0.87464,30.3
dc_hu_harm_llama70b_eval_daily_dilemmas_loko.jsonl,none+ga2bs16,20,3,10,10,20,0.75119,0.75877,0.58034,0.60021,0.93718,0.88705,0.57104,0.683,0.94234,0.83871,17.6
dc_hu_harm_llama70b_eval_daily_dilemmas_loko.jsonl,none+ga2bs16,20,4,10,10,20,0.799,0.81154,0.70983,0.57748,0.94865,0.96006,0.68058,0.66151,0.95046,0.95361,18.6
dc_hu_harm_llama70b_eval_daily_dilemmas_loko.jsonl,none+ga2bs16,20,5,10,10,20,0.80398,0.79694,0.70416,0.63223,0.94932,0.93021,0.65333,0.68055,0.93604,0.91785,18.0
dc_hu_harm_llama70b_eval_daily_dilemmas_loko.jsonl,none+ga2bs16,20,6,10,10,20,0.58906,0.64524,0.52079,0.34194,0.94531,0.54821,0.50757,0.53876,0.96314,0.57148,17.5
dc_hu_harm_llama70b_eval_daily_dilemmas_loko.jsonl,none+ga2bs16,20,7,10,10,20,0.71626,0.73705,0.55482,0.55062,0.94141,0.81818,0.5186,0.66451,0.94958,0.81549,29.2
dc_hu_harm_llama70b_eval_daily_dilemmas_loko.jsonl,none+ga1bs16,10,0,5,5,10,0.55185,0.57879,0.50756,0.32231,0.8757,0.50184,0.50768,0.42838,0.87427,0.50484,16.4
dc_hu_harm_llama70b_eval_daily_dilemmas_loko.jsonl,none+ga1bs16,10,1,5,5,10,0.57528,0.61219,0.50378,0.45764,0.81811,0.52158,0.50973,0.62185,0.80229,0.51489,17.1
dc_hu_harm_llama70b_eval_daily_dilemmas_loko.jsonl,none+ga1bs16,10,2,5,5,10,0.59985,0.61607,0.52836,0.79959,0.52094,0.55051,0.55547,0.81755,0.53025,0.56102,16.6
dc_hu_harm_llama70b_eval_daily_dilemmas_loko.jsonl,none+ga1bs16,10,3,5,5,10,0.60336,0.65165,0.49811,0.58988,0.85253,0.47291,0.51979,0.64001,0.87685,0.56997,16.0
dc_hu_harm_llama70b_eval_daily_dilemmas_loko.jsonl,none+ga1bs16,10,4,5,5,10,0.73015,0.72351,0.55198,0.58264,0.93428,0.8517,0.54747,0.5851,0.92645,0.83502,29.8
dc_hu_harm_llama70b_eval_daily_dilemmas_loko.jsonl,none+ga1bs16,10,5,5,5,10,0.72006,0.74383,0.57089,0.59091,0.86122,0.85721,0.55028,0.64335,0.92996,0.85173,26.2
dc_hu_harm_llama70b_eval_daily_dilemmas_loko.jsonl,none+ga1bs16,10,6,5,5,10,0.58103,0.59936,0.49244,0.49174,0.87391,0.46602,0.49989,0.58198,0.86603,0.44955,12.7
dc_hu_harm_llama70b_eval_daily_dilemmas_loko.jsonl,none+ga1bs16,10,7,5,5,10,0.5549,0.58348,0.49811,0.43595,0.74237,0.54316,0.5013,0.54934,0.73305,0.55024,16.7
dc_hu_harm_llama70b_eval_daily_dilemmas_loko.jsonl,none+ga1bs16,6,0,3,3,6,0.57491,0.58158,0.49527,0.63223,0.63678,0.53535,0.49589,0.63979,0.63541,0.55524,15.1
dc_hu_harm_llama70b_eval_daily_dilemmas_loko.jsonl,none+ga1bs16,6,1,3,3,6,0.51258,0.5565,0.5,0.39669,0.64536,0.50826,0.49784,0.53096,0.66905,0.52817,16.3
dc_hu_harm_llama70b_eval_daily_dilemmas_loko.jsonl,none+ga1bs16,6,2,3,3,6,0.63741,0.67125,0.56711,0.42975,0.86912,0.68365,0.57429,0.55792,0.86,0.69278,16.0
dc_hu_harm_llama70b_eval_daily_dilemmas_loko.jsonl,none+ga1bs16,6,3,3,3,6,0.59262,0.60852,0.52268,0.81921,0.43172,0.59688,0.52757,0.86088,0.45172,0.59392,17.6
dc_hu_harm_llama70b_eval_daily_dilemmas_loko.jsonl,none+ga1bs16,6,4,3,3,6,0.61825,0.61021,0.5189,0.83574,0.49254,0.6258,0.54671,0.78481,0.51187,0.59746,17.0
dc_hu_harm_llama70b_eval_daily_dilemmas_loko.jsonl,none+ga1bs16,6,5,3,3,6,0.56635,0.62743,0.50851,0.44318,0.8454,0.46832,0.50908,0.59768,0.89029,0.51265,15.4
dc_hu_harm_llama70b_eval_daily_dilemmas_loko.jsonl,none+ga1bs16,6,6,3,3,6,0.62629,0.61656,0.50378,0.8905,0.51448,0.59642,0.51027,0.81243,0.53182,0.61172,18.5
dc_hu_harm_llama70b_eval_daily_dilemmas_loko.jsonl,none+ga1bs16,6,7,3,3,6,0.64221,0.6866,0.5397,0.44835,0.84986,0.73095,0.52747,0.58376,0.88664,0.74854,14.6
dc_hu_harm_llama70b_eval_daily_dilemmas_loko.jsonl,none+ga1bs16,4,0,2,2,4,0.59201,0.57834,0.55577,0.68182,0.50145,0.62902,0.54109,0.66863,0.4877,0.61594,17.8
dc_hu_harm_llama70b_eval_daily_dilemmas_loko.jsonl,none+ga1bs16,4,1,2,2,4,0.59271,0.63602,0.51418,0.48347,0.87091,0.5023,0.50616,0.65293,0.87315,0.51182,13.9
dc_hu_harm_llama70b_eval_daily_dilemmas_loko.jsonl,none+ga1bs16,4,2,2,2,4,0.60368,0.60419,0.54253,0.80372,0.47204,0.59642,0.54974,0.78626,0.47592,0.60485,18.6
dc_hu_harm_llama70b_eval_daily_dilemmas_loko.jsonl,none+ga1bs16,4,3,2,2,4,0.52541,0.55576,0.5,0.41219,0.72433,0.46511,0.50011,0.50278,0.75036,0.4698,14.7
dc_hu_harm_llama70b_eval_daily_dilemmas_loko.jsonl,none+ga1bs16,4,4,2,2,4,0.55262,0.55662,0.49716,0.51136,0.72032,0.48163,0.50216,0.52127,0.73572,0.46731,15.2
dc_hu_harm_llama70b_eval_daily_dilemmas_loko.jsonl,none+ga1bs16,4,5,2,2,4,0.58078,0.63024,0.51418,0.40702,0.84406,0.55785,0.51254,0.58944,0.85769,0.56128,17.3
dc_hu_harm_llama70b_eval_daily_dilemmas_loko.jsonl,none+ga1bs16,4,6,2,2,4,0.55181,0.57116,0.49716,0.51446,0.75117,0.44444,0.49795,0.60425,0.72559,0.45684,19.8
dc_hu_harm_llama70b_eval_daily_dilemmas_loko.jsonl,none+ga1bs16,4,7,2,2,4,0.58086,0.60008,0.49338,0.49897,0.84763,0.48347,0.49859,0.57986,0.84767,0.47418,16.6
dc_hu_harm_llama70b_eval_daily_dilemmas_loko.jsonl,none+ga1bs16,2,0,1,1,2,0.59893,0.62178,0.55482,0.51963,0.78269,0.53857,0.56326,0.54823,0.81307,0.56258,17.3
dc_hu_harm_llama70b_eval_daily_dilemmas_loko.jsonl,none+ga1bs16,2,1,1,1,2,0.61136,0.59647,0.53308,0.83368,0.46113,0.61754,0.53774,0.77478,0.46143,0.61193,18.0
dc_hu_harm_llama70b_eval_daily_dilemmas_loko.jsonl,none+ga1bs16,2,2,1,1,2,0.55417,0.61229,0.52741,0.2593,0.92493,0.50505,0.516,0.49521,0.95825,0.4797,28.3
dc_hu_harm_llama70b_eval_daily_dilemmas_loko.jsonl,none+ga1bs16,2,3,1,1,2,0.57514,0.62031,0.50284,0.33264,0.90265,0.56244,0.49859,0.49822,0.93086,0.55357,22.0
dc_hu_harm_llama70b_eval_daily_dilemmas_loko.jsonl,none+ga1bs16,2,4,1,1,2,0.51511,0.54131,0.5,0.38636,0.63734,0.53673,0.49449,0.47939,0.65371,0.53764,16.1
dc_hu_harm_llama70b_eval_daily_dilemmas_loko.jsonl,none+ga1bs16,2,5,1,1,2,0.58149,0.60479,0.52174,0.80888,0.44576,0.54959,0.53449,0.85943,0.4559,0.56935,19.0
dc_hu_harm_llama70b_eval_daily_dilemmas_loko.jsonl,none+ga1bs16,2,6,1,1,2,0.50549,0.52756,0.5,0.33574,0.6536,0.5326,0.5,0.41824,0.67061,0.5214,14.1
dc_hu_harm_llama70b_eval_daily_dilemmas_loko.jsonl,none+ga1bs16,2,7,1,1,2,0.67784,0.66978,0.60397,0.84194,0.49365,0.77181,0.59883,0.86155,0.47557,0.74318,25.1
dc_hu_harm_llama70b_mixed.jsonl,none+ga37bs16,590,0,295,295,590,0.84811,0.867,0.83176,0.73864,0.89964,0.92241,0.82721,0.78859,0.9023,0.94992,45.6
dc_hu_harm_llama70b_mixed.jsonl,none+ga37bs16,590,1,295,295,590,0.85362,0.85756,0.85444,0.73657,0.90521,0.91827,0.80169,0.77345,0.91346,0.94164,46.6
dc_hu_harm_llama70b_mixed.jsonl,none+ga37bs16,590,2,295,295,590,0.87857,0.88463,0.89509,0.75413,0.91969,0.94536,0.89522,0.76442,0.92275,0.95611,41.6
dc_hu_harm_llama70b_mixed.jsonl,none+ga37bs16,590,3,295,295,590,0.86565,0.86209,0.85539,0.76136,0.91657,0.92929,0.81888,0.76275,0.91924,0.94747,42.3
dc_hu_harm_llama70b_mixed.jsonl,none+ga37bs16,590,4,295,295,590,0.83709,0.84944,0.81569,0.70558,0.91156,0.91552,0.77801,0.77489,0.92284,0.92201,45.3
dc_hu_harm_llama70b_mixed.jsonl,none+ga37bs16,590,5,295,295,590,0.86365,0.87037,0.85822,0.73967,0.92281,0.93388,0.84094,0.76754,0.92437,0.94862,46.8
dc_hu_harm_llama70b_mixed.jsonl,none+ga37bs16,590,6,295,295,590,0.86606,0.87486,0.85822,0.74483,0.92225,0.93893,0.84948,0.77679,0.92325,0.94992,45.3
dc_hu_harm_llama70b_mixed.jsonl,none+ga37bs16,590,7,295,295,590,0.856,0.8682,0.86862,0.71798,0.92281,0.9146,0.83607,0.76933,0.9263,0.94112,47.1
dc_hu_harm_llama70b_mixed.jsonl,none+ga22bs16,350,0,175,175,350,0.81791,0.82128,0.73724,0.73037,0.91513,0.88889,0.70123,0.75373,0.92778,0.90238,37.5
dc_hu_harm_llama70b_mixed.jsonl,none+ga22bs16,350,1,175,175,350,0.8213,0.82494,0.72968,0.76343,0.92571,0.86639,0.70415,0.77189,0.93237,0.89135,28.7
dc_hu_harm_llama70b_mixed.jsonl,none+ga22bs16,350,2,175,175,350,0.87426,0.88007,0.8327,0.76446,0.92281,0.97704,0.87035,0.76264,0.92385,0.96345,37.7
dc_hu_harm_llama70b_mixed.jsonl,none+ga22bs16,350,3,175,175,350,0.82978,0.82141,0.76371,0.76343,0.89575,0.89624,0.73356,0.76075,0.8845,0.90681,31.8
dc_hu_harm_llama70b_mixed.jsonl,none+ga22bs16,350,4,175,175,350,0.85153,0.84399,0.80529,0.76446,0.91902,0.91736,0.74968,0.77612,0.92785,0.92232,34.2
dc_hu_harm_llama70b_mixed.jsonl,none+ga22bs16,350,5,175,175,350,0.8501,0.86514,0.8242,0.7624,0.9061,0.90771,0.81434,0.79027,0.92316,0.93279,35.2
dc_hu_harm_llama70b_mixed.jsonl,none+ga22bs16,350,6,175,175,350,0.81287,0.82974,0.73062,0.67872,0.93763,0.9045,0.72664,0.73034,0.93245,0.92951,39.4
dc_hu_harm_llama70b_mixed.jsonl,none+ga22bs16,350,7,175,175,350,0.81429,0.8303,0.74858,0.71798,0.91089,0.87971,0.71853,0.77846,0.92891,0.8953,35.7
dc_hu_harm_llama70b_mixed.jsonl,none+ga11bs16,170,0,85,85,170,0.87884,0.86963,0.86862,0.77789,0.93495,0.93388,0.85986,0.75329,0.93014,0.93524,26.4
dc_hu_harm_llama70b_mixed.jsonl,none+ga11bs16,170,1,85,85,170,0.83036,0.8604,0.78828,0.67045,0.9403,0.92241,0.79012,0.75774,0.94393,0.94981,29.1
dc_hu_harm_llama70b_mixed.jsonl,none+ga11bs16,170,2,85,85,170,0.85969,0.86227,0.85066,0.72934,0.92348,0.93526,0.81877,0.74749,0.9358,0.947,23.9
dc_hu_harm_llama70b_mixed.jsonl,none+ga11bs16,170,3,85,85,170,0.83678,0.84645,0.79868,0.67975,0.94676,0.92195,0.75714,0.75095,0.95387,0.92383,22.1
dc_hu_harm_llama70b_mixed.jsonl,none+ga11bs16,170,4,85,85,170,0.83238,0.83405,0.77977,0.70971,0.92727,0.91276,0.74946,0.72488,0.9379,0.92394,23.6
dc_hu_harm_llama70b_mixed.jsonl,none+ga11bs16,170,5,85,85,170,0.78714,0.80517,0.70605,0.66322,0.90967,0.86961,0.66587,0.75551,0.93384,0.86547,26.5
dc_hu_harm_llama70b_mixed.jsonl,none+ga11bs16,170,6,85,85,170,0.87888,0.88617,0.88658,0.73037,0.93072,0.96786,0.8963,0.75017,0.93649,0.96173,30.4
dc_hu_harm_llama70b_mixed.jsonl,none+ga11bs16,170,7,85,85,170,0.87873,0.87403,0.86389,0.75517,0.92203,0.97383,0.84397,0.75317,0.93678,0.9622,26.9
dc_hu_harm_llama70b_mixed.jsonl,none+ga7bs16,110,0,55,55,110,0.81548,0.81975,0.69282,0.75826,0.93161,0.87925,0.68036,0.76331,0.93246,0.90285,23.2
dc_hu_harm_llama70b_mixed.jsonl,none+ga7bs16,110,1,55,55,110,0.82084,0.81223,0.7259,0.78306,0.86211,0.9123,0.69842,0.77812,0.85052,0.92186,24.4
dc_hu_harm_llama70b_mixed.jsonl,none+ga7bs16,110,2,55,55,110,0.84199,0.85679,0.77221,0.75,0.94264,0.90312,0.76254,0.78804,0.94483,0.93175,20.8
dc_hu_harm_llama70b_mixed.jsonl,none+ga7bs16,110,3,55,55,110,0.8174,0.81542,0.77883,0.70351,0.94108,0.84619,0.7234,0.75039,0.93112,0.85678,22.0
dc_hu_harm_llama70b_mixed.jsonl,none+ga7bs16,110,4,55,55,110,0.76648,0.80016,0.6465,0.64566,0.88349,0.89027,0.67279,0.72254,0.90084,0.90447,17.6
dc_hu_harm_llama70b_mixed.jsonl,none+ga7bs16,110,5,55,55,110,0.76352,0.78115,0.638,0.67872,0.85765,0.87971,0.61873,0.74894,0.86344,0.89348,22.3
dc_hu_harm_llama70b_mixed.jsonl,none+ga7bs16,110,6,55,55,110,0.82565,0.83035,0.74197,0.76033,0.92381,0.87649,0.69334,0.79795,0.9373,0.89281,22.1
dc_hu_harm_llama70b_mixed.jsonl,none+ga7bs16,110,7,55,55,110,0.8241,0.82532,0.76276,0.7531,0.89764,0.88292,0.7394,0.77634,0.89201,0.89353,20.3
dc_hu_harm_llama70b_mixed.jsonl,none+ga5bs16,80,0,40,40,80,0.75562,0.77304,0.62949,0.65496,0.8689,0.86915,0.59115,0.72344,0.92197,0.85558,21.4
dc_hu_harm_llama70b_mixed.jsonl,none+ga5bs16,80,1,40,40,80,0.80121,0.78976,0.65501,0.7376,0.92426,0.88797,0.58586,0.73223,0.9319,0.90905,19.7
dc_hu_harm_llama70b_mixed.jsonl,none+ga5bs16,80,2,40,40,80,0.79848,0.80235,0.74102,0.66322,0.89619,0.89348,0.67139,0.72098,0.91673,0.9003,18.9
dc_hu_harm_llama70b_mixed.jsonl,none+ga5bs16,80,3,40,40,80,0.81067,0.81328,0.70888,0.70868,0.88572,0.93939,0.66566,0.75574,0.90475,0.92696,19.8
dc_hu_harm_llama70b_mixed.jsonl,none+ga5bs16,80,4,40,40,80,0.81958,0.8233,0.71834,0.71178,0.94141,0.9068,0.68112,0.76108,0.94616,0.90483,19.4
dc_hu_harm_llama70b_mixed.jsonl,none+ga5bs16,80,5,40,40,80,0.78055,0.78648,0.63327,0.7469,0.89263,0.8494,0.61819,0.74939,0.9126,0.86573,22.9
dc_hu_harm_llama70b_mixed.jsonl,none+ga5bs16,80,6,40,40,80,0.78469,0.79414,0.6569,0.69731,0.89886,0.88567,0.64976,0.74638,0.89676,0.88364,19.6
dc_hu_harm_llama70b_mixed.jsonl,none+ga5bs16,80,7,40,40,80,0.77146,0.78736,0.59641,0.7345,0.89129,0.86364,0.62587,0.74716,0.88152,0.89489,18.5
dc_hu_harm_llama70b_mixed.jsonl,none+ga4bs16,50,0,25,25,50,0.78829,0.78878,0.67202,0.73347,0.86656,0.88108,0.63322,0.76843,0.90232,0.85116,21.3
dc_hu_harm_llama70b_mixed.jsonl,none+ga4bs16,50,1,25,25,50,0.77094,0.76942,0.59546,0.74277,0.87224,0.87328,0.56131,0.71174,0.88934,0.9153,19.0
dc_hu_harm_llama70b_mixed.jsonl,none+ga4bs16,50,2,25,25,50,0.89017,0.868,0.89319,0.77273,0.9012,0.99357,0.8723,0.74181,0.88586,0.97204,18.9
dc_hu_harm_llama70b_mixed.jsonl,none+ga4bs16,50,3,25,25,50,0.75163,0.74668,0.53686,0.70558,0.92248,0.8416,0.52173,0.73391,0.93179,0.7993,18.7
dc_hu_harm_llama70b_mixed.jsonl,none+ga4bs16,50,4,25,25,50,0.79411,0.80695,0.70132,0.65496,0.92437,0.89578,0.67885,0.69448,0.95684,0.89765,19.3
dc_hu_harm_llama70b_mixed.jsonl,none+ga4bs16,50,5,25,25,50,0.86795,0.86294,0.8724,0.72417,0.89541,0.9798,0.87781,0.71152,0.89038,0.97204,21.6
dc_hu_harm_llama70b_mixed.jsonl,none+ga4bs16,50,6,25,25,50,0.79152,0.80915,0.69565,0.69421,0.91167,0.86455,0.66479,0.74337,0.93973,0.88869,21.9
dc_hu_harm_llama70b_mixed.jsonl,none+ga4bs16,50,7,25,25,50,0.78391,0.76509,0.62287,0.71178,0.93551,0.86547,0.54888,0.73791,0.96218,0.81138,23.6
dc_hu_harm_llama70b_mixed.jsonl,none+ga2bs16,30,0,15,15,30,0.62744,0.65726,0.5482,0.52066,0.82335,0.61754,0.52303,0.66585,0.81629,0.62385,32.6
dc_hu_harm_llama70b_mixed.jsonl,none+ga2bs16,30,1,15,15,30,0.68413,0.73282,0.50189,0.48864,0.94342,0.80257,0.51384,0.64781,0.95905,0.8106,30.9
dc_hu_harm_llama70b_mixed.jsonl,none+ga2bs16,30,2,15,15,30,0.78748,0.77836,0.57278,0.77893,0.91669,0.88154,0.59083,0.73936,0.93538,0.84788,17.7
dc_hu_harm_llama70b_mixed.jsonl,none+ga2bs16,30,3,15,15,30,0.72029,0.72494,0.51985,0.6343,0.92905,0.79798,0.5146,0.67621,0.94186,0.76708,16.1
dc_hu_harm_llama70b_mixed.jsonl,none+ga2bs16,30,4,15,15,30,0.76116,0.76879,0.64178,0.62603,0.89987,0.87695,0.66295,0.63667,0.92666,0.84887,18.7
dc_hu_harm_llama70b_mixed.jsonl,none+ga2bs16,30,5,15,15,30,0.59631,0.65947,0.47826,0.50826,0.86289,0.53581,0.49276,0.67198,0.91064,0.56253,18.8
dc_hu_harm_llama70b_mixed.jsonl,none+ga2bs16,30,6,15,15,30,0.77454,0.77165,0.60208,0.71281,0.91735,0.86593,0.61235,0.70806,0.92435,0.84184,16.9
dc_hu_harm_llama70b_mixed.jsonl,none+ga2bs16,30,7,15,15,30,0.78548,0.797,0.67486,0.65599,0.92905,0.882,0.64219,0.70149,0.94195,0.90238,16.3
dc_hu_harm_llama70b_mixed.jsonl,none+ga2bs16,20,0,10,10,20,0.80865,0.81314,0.72968,0.67252,0.88338,0.94904,0.73984,0.68401,0.88631,0.94242,31.7
dc_hu_harm_llama70b_mixed.jsonl,none+ga2bs16,20,1,10,10,20,0.74209,0.7746,0.58601,0.59298,0.95099,0.83838,0.57407,0.70495,0.96639,0.85298,17.9
dc_hu_harm_llama70b_mixed.jsonl,none+ga2bs16,20,2,10,10,20,0.74365,0.7563,0.59735,0.59298,0.90733,0.87695,0.60143,0.62865,0.91939,0.87573,16.6
dc_hu_harm_llama70b_mixed.jsonl,none+ga2bs16,20,3,10,10,20,0.81823,0.82953,0.84499,0.55992,0.93595,0.93205,0.84213,0.60158,0.95255,0.92186,19.1
dc_hu_harm_llama70b_mixed.jsonl,none+ga2bs16,20,4,10,10,20,0.71761,0.72965,0.58034,0.52273,0.94921,0.81818,0.57861,0.53219,0.9584,0.84939,17.5
dc_hu_harm_llama70b_mixed.jsonl,none+ga2bs16,20,5,10,10,20,0.74154,0.74266,0.52552,0.69215,0.87659,0.8719,0.53255,0.67075,0.90937,0.85798,15.9
dc_hu_harm_llama70b_mixed.jsonl,none+ga2bs16,20,6,10,10,20,0.64001,0.66731,0.50662,0.58988,0.82535,0.6382,0.50389,0.72533,0.82498,0.61506,18.4
dc_hu_harm_llama70b_mixed.jsonl,none+ga2bs16,20,7,10,10,20,0.74588,0.76313,0.66352,0.54339,0.89552,0.88108,0.61083,0.62442,0.9219,0.89536,16.9
dc_hu_harm_llama70b_mixed.jsonl,none+ga1bs16,10,0,5,5,10,0.58246,0.62425,0.49244,0.57438,0.72722,0.53581,0.496,0.68556,0.78202,0.53342,15.4
dc_hu_harm_llama70b_mixed.jsonl,none+ga1bs16,10,1,5,5,10,0.66643,0.67046,0.52647,0.61364,0.75885,0.76676,0.5159,0.6262,0.81021,0.72954,14.3
dc_hu_harm_llama70b_mixed.jsonl,none+ga1bs16,10,2,5,5,10,0.55974,0.60344,0.49811,0.45145,0.77378,0.51561,0.49892,0.59891,0.80533,0.51062,16.4
dc_hu_harm_llama70b_mixed.jsonl,none+ga1bs16,10,3,5,5,10,0.67417,0.72294,0.55482,0.53202,0.89084,0.71901,0.55082,0.66451,0.88825,0.78816,28.1
dc_hu_harm_llama70b_mixed.jsonl,none+ga1bs16,10,4,5,5,10,0.58383,0.5903,0.50095,0.71281,0.58944,0.53214,0.49697,0.7407,0.60193,0.52161,15.1
dc_hu_harm_llama70b_mixed.jsonl,none+ga1bs16,10,5,5,5,10,0.56071,0.5721,0.50189,0.7531,0.48875,0.49908,0.50324,0.78135,0.49338,0.51041,18.3
dc_hu_harm_llama70b_mixed.jsonl,none+ga1bs16,10,6,5,5,10,0.58321,0.61025,0.50284,0.44215,0.83092,0.55693,0.50162,0.54544,0.86539,0.52853,16.1
dc_hu_harm_llama70b_mixed.jsonl,none+ga1bs16,10,7,5,5,10,0.70375,0.71943,0.56522,0.54339,0.85698,0.8494,0.59407,0.55424,0.861,0.86839,15.9
dc_hu_harm_llama70b_mixed.jsonl,none+ga1bs16,6,0,3,3,6,0.64944,0.65278,0.50473,0.7624,0.62631,0.70432,0.5465,0.76832,0.61111,0.68518,21.4
dc_hu_harm_llama70b_mixed.jsonl,none+ga1bs16,6,1,3,3,6,0.54933,0.57917,0.49433,0.3843,0.78837,0.5303,0.49567,0.48686,0.84206,0.49209,15.0
dc_hu_harm_llama70b_mixed.jsonl,none+ga1bs16,6,2,3,3,6,0.52634,0.58021,0.50473,0.41736,0.67409,0.50918,0.50422,0.61628,0.67239,0.52796,13.6
dc_hu_harm_llama70b_mixed.jsonl,none+ga1bs16,6,3,3,3,6,0.6502,0.6766,0.52457,0.5031,0.84997,0.72314,0.52811,0.64691,0.87231,0.65905,12.3
dc_hu_harm_llama70b_mixed.jsonl,none+ga1bs16,6,4,3,3,6,0.59142,0.65417,0.49811,0.46281,0.83036,0.57438,0.50119,0.65761,0.86481,0.59309,18.2
dc_hu_harm_llama70b_mixed.jsonl,none+ga1bs16,6,5,3,3,6,0.56711,0.58447,0.49527,0.58574,0.67777,0.50964,0.50281,0.64914,0.67324,0.5127,15.0
dc_hu_harm_llama70b_mixed.jsonl,none+ga1bs16,6,6,3,3,6,0.61637,0.66358,0.53308,0.42355,0.90143,0.60744,0.53666,0.62274,0.89156,0.60334,14.5
dc_hu_harm_llama70b_mixed.jsonl,none+ga1bs16,6,7,3,3,6,0.64936,0.62708,0.49338,0.83678,0.64424,0.62305,0.50205,0.76286,0.66215,0.58127,14.7
dc_hu_harm_llama70b_mixed.jsonl,none+ga1bs16,4,0,2,2,4,0.5488,0.57237,0.49905,0.63533,0.51905,0.54178,0.5053,0.65092,0.58998,0.54326,18.1
dc_hu_harm_llama70b_mixed.jsonl,none+ga1bs16,4,1,2,2,4,0.58887,0.60411,0.53686,0.82128,0.43673,0.56061,0.54833,0.8542,0.42055,0.59335,19.3
dc_hu_harm_llama70b_mixed.jsonl,none+ga1bs16,4,2,2,2,4,0.53972,0.54612,0.5,0.70455,0.45433,0.5,0.5,0.7221,0.46237,0.5,19.3
dc_hu_harm_llama70b_mixed.jsonl,none+ga1bs16,4,3,2,2,4,0.58234,0.5966,0.51229,0.64669,0.67955,0.49082,0.52141,0.7006,0.6795,0.4849,15.7
dc_hu_harm_llama70b_mixed.jsonl,none+ga1bs16,4,4,2,2,4,0.6544,0.63331,0.55009,0.73554,0.66941,0.66253,0.53093,0.73546,0.64345,0.62339,14.3
dc_hu_harm_llama70b_mixed.jsonl,none+ga1bs16,4,5,2,2,4,0.49579,0.5392,0.50378,0.21901,0.71263,0.54775,0.50303,0.40822,0.72132,0.52421,13.5
dc_hu_harm_llama70b_mixed.jsonl,none+ga1bs16,4,6,2,2,4,0.6178,0.64026,0.51796,0.70248,0.63644,0.61433,0.5066,0.80419,0.66233,0.58793,20.3
dc_hu_harm_llama70b_mixed.jsonl,none+ga1bs16,4,7,2,2,4,0.60845,0.60888,0.51796,0.75103,0.63177,0.53306,0.52649,0.7397,0.61686,0.55248,15.7
dc_hu_harm_llama70b_mixed.jsonl,none+ga1bs16,2,0,1,1,2,0.60039,0.58326,0.55198,0.81818,0.44186,0.58953,0.53157,0.77768,0.45079,0.57299,20.0
dc_hu_harm_llama70b_mixed.jsonl,none+ga1bs16,2,1,1,1,2,0.54635,0.56142,0.49055,0.82438,0.37046,0.5,0.4894,0.85476,0.39133,0.5102,17.3
dc_hu_harm_llama70b_mixed.jsonl,none+ga1bs16,2,2,1,1,2,0.50681,0.51594,0.5,0.35021,0.64213,0.53489,0.5,0.3395,0.67573,0.54852,14.1
dc_hu_harm_llama70b_mixed.jsonl,none+ga1bs16,2,3,1,1,2,0.49926,0.54848,0.48393,0.34091,0.75897,0.41322,0.4973,0.46402,0.7778,0.45481,18.3
dc_hu_harm_llama70b_mixed.jsonl,none+ga1bs16,2,4,1,1,2,0.65313,0.65544,0.5586,0.72934,0.81265,0.51194,0.56693,0.72667,0.77816,0.54998,14.9
dc_hu_harm_llama70b_mixed.jsonl,none+ga1bs16,2,5,1,1,2,0.49016,0.50266,0.50756,0.7376,0.48363,0.23186,0.51611,0.72878,0.50754,0.25823,13.8
dc_hu_harm_llama70b_mixed.jsonl,none+ga1bs16,2,6,1,1,2,0.50683,0.50781,0.5,0.62087,0.40644,0.5,0.5,0.65237,0.37887,0.5,21.5
dc_hu_harm_llama70b_mixed.jsonl,none+ga1bs16,2,7,1,1,2,0.59463,0.56774,0.48488,0.92045,0.43874,0.53444,0.49924,0.82457,0.43921,0.50791,19.1
