predictor,target,n_splits,rho,p_perm,ci_lo,ci_hi,loo_rmse_grand,loo_rmse_concept,loo_rmse_pred,loo_rmse_pred_concept,beats_concept,rho_instructions,p_instructions,sign_holds,curve_r2_base,curve_r2_with,curve_r2_gain,curve_r2_split_ceiling
n_rows,log_m_detailed,14,-0.3203799348325401,0.26177382261773824,-0.5918129351767754,-0.06669019824031552,0.501151672442483,0.28378742859549216,0.7031385507834589,0.2899546349115691,0,-0.6210590034081189,0.25917408259174085,1,0.14984210572956735,0.2066580687470878,0.056815963017520454,0.46575262768432446
frac_positive,log_m_detailed,14,,,,,,,,,,,,,,,,
mean_tokens,log_m_detailed,14,0.0021978021978021935,1.0,-0.26593406593406593,0.2351648351648352,0.501151672442483,0.28378742859549216,0.4816502385232156,0.27963734196502515,0,0.5999999999999999,0.23877612238776122,1,0.14984210572956735,0.17034173292414512,0.020499627194577763,0.46575262768432446
median_tokens,log_m_detailed,14,-0.054945054945054944,0.8552144785521448,-0.31428571428571433,0.19120879120879125,0.501151672442483,0.28378742859549216,0.4873209289125914,0.2814949062163784,0,0.5999999999999999,0.23877612238776122,0,0.14984210572956735,0.16582572486824432,0.015983619138676963,0.46575262768432446
frac_truncated,log_m_detailed,14,-0.5010334148124461,0.07189281071892811,-0.713077913581285,-0.23393029903125095,0.501151672442483,0.28378742859549216,0.4798287927737911,0.28315942119938703,0,,,,0.14984210572956735,0.18848440877949435,0.038642303049926996,0.46575262768432446
mean_turns,log_m_detailed,14,-0.10004276245651941,0.7348265173482652,-0.2925609502093856,0.18732365970223883,0.501151672442483,0.28378742859549216,0.5155376876641835,0.31174713830083983,0,0.6210590034081189,0.25917408259174085,0,0.14984210572956735,0.1504563654653326,0.0006142597357652324,0.46575262768432446
paired,log_m_detailed,14,0.49923017660270624,0.08089191080891911,0.2403700850309326,0.6841302420111159,0.501151672442483,0.28378742859549216,0.4511705648447732,0.32215725172025406,0,,,,0.14984210572956735,0.31126525003610694,0.1614231443065396,0.46575262768432446
n_pairs,log_m_detailed,14,0.34590075081556454,0.2191780821917808,0.01802979403760869,0.5267638884969056,0.501151672442483,0.28378742859549216,0.5506220587367706,0.26058387547549905,0,0.15430334996209188,0.7652234776522348,1,0.14984210572956735,0.26524190248813007,0.11539979675856271,0.46575262768432446
auroc_full_mean,log_m_detailed,14,-0.3934065934065934,0.1625837416258374,-0.5956043956043956,-0.1076923076923077,0.501151672442483,0.28378742859549216,0.49985720806616063,0.279366348902106,0,-0.5999999999999999,0.23587641235876414,1,0.14984210572956735,0.1891408699291316,0.03929876419956424,0.46575262768432446
auroc_dom_mean,log_m_detailed,14,-0.4285714285714286,0.128987101289871,-0.6351648351648351,-0.1495559944119239,0.501151672442483,0.28378742859549216,0.49642796950346496,0.2821846250041232,0,-0.5999999999999999,0.23877612238776122,1,0.14984210572956735,0.24984712972950196,0.1000050239999346,0.46575262768432446
auroc_dom2_mean,log_m_detailed,14,-0.5252747252747253,0.0570942905709429,-0.6967032967032967,-0.26142857142857207,0.501151672442483,0.28378742859549216,0.5211729920158985,0.27491213646328283,0,-0.5999999999999999,0.23877612238776122,1,0.14984210572956735,0.2516148928758467,0.10177278714627935,0.46575262768432446
auroc_dom2_sd_mean,log_m_detailed,14,-0.1912087912087912,0.5161483851614839,-0.4417582417582418,0.11219780219780161,0.501151672442483,0.28378742859549216,0.5011134845799216,0.3079220959846683,0,-0.5428571428571428,0.3013698630136986,1,0.14984210572956735,0.18595381829802216,0.0361117125684548,0.46575262768432446
r1_mean,log_m_detailed,14,-0.46373626373626375,0.0988901109889011,-0.6571428571428571,-0.19120879120879122,0.501151672442483,0.28378742859549216,0.5046893429016162,0.28627510823276214,0,-0.5999999999999999,0.23877612238776122,1,0.14984210572956735,0.2349114735512623,0.08506936782169494,0.46575262768432446
auroc_ID_k2_mean_C1,log_m_detailed,14,-0.5472527472527473,0.04839516048395161,-0.7056043956043957,-0.28791208791208794,0.501151672442483,0.28378742859549216,0.5625652520517007,0.2784328832188084,0,-0.5999999999999999,0.23877612238776122,1,0.14984210572956735,0.2349884902775261,0.08514638454795875,0.46575262768432446
auroc_ID_k4_mean_C1,log_m_detailed,14,-0.5208791208791209,0.061193880611938804,-0.6967032967032968,-0.265934065934066,0.501151672442483,0.28378742859549216,0.5219964850988754,0.27321665832626385,0,-0.5999999999999999,0.23877612238776122,1,0.14984210572956735,0.25483404854025016,0.1049919428106828,0.46575262768432446
auroc_ID_k8_mean_C1,log_m_detailed,14,-0.5516483516483517,0.0448955104489551,-0.7054945054945054,-0.27472527472527475,0.501151672442483,0.28378742859549216,0.49011989236026005,0.2756748312851595,0,-0.657142857142857,0.17148285171482852,1,0.14984210572956735,0.27915936617551684,0.1293172604459495,0.46575262768432446
auroc_ID_k16_mean_C1,log_m_detailed,14,-0.5252747252747253,0.05829417058294171,-0.6923076923076923,-0.24824175824175881,0.501151672442483,0.28378742859549216,0.4662279990811771,0.2779239357772437,0,-0.657142857142857,0.17148285171482852,1,0.14984210572956735,0.2976947880791283,0.14785268234956095,0.46575262768432446
auroc_ID_k32_mean_C1,log_m_detailed,14,-0.4593406593406595,0.10378962103789621,-0.6483516483516484,-0.18681318681318682,0.501151672442483,0.28378742859549216,0.46991695769714475,0.2748391005141437,0,-0.5999999999999999,0.23877612238776122,1,0.14984210572956735,0.28450716656721453,0.13466506083764718,0.46575262768432446
auroc_ID_k64_mean_C1,log_m_detailed,14,-0.4813186813186813,0.0846915308469153,-0.666043956043956,-0.19989010989011047,0.501151672442483,0.28378742859549216,0.4656557334577452,0.2714448308639777,0,-0.5999999999999999,0.23877612238776122,1,0.14984210572956735,0.2595092204114263,0.10966711468185897,0.46575262768432446
auroc_ID_k128_mean_C1,log_m_detailed,11,-0.39090909090909093,0.23627637236276372,,,0.552421532418625,0.27190604325984497,0.5233094529683713,0.2642600353656964,0,-0.5999999999999999,0.23587641235876414,1,,,,
auroc_ID_k256_mean_C1,log_m_detailed,4,,,,,,,,,,,,,,,,
m_ID_mean_C1,log_m_detailed,14,0.5638780198497542,0.03949605039496051,0.32378933171060087,0.7312793069926496,0.501151672442483,0.28378742859549216,0.48390480045232015,0.2948553162856236,0,0.657142857142857,0.1743825617438256,1,0.14984210572956735,0.28914138900178055,0.1392992832722132,0.46575262768432446
log_m_ID_mean_C1,log_m_detailed,14,0.5638780198497542,0.03949605039496051,0.32378933171060087,0.7312793069926496,0.501151672442483,0.28378742859549216,0.4783124351736448,0.29093528708290944,0,0.657142857142857,0.1743825617438256,1,0.14984210572956735,0.311385763248753,0.16154365751918565,0.46575262768432446
n90_ID_mean_C1,log_m_detailed,14,0.2571428571428572,0.37896210378962103,-0.037362637362637396,0.4813186813186813,0.501151672442483,0.28378742859549216,0.5278317814295043,0.2903143830584873,0,0.2571428571428571,0.6553344665533447,1,0.14984210572956735,0.20004625870765402,0.05020415297808667,0.46575262768432446
log_n90_ID_mean_C1,log_m_detailed,14,0.2571428571428572,0.37896210378962103,-0.037362637362637396,0.4813186813186813,0.501151672442483,0.28378742859549216,0.5261036967628708,0.29262831930055505,0,0.2571428571428571,0.6553344665533447,1,0.14984210572956735,0.21446501105691584,0.06462290532734849,0.46575262768432446
U_ID_mean_C1,log_m_detailed,14,-0.0463580677094437,0.8788121187881212,-0.2715258251553132,0.2185451763445204,0.501151672442483,0.28378742859549216,0.4893938971297732,0.2934138876120866,0,-0.08696565534786727,0.8636136386361364,1,0.14984210572956735,0.188388733568864,0.03854662783929663,0.46575262768432446
k_ID_mean_C1,log_m_detailed,14,0.48447435119166826,0.07629237076292371,0.2532934136562862,0.7244891673783663,0.501151672442483,0.28378742859549216,0.47727116884118914,0.2874568282353581,0,0.7537023463481829,0.10918908109189081,1,0.14984210572956735,0.26165567616402474,0.11181357043445739,0.46575262768432446
gain_obs_ID_mean_C1,log_m_detailed,14,0.2263736263736264,0.44285571442855715,-0.0682417582417583,0.46373626373626375,0.501151672442483,0.28378742859549216,0.5875944046686242,0.3027029448187975,0,0.028571428571428553,1.0,1,0.14984210572956735,0.1776191861260873,0.027777080396519938,0.46575262768432446
flat_ID_mean_C1,log_m_detailed,14,,,,,,,,,,,,,,,,
rmse_ID_mean_C1,log_m_detailed,14,0.28351648351648356,0.32526747325267474,0.05934065934065938,0.578021978021978,0.501151672442483,0.28378742859549216,0.5635322969662575,0.2782157951283818,0,0.5999999999999999,0.23617638236176383,1,0.14984210572956735,0.15562286466733055,0.005780758937763197,0.46575262768432446
n_sizes_ID_mean_C1,log_m_detailed,14,-0.336886066888571,0.23587641235876414,-0.5782016183477598,-0.07848728579638174,0.501151672442483,0.28378742859549216,0.5152378503883046,0.294607150647751,0,,,,0.14984210572956735,0.1513822156758582,0.0015401099462908352,0.46575262768432446
auroc_ID_k2_mean_C0.1,log_m_detailed,14,-0.5516483516483517,0.045495450454954504,-0.7054945054945055,-0.2879120879120879,0.501151672442483,0.28378742859549216,0.5479962154235063,0.27559278565069073,0,-0.5999999999999999,0.23877612238776122,1,0.14984210572956735,0.2367771236937929,0.08693501796422554,0.46575262768432446
auroc_ID_k4_mean_C0.1,log_m_detailed,14,-0.5032967032967034,0.0704929507049295,-0.687912087912088,-0.24824175824175881,0.501151672442483,0.28378742859549216,0.5189699560043592,0.27623866645469136,0,-0.5999999999999999,0.23877612238776122,1,0.14984210572956735,0.25291116512693124,0.10306905939736388,0.46575262768432446
auroc_ID_k8_mean_C0.1,log_m_detailed,14,-0.5384615384615385,0.052894710528947106,-0.7010989010989012,-0.26153846153846155,0.501151672442483,0.28378742859549216,0.48923451418069347,0.27677457171611697,0,-0.657142857142857,0.17148285171482852,1,0.14984210572956735,0.27168338622182464,0.12184128049225729,0.46575262768432446
auroc_ID_k16_mean_C0.1,log_m_detailed,14,-0.49010989010989026,0.07729227077292271,-0.6703481163911249,-0.22186813186813245,0.501151672442483,0.28378742859549216,0.4798290730941424,0.2778048289569158,0,-0.5999999999999999,0.23877612238776122,1,0.14984210572956735,0.26860151589427583,0.11875941016470848,0.46575262768432446
auroc_ID_k32_mean_C0.1,log_m_detailed,14,-0.48571428571428577,0.0831916808319168,-0.6615384615384614,-0.21318681318681318,0.501151672442483,0.28378742859549216,0.46364471689695175,0.2764022057740445,0,-0.5999999999999999,0.23877612238776122,1,0.14984210572956735,0.28828627855948985,0.1384441728299225,0.46575262768432446
auroc_ID_k64_mean_C0.1,log_m_detailed,14,-0.46373626373626364,0.0978902109789021,-0.6527472527472528,-0.17362637362637365,0.501151672442483,0.28378742859549216,0.48221977239293023,0.27675475734743904,0,-0.5999999999999999,0.23877612238776122,1,0.14984210572956735,0.24251987229672856,0.0926777665671612,0.46575262768432446
auroc_ID_k128_mean_C0.1,log_m_detailed,11,-0.41818181818181827,0.20307969203079693,,,0.552421532418625,0.27190604325984497,0.5127660824425756,0.27043154547910364,0,-0.5428571428571428,0.29177082291770823,1,,,,
auroc_ID_k256_mean_C0.1,log_m_detailed,4,,,,,,,,,,,,,,,,
m_ID_mean_C0.1,log_m_detailed,14,0.6041929411883704,0.027097290270972903,0.35722356376830655,0.7387030485332265,0.501151672442483,0.28378742859549216,0.38029358494100035,0.27372817031631513,0,0.6377481392176932,0.19618038196180382,1,0.14984210572956735,0.41336669148492633,0.263524585755359,0.46575262768432446
log_m_ID_mean_C0.1,log_m_detailed,14,0.6041929411883704,0.027097290270972903,0.35722356376830655,0.7387030485332265,0.501151672442483,0.28378742859549216,0.4393130542335341,0.28750207974255065,0,0.6377481392176932,0.19618038196180382,1,0.14984210572956735,0.3682400801037373,0.21839797437416997,0.46575262768432446
n90_ID_mean_C0.1,log_m_detailed,14,0.44175824175824185,0.11808819118088192,0.12527472527472533,0.6043956043956044,0.501151672442483,0.28378742859549216,0.48007032492612345,0.28145155289313545,0,0.7142857142857142,0.13258674132586742,1,0.14984210572956735,0.2999152609585446,0.15007315522897724,0.46575262768432446
log_n90_ID_mean_C0.1,log_m_detailed,14,0.44175824175824185,0.11808819118088192,0.12527472527472533,0.6043956043956044,0.501151672442483,0.28378742859549216,0.5328539657975844,0.28490762404249276,0,0.7142857142857142,0.13258674132586742,1,0.14984210572956735,0.2812903788209391,0.13144827309137175,0.46575262768432446
U_ID_mean_C0.1,log_m_detailed,14,-0.10375377058780261,0.7206279372062794,-0.3509967983715024,0.19205485193912397,0.501151672442483,0.28378742859549216,0.5626251062245017,0.2952958100053729,0,-0.5797710356524484,0.24757524247575244,1,0.14984210572956735,0.15507245500210987,0.005230349272542512,0.46575262768432446
k_ID_mean_C0.1,log_m_detailed,14,0.5701744479533445,0.033396660333966606,0.3403366859876552,0.7536026618298078,0.501151672442483,0.28378742859549216,0.5347511736406145,0.29415625557493186,0,0.8285714285714285,0.05679432056794321,1,0.14984210572956735,0.19385300819752338,0.044010902467956026,0.46575262768432446
gain_obs_ID_mean_C0.1,log_m_detailed,14,0.14725274725274723,0.6193380661933806,-0.16043956043956042,0.3848351648351636,0.501151672442483,0.28378742859549216,0.5478177467433103,0.30870120198140805,0,-0.08571428571428569,0.9159084091590841,0,0.14984210572956735,0.16334259031839338,0.013500484588826023,0.46575262768432446
flat_ID_mean_C0.1,log_m_detailed,14,,,,,,,,,,,,,,,,
rmse_ID_mean_C0.1,log_m_detailed,14,0.3098901098901099,0.2860713928607139,0.06802197802197801,0.5896980594243683,0.501151672442483,0.28378742859549216,0.5365976207993832,0.26505006229591604,0,0.48571428571428565,0.3565643435656434,1,0.14984210572956735,0.15852602173559205,0.008683916006024694,0.46575262768432446
n_sizes_ID_mean_C0.1,log_m_detailed,14,-0.336886066888571,0.23587641235876414,-0.5782016183477598,-0.07848728579638174,0.501151672442483,0.28378742859549216,0.5152378503883046,0.294607150647751,0,,,,0.14984210572956735,0.1513822156758582,0.0015401099462908352,0.46575262768432446
auroc_pca_d1_mean,log_m_detailed,14,-0.5824175824175825,0.0326967303269673,-0.7626373626373625,-0.29670329670329676,0.501151672442483,0.28378742859549216,0.5267013838444589,0.2911808154874961,0,-0.2571428571428571,0.6555344465553444,1,0.14984210572956735,0.31300380073763223,0.16316169500806488,0.46575262768432446
auroc_pca_d2_mean,log_m_detailed,14,-0.5692307692307693,0.03849615038496151,-0.7407692307692308,-0.3229670329670336,0.501151672442483,0.28378742859549216,0.4688691606210461,0.28745773827593263,0,-0.5999999999999999,0.23877612238776122,1,0.14984210572956735,0.3019806333683428,0.15213852763877544,0.46575262768432446
auroc_pca_d4_mean,log_m_detailed,14,-0.5208791208791208,0.06209379062093791,-0.7098901098901098,-0.24390775157900083,0.501151672442483,0.28378742859549216,0.44626854197557736,0.2872984472583162,0,-0.37142857142857144,0.5036496350364964,1,0.14984210572956735,0.3222959068491541,0.17245380111958675,0.46575262768432446
auroc_pca_d8_mean,log_m_detailed,14,-0.476923076923077,0.0882911708829117,-0.6879120879120879,-0.23516483516483522,0.501151672442483,0.28378742859549216,0.47584184790950934,0.2940911186725729,0,-0.5428571428571428,0.29177082291770823,1,0.14984210572956735,0.27351577247469794,0.12367366674513058,0.46575262768432446
auroc_pca_d16_mean,log_m_detailed,14,-0.41978021978021973,0.13878612138786123,-0.6395604395604395,-0.16043956043956045,0.501151672442483,0.28378742859549216,0.48143246210452995,0.2941531980745653,0,-0.5999999999999999,0.23877612238776122,1,0.14984210572956735,0.25604188670055084,0.10619978097098348,0.46575262768432446
auroc_pca_d32_mean,log_m_detailed,14,-0.4989010989010989,0.0755924407559244,-0.6967032967032967,-0.25263736263736325,0.501151672442483,0.28378742859549216,0.46859225858430853,0.2842232357923518,0,-0.5999999999999999,0.23877612238776122,1,0.14984210572956735,0.2757078835942197,0.12586577786465236,0.46575262768432446
auroc_pca_d64_mean,log_m_detailed,14,-0.4725274725274725,0.09049095090490951,-0.6879120879120879,-0.2131868131868132,0.501151672442483,0.28378742859549216,0.48494777705050607,0.2882019235313399,0,-0.657142857142857,0.1743825617438256,1,0.14984210572956735,0.27151141712739635,0.121669311397829,0.46575262768432446
auroc_pca_d128_mean,log_m_detailed,11,-0.4272727272727273,0.1934806519348065,,,0.552421532418625,0.27190604325984497,0.5250417007864422,0.27274779411707456,0,-0.5999999999999999,0.23587641235876414,1,,,,
auroc_pca_d256_mean,log_m_detailed,4,,,,,,,,,,,,,,,,
d95_mean,log_m_detailed,14,0.4803898565383957,0.0846915308469153,0.21856600107908047,0.6830187533721264,0.501151672442483,0.28378742859549216,0.564183194339916,0.29088020937365017,0,0.3380617018914066,0.6662333766623337,1,0.14984210572956735,0.1534184058151371,0.00357630008556975,0.46575262768432446
log_d95_mean,log_m_detailed,14,0.4803898565383957,0.0846915308469153,0.21856600107908047,0.6830187533721264,0.501151672442483,0.28378742859549216,0.5142478401973037,0.2904476065550159,0,0.3380617018914066,0.6662333766623337,1,0.14984210572956735,0.21967554059650496,0.0698334348669376,0.46575262768432446
d90_mean,log_m_detailed,14,0.4586022239257939,0.09859014098590141,0.2086640118862362,0.6741452691709171,0.501151672442483,0.28378742859549216,6.8227995466029965,0.2947395764848761,0,0.13093073414159542,1.0,1,0.14984210572956735,0.15837318906890807,0.008531083339340717,0.46575262768432446
log_d90_mean,log_m_detailed,14,0.4586022239257939,0.09859014098590141,0.2086640118862362,0.6741452691709171,0.501151672442483,0.28378742859549216,0.5424351981976404,0.295579932080572,0,0.13093073414159542,1.0,1,0.14984210572956735,0.19917193043988946,0.0493298247103221,0.46575262768432446
fisher_dom_mean,log_m_detailed,14,-0.18241758241758244,0.533046695330467,-0.4329670329670329,0.12967032967032968,0.501151672442483,0.28378742859549216,0.5885313458464722,0.29324303627615794,0,-0.2571428571428571,0.664933506649335,1,0.14984210572956735,0.15275383171258006,0.002911725983012703,0.46575262768432446
cos_centroid_mean,log_m_detailed,14,0.3714285714285715,0.18698130186981302,0.09010989010989011,0.5649450549450544,0.501151672442483,0.28378742859549216,0.5921723854390696,0.2825556179437667,0,0.37142857142857144,0.5036496350364964,1,0.14984210572956735,0.17415291022941182,0.024310804499844463,0.46575262768432446
pr_within_mean,log_m_detailed,14,0.2835164835164835,0.3247675232476752,0.03736263736263737,0.512087912087912,0.501151672442483,0.28378742859549216,0.5236071954364375,0.2846859823511224,0,-0.5428571428571428,0.29787021297870214,0,0.14984210572956735,0.1773419903160215,0.027499884586454137,0.46575262768432446
cos_within_mean,log_m_detailed,14,-0.2131868131868132,0.45995400459954006,-0.49010989010989015,0.050549450549450564,0.501151672442483,0.28378742859549216,0.4920715104170649,0.29836854425489084,0,-0.3714285714285714,0.5118488151184881,1,0.14984210572956735,0.21765513467053454,0.06781302894096719,0.46575262768432446
cos_between_mean,log_m_detailed,14,-0.16483516483516486,0.56994300569943,-0.4374725274725276,0.08582417582417526,0.501151672442483,0.28378742859549216,0.518057899645925,0.3135118601260926,0,-0.3714285714285714,0.5118488151184881,1,0.14984210572956735,0.1910850388916514,0.04124293316208405,0.46575262768432446
cos_gap_mean,log_m_detailed,14,-0.46813186813186813,0.09459054094590541,-0.6484615384615385,-0.22192912481207866,0.501151672442483,0.28378742859549216,0.6017004489021318,0.28346803287222055,0,-0.5999999999999999,0.23877612238776122,1,0.14984210572956735,0.17956657897980155,0.029724473250234196,0.46575262768432446
centroid_dist_rel_mean,log_m_detailed,14,-0.49010989010989015,0.07839216078392161,-0.6747252747252747,-0.23076923076923078,0.501151672442483,0.28378742859549216,0.5297052601397033,0.27242296936172944,0,-0.5999999999999999,0.23877612238776122,1,0.14984210572956735,0.2304923104304527,0.08065020470088535,0.46575262768432446
pair_within_rel_mean,log_m_detailed,9,-0.23333333333333328,0.5552444755524447,,,0.528452949925864,0.3052886937523738,0.5983191798317239,0.2849304219273681,0,-0.5428571428571428,0.29177082291770823,1,,,,
auroc_full_last,log_m_detailed,14,0.37748712277689883,0.1770822917708229,0.12130361050637775,0.6026548802227684,0.501151672442483,0.28378742859549216,0.5014499452348371,0.3510795080415993,0,0.057977103565244825,0.9313068693130687,1,0.14984210572956735,0.215733665773852,0.06589156004428465,0.46575262768432446
auroc_dom_last,log_m_detailed,14,0.3366338670706267,0.2258774122587741,0.07475252048185971,0.5768452359138266,0.501151672442483,0.28378742859549216,0.48159515928867586,0.28892350405214934,0,-0.02857142857142858,1.0,0,0.14984210572956735,0.2538581966473601,0.10401609091779274,0.46575262768432446
auroc_dom2_last,log_m_detailed,14,0.36703296703296706,0.19218078192180782,0.09450549450549453,0.5956043956043956,0.501151672442483,0.28378742859549216,0.48057239537216373,0.28486074744820333,0,0.1428571428571428,0.8107189281071893,1,0.14984210572956735,0.244347559157312,0.09450545342774463,0.46575262768432446
auroc_dom2_sd_last,log_m_detailed,14,-0.24835164835164836,0.38766123387661233,-0.4599435128830598,0.09450549450549448,0.501151672442483,0.28378742859549216,0.5201172274630975,0.30255741172616696,0,0.4285714285714285,0.4216578342165783,0,0.14984210572956735,0.18485181546481533,0.035009709735247974,0.46575262768432446
r1_last,log_m_detailed,14,0.3674369660182657,0.1865813418658134,0.10121018225652828,0.6013600625263155,0.501151672442483,0.28378742859549216,0.4616783395125752,0.2820494702950514,0,0.1428571428571428,0.8107189281071893,1,0.14984210572956735,0.2679260300993891,0.11808392436982174,0.46575262768432446
auroc_ID_k2_last_C1,log_m_detailed,14,0.3538461538461539,0.21027897210278973,0.08131868131868134,0.5831525218557747,0.501151672442483,0.28378742859549216,0.4880150815118391,0.29469128855041077,0,-0.08571428571428569,0.9198080191980802,0,0.14984210572956735,0.22401329626591082,0.07417119053634347,0.46575262768432446
auroc_ID_k4_last_C1,log_m_detailed,14,0.34505494505494505,0.22257774222577742,0.0769230769230769,0.5780219780219781,0.501151672442483,0.28378742859549216,0.4815043642442541,0.2842541409789609,0,-0.14285714285714285,0.8083191680831917,0,0.14984210572956735,0.24444366018687325,0.09460155445730589,0.46575262768432446
auroc_ID_k8_last_C1,log_m_detailed,14,0.31868131868131866,0.2585741425857414,0.04615384615384617,0.5611509131106469,0.501151672442483,0.28378742859549216,0.47704854860821133,0.2782971440016513,0,0.1428571428571428,0.8107189281071893,1,0.14984210572956735,0.25424232456696017,0.10440021883739281,0.46575262768432446
auroc_ID_k16_last_C1,log_m_detailed,14,0.31868131868131866,0.2585741425857414,0.04615384615384617,0.5611509131106469,0.501151672442483,0.28378742859549216,0.47799325986174757,0.2810837071570728,0,0.1428571428571428,0.8107189281071893,1,0.14984210572956735,0.25774986086099894,0.10790775513143158,0.46575262768432446
auroc_ID_k32_last_C1,log_m_detailed,14,0.2970298827093764,0.29227077292270776,0.03294831476720674,0.5456548956438916,0.501151672442483,0.28378742859549216,0.4878793789751808,0.29568443771786534,0,-0.02857142857142858,1.0,0,0.14984210572956735,0.24672529748019012,0.09688319175062277,0.46575262768432446
auroc_ID_k64_last_C1,log_m_detailed,14,0.38063829413868244,0.17638236176382363,0.11875694754991552,0.6072610935391697,0.501151672442483,0.28378742859549216,0.504486521056571,0.31618348847569433,0,-0.02857142857142858,1.0,0,0.14984210572956735,0.23497711059154724,0.08513500486197989,0.46575262768432446
auroc_ID_k128_last_C1,log_m_detailed,11,0.4510262271024232,0.16698330166983302,,,0.552421532418625,0.27190604325984497,0.7135884743518375,0.37193638650866545,0,0.057977103565244825,0.9313068693130687,1,,,,
auroc_ID_k256_last_C1,log_m_detailed,4,,,,,,,,,,,,,,,,
m_ID_last_C1,log_m_detailed,14,-0.20050013970840724,0.49235076492350766,-0.5071474122036184,0.007076475519120219,0.501151672442483,0.28378742859549216,0.5932565835478606,0.6157966530887461,0,0.20701966780270623,0.801919808019198,0,0.14984210572956735,0.18603172273534563,0.036189617005778274,0.46575262768432446
log_m_ID_last_C1,log_m_detailed,14,-0.20050013970840724,0.49235076492350766,-0.5071474122036184,0.007076475519120219,0.501151672442483,0.28378742859549216,0.48942960592936813,0.28534142211564095,0,0.20701966780270623,0.801919808019198,0,0.14984210572956735,0.22655975435817965,0.0767176486286123,0.46575262768432446
n90_ID_last_C1,log_m_detailed,14,-0.20044101486846722,0.48255174482551744,-0.4648139028859154,0.06167415842106684,0.501151672442483,0.28378742859549216,0.5604628908273079,0.824377240400164,0,-0.1428571428571428,0.8107189281071893,1,0.14984210572956735,0.17996436320780884,0.030122257478241488,0.46575262768432446
log_n90_ID_last_C1,log_m_detailed,14,-0.20044101486846722,0.48255174482551744,-0.4648139028859154,0.06167415842106684,0.501151672442483,0.28378742859549216,0.4909919595318821,0.2822718238729679,0,-0.1428571428571428,0.8107189281071893,1,0.14984210572956735,0.23697388190233004,0.08713177617276269,0.46575262768432446
U_ID_last_C1,log_m_detailed,14,0.4021978021978021,0.1511848815118488,0.12956388685717038,0.621978021978022,0.501151672442483,0.28378742859549216,0.6475730799123017,0.292858236000581,0,0.14285714285714285,0.8043195680431957,1,0.14984210572956735,0.18698501922670474,0.037142913497137386,0.46575262768432446
k_ID_last_C1,log_m_detailed,14,0.23127809407900068,0.4206579342065793,-0.02648684839333321,0.4912456850663723,0.501151672442483,0.28378742859549216,0.5116498824881589,0.3000480331472449,0,0.1428571428571428,0.8107189281071893,1,0.14984210572956735,0.16615744054799708,0.016315334818429728,0.46575262768432446
gain_obs_ID_last_C1,log_m_detailed,14,-0.31868131868131866,0.2598740125987401,-0.5164835164835164,0.03736263736263737,0.501151672442483,0.28378742859549216,0.5017201815838214,0.30934695405148366,0,0.08571428571428569,0.9198080191980802,0,0.14984210572956735,0.1828636937084943,0.03302158797892696,0.46575262768432446
flat_ID_last_C1,log_m_detailed,14,0.24080732065382351,0.5691430856914309,-0.2408073206538235,0.3784115038845798,0.501151672442483,0.28378742859549216,0.5032087305947088,0.29107790652056414,0,-0.13093073414159542,1.0,0,0.14984210572956735,0.15303971466517308,0.0031976089356057225,0.46575262768432446
rmse_ID_last_C1,log_m_detailed,14,-0.10769230769230767,0.7132286771322868,-0.37142857142857144,0.21758241758241756,0.501151672442483,0.28378742859549216,0.5190281452732651,0.28404473395482266,0,0.3142857142857143,0.5675432456754325,0,0.14984210572956735,0.1854786615151296,0.03563655578556224,0.46575262768432446
n_sizes_ID_last_C1,log_m_detailed,14,-0.336886066888571,0.23587641235876414,-0.5782016183477598,-0.07848728579638174,0.501151672442483,0.28378742859549216,0.5152378503883046,0.294607150647751,0,,,,0.14984210572956735,0.1513822156758582,0.0015401099462908352,0.46575262768432446
auroc_ID_k2_last_C0.1,log_m_detailed,14,0.3142857142857143,0.2685731426857314,0.05054945054945055,0.5516483516483516,0.501151672442483,0.28378742859549216,0.4908711533810809,0.29415661456926945,0,-0.3142857142857143,0.5675432456754325,0,0.14984210572956735,0.23119481742476677,0.08135271169519942,0.46575262768432446
auroc_ID_k4_last_C0.1,log_m_detailed,14,0.34945054945054943,0.2176782321767823,0.07692307692307694,0.5824175824175823,0.501151672442483,0.28378742859549216,0.48251751221935024,0.28630724895270065,0,0.1428571428571428,0.8107189281071893,1,0.14984210572956735,0.24529989518684392,0.09545778945727657,0.46575262768432446
auroc_ID_k8_last_C0.1,log_m_detailed,14,0.31868131868131866,0.2585741425857414,0.04615384615384617,0.5611509131106469,0.501151672442483,0.28378742859549216,0.47686738191758204,0.2798695260698355,0,0.1428571428571428,0.8107189281071893,1,0.14984210572956735,0.25700835811896006,0.1071662523893927,0.46575262768432446
auroc_ID_k16_last_C0.1,log_m_detailed,14,0.31868131868131866,0.2585741425857414,0.04615384615384617,0.5611509131106469,0.501151672442483,0.28378742859549216,0.4781479561378331,0.28197130441653306,0,0.1428571428571428,0.8107189281071893,1,0.14984210572956735,0.25583693877807756,0.1059948330485102,0.46575262768432446
auroc_ID_k32_last_C0.1,log_m_detailed,14,0.34983519519104334,0.21087891210878912,0.08795384860227644,0.5852588800051418,0.501151672442483,0.28378742859549216,0.48811500918071715,0.29611178767811047,0,-0.02857142857142858,1.0,0,0.14984210572956735,0.2466226938446736,0.09678058811510626,0.46575262768432446
auroc_ID_k64_last_C0.1,log_m_detailed,14,0.38063829413868244,0.17638236176382363,0.11875694754991552,0.6072610935391697,0.501151672442483,0.28378742859549216,0.5056705559843064,0.3187974666020617,0,-0.02857142857142858,1.0,0,0.14984210572956735,0.23461479871639823,0.08477269298683088,0.46575262768432446
auroc_ID_k128_last_C0.1,log_m_detailed,11,0.4510262271024232,0.16698330166983302,,,0.552421532418625,0.27190604325984497,0.7170848590504819,0.379612741561661,0,0.057977103565244825,0.9313068693130687,1,,,,
auroc_ID_k256_last_C0.1,log_m_detailed,4,,,,,,,,,,,,,,,,
m_ID_last_C0.1,log_m_detailed,14,-0.11942342425987565,0.68003199680032,-0.39970288935958387,0.13410763101836007,0.501151672442483,0.28378742859549216,1.0736939816153317,0.8822439632821367,0,-0.4140393356054125,0.5344465553444655,1,0.14984210572956735,0.1774684351386714,0.027626329409104033,0.46575262768432446
log_m_ID_last_C0.1,log_m_detailed,14,-0.11942342425987565,0.68003199680032,-0.39970288935958387,0.13410763101836007,0.501151672442483,0.28378742859549216,0.4919775323076323,0.2940196240728635,0,-0.4140393356054125,0.5344465553444655,1,0.14984210572956735,0.21321277864136323,0.06337067291179588,0.46575262768432446
n90_ID_last_C0.1,log_m_detailed,14,-0.3318681318681319,0.24037596240375964,-0.5692307692307692,-0.041648351648352226,0.501151672442483,0.28378742859549216,2.726900127363718,1.86784242983969,0,-0.5999999999999999,0.24597540245975402,1,0.14984210572956735,0.17148042135371133,0.021638315624143978,0.46575262768432446
log_n90_ID_last_C0.1,log_m_detailed,14,-0.3318681318681319,0.24037596240375964,-0.5692307692307692,-0.041648351648352226,0.501151672442483,0.28378742859549216,0.4855372141957461,0.29773562845860063,0,-0.5999999999999999,0.24597540245975402,1,0.14984210572956735,0.23045909797237962,0.08061699224281227,0.46575262768432446
U_ID_last_C0.1,log_m_detailed,14,0.33186813186813185,0.24677532246775322,0.010989010989011005,0.5692307692307692,0.501151672442483,0.28378742859549216,0.49387810046786557,0.31434470576030493,0,-0.657142857142857,0.17078292170782922,0,0.14984210572956735,0.2315838680336223,0.08174176230405494,0.46575262768432446
k_ID_last_C0.1,log_m_detailed,14,0.3458158168609819,0.21807819218078192,0.07037462005546734,0.5792965594550207,0.501151672442483,0.28378742859549216,0.4948062583754402,0.3200552792310274,0,0.43482827673933633,0.38506149385061494,1,0.14984210572956735,0.17441317775470622,0.024571072025138863,0.46575262768432446
gain_obs_ID_last_C0.1,log_m_detailed,14,-0.32307692307692304,0.24867513248675133,-0.5055779061602146,0.03307692307692247,0.501151672442483,0.28378742859549216,0.5059081930373225,0.31076424375957007,0,0.19999999999999998,0.7165283471652835,0,0.14984210572956735,0.19206177482680198,0.042219669097234624,0.46575262768432446
flat_ID_last_C0.1,log_m_detailed,14,0.24080732065382351,0.5691430856914309,-0.2408073206538235,0.3784115038845798,0.501151672442483,0.28378742859549216,0.5032087305947088,0.29107790652056414,0,-0.13093073414159542,1.0,0,0.14984210572956735,0.15303971466517308,0.0031976089356057225,0.46575262768432446
rmse_ID_last_C0.1,log_m_detailed,14,-0.23956043956043954,0.40305969403059694,-0.4461538461538462,0.10780219780219724,0.501151672442483,0.28378742859549216,0.5268876895448521,0.3052875241958038,0,0.02857142857142858,1.0,0,0.14984210572956735,0.20858540320211605,0.058743297472548694,0.46575262768432446
n_sizes_ID_last_C0.1,log_m_detailed,14,-0.336886066888571,0.23587641235876414,-0.5782016183477598,-0.07848728579638174,0.501151672442483,0.28378742859549216,0.5152378503883046,0.294607150647751,0,,,,0.14984210572956735,0.1513822156758582,0.0015401099462908352,0.46575262768432446
auroc_pca_d1_last,log_m_detailed,14,0.24862501293451514,0.38276172382761725,-0.011001106767013907,0.4841022432200512,0.501151672442483,0.28378742859549216,0.5053787485359794,0.2868895751131896,0,-0.08571428571428574,0.9193080691930807,0,0.14984210572956735,0.17730579531306223,0.027463689583494877,0.46575262768432446
auroc_pca_d2_last,log_m_detailed,14,0.3718374087250713,0.1820817918208179,0.09229928577524701,0.5947523146472772,0.501151672442483,0.28378742859549216,0.45777647288412027,0.2829522436343561,0,0.1428571428571428,0.8107189281071893,1,0.14984210572956735,0.2596719619322174,0.10982985620265007,0.46575262768432446
auroc_pca_d4_last,log_m_detailed,14,0.2574258983481263,0.36036396360363965,-0.004455448240640657,0.51710702358349,0.501151672442483,0.28378742859549216,0.4713882522804324,0.2810945030517413,0,0.1428571428571428,0.8107189281071893,1,0.14984210572956735,0.2649195189084951,0.11507741317892772,0.46575262768432446
auroc_pca_d8_last,log_m_detailed,14,0.30446323905164474,0.27747225277472254,0.060003704046674544,0.5511451334657511,0.501151672442483,0.28378742859549216,0.48954082289507855,0.28969735201720903,0,0.23190841426097933,0.6525347465253475,1,0.14984210572956735,0.22927961578020728,0.07943751005063993,0.46575262768432446
auroc_pca_d16_last,log_m_detailed,14,0.29112908259682824,0.30196980301969806,0.0510031484396733,0.5380252220490471,0.501151672442483,0.28378742859549216,0.4904773916985907,0.2887587612418965,0,0.057977103565244825,0.9313068693130687,1,0.14984210572956735,0.23706399739588746,0.0872218916663201,0.46575262768432446
auroc_pca_d32_last,log_m_detailed,14,0.2989518973989693,0.2937706229377062,0.06518500018473766,0.5463177343069129,0.501151672442483,0.28378742859549216,0.5101272023306181,0.33062116562912947,0,-0.15179418517972904,0.837916208379162,0,0.14984210572956735,0.2307056683996176,0.08086356267005024,0.46575262768432446
auroc_pca_d64_last,log_m_detailed,14,0.33042051817780815,0.2465753424657534,0.09642884510087052,0.5686829326461597,0.501151672442483,0.28378742859549216,0.5231743568410264,0.3559730851291887,0,-0.15179418517972904,0.837916208379162,0,0.14984210572956735,0.21886756378866645,0.0690254580590991,0.46575262768432446
auroc_pca_d128_last,log_m_detailed,11,0.3396267367954419,0.3086691330866913,,,0.552421532418625,0.27190604325984497,0.6922495555355488,0.33269240909047304,0,-0.15179418517972904,0.837916208379162,0,,,,
auroc_pca_d256_last,log_m_detailed,4,,,,,,,,,,,,,,,,
d95_last,log_m_detailed,14,-0.2866263899536211,0.3083691630836916,-0.5480869828693145,-0.04815323351220839,0.501151672442483,0.28378742859549216,0.48000865075384624,0.28318824602222475,0,-0.0303588370359458,1.0,1,0.14984210572956735,0.18662319704896546,0.03678109131939811,0.46575262768432446
log_d95_last,log_m_detailed,14,-0.2866263899536211,0.3083691630836916,-0.5480869828693145,-0.04815323351220839,0.501151672442483,0.28378742859549216,0.47165639425034706,0.29683627585594996,0,-0.0303588370359458,1.0,1,0.14984210572956735,0.24223681558878962,0.09239470985922227,0.46575262768432446
d90_last,log_m_detailed,14,-0.23618014532178383,0.40675932406759324,-0.5136918160748799,-0.00917204447851587,0.501151672442483,0.28378742859549216,2.5079854541127236,0.9934379515316646,0,-0.061721339984836754,0.9374062593740626,1,0.14984210572956735,0.16946344484976505,0.0196213391201977,0.46575262768432446
log_d90_last,log_m_detailed,14,-0.23618014532178383,0.40675932406759324,-0.5136918160748799,-0.00917204447851587,0.501151672442483,0.28378742859549216,0.48532621114857827,0.28889927668567306,0,-0.061721339984836754,0.9374062593740626,1,0.14984210572956735,0.2262742381571191,0.07643213242755176,0.46575262768432446
fisher_dom_last,log_m_detailed,14,0.27912087912087913,0.32326767323267674,0.0020879120879120595,0.5296849050828232,0.501151672442483,0.28378742859549216,0.4976694895244337,0.2914607432670926,0,0.1428571428571428,0.8107189281071893,1,0.14984210572956735,0.185334644996327,0.03549253926675966,0.46575262768432446
cos_centroid_last,log_m_detailed,14,-0.3362637362637363,0.23607639236076391,-0.5516483516483516,-0.07241758241758302,0.501151672442483,0.28378742859549216,0.497671599086408,0.31322850777497163,0,-0.08571428571428569,0.9217078292170783,1,0.14984210572956735,0.23384334455839229,0.08400123882882493,0.46575262768432446
pr_within_last,log_m_detailed,14,0.041758241758241776,0.8866113388661134,-0.12967032967032968,0.345054945054945,0.501151672442483,0.28378742859549216,0.5906917675366921,0.3353456607022427,0,-0.08571428571428569,0.9168083191680831,0,0.14984210572956735,0.1749489996989202,0.02510689396935284,0.46575262768432446
cos_within_last,log_m_detailed,14,0.43736263736263736,0.12218778122187782,0.18681318681318684,0.6043956043956044,0.501151672442483,0.28378742859549216,0.5293443735070142,0.31163012285100417,0,-0.08571428571428563,0.9174082591740826,0,0.14984210572956735,0.15995395211670416,0.010111846387136803,0.46575262768432446
cos_between_last,log_m_detailed,14,0.265934065934066,0.3555644435556444,0.0241758241758242,0.44175824175824174,0.501151672442483,0.28378742859549216,0.5748959233679539,0.33833726763466754,0,-0.08571428571428569,0.923007699230077,0,0.14984210572956735,0.14985485374442364,1.2748014856289736e-05,0.46575262768432446
cos_gap_last,log_m_detailed,14,0.24835164835164839,0.38706129387061294,-0.010989010989011005,0.481428571428571,0.501151672442483,0.28378742859549216,0.4985324499944357,0.29474395961675864,0,-0.19999999999999998,0.7165283471652835,0,0.14984210572956735,0.2135036389777164,0.06366153324814905,0.46575262768432446
centroid_dist_rel_last,log_m_detailed,14,0.2527472527472528,0.37796220377962203,-0.015494505494505494,0.49450549450549447,0.501151672442483,0.28378742859549216,0.49716425003540954,0.2784579834060625,0,-0.14285714285714285,0.8088191180881912,0,0.14984210572956735,0.1861075506209935,0.036265444891426135,0.46575262768432446
pair_within_rel_last,log_m_detailed,9,-0.4499999999999999,0.2253774622537746,,,0.528452949925864,0.3052886937523738,0.515842220379766,0.3617111406664283,0,-0.02857142857142858,1.0,1,,,,
n_rows,log_m_general,9,0.22132669799727472,0.5638436156384361,,,0.6015258448293243,0.2497957591837309,1.237367167504156,0.47333944731667094,0,-0.5773502691896257,0.4026597340265973,0,,,,
frac_positive,log_m_general,9,,,,,,,,,,,,,,,,
mean_tokens,log_m_general,9,0.7,0.043695630436956304,,,0.6015258448293243,0.2497957591837309,0.7709715200763947,0.2530301103950523,0,0.5,0.45925407459254075,1,,,,
median_tokens,log_m_general,9,0.6666666666666666,0.060493950604939506,,,0.6015258448293243,0.2497957591837309,0.6461715673421489,0.26864564395765983,0,0.5,0.45925407459254075,1,,,,
frac_truncated,log_m_general,9,,,,,,,,,,,,,,,,
mean_turns,log_m_general,9,0.6210590034081187,0.11068893110688931,,,0.6015258448293243,0.2497957591837309,0.5406679454447183,0.25043873944994655,0,0.5773502691896257,0.4026597340265973,1,,,,
paired,log_m_general,9,0.4107919181288746,0.4490550944905509,,,0.6015258448293243,0.2497957591837309,0.5276011758504753,0.28455782297168153,0,,,,,,,
n_pairs,log_m_general,9,0.2100914517040045,0.5956404359564044,,,0.6015258448293243,0.2497957591837309,0.7166318066947869,0.25067951845458614,0,-0.052704627669472995,0.9354064593540646,0,,,,
auroc_full_mean,log_m_general,9,-0.18333333333333332,0.6493350664933507,,,0.6015258448293243,0.2497957591837309,0.6674570184245436,0.27438860374308965,0,-0.7000000000000001,0.23977602239776022,1,,,,
auroc_dom_mean,log_m_general,9,-0.25,0.5191480851914808,,,0.6015258448293243,0.2497957591837309,0.6741308443254572,0.2749720807627413,0,-0.5,0.45925407459254075,1,,,,
auroc_dom2_mean,log_m_general,9,-0.3166666666666666,0.40705929407059294,,,0.6015258448293243,0.2497957591837309,0.6339329441223205,0.3324688021396013,0,-0.5,0.45925407459254075,1,,,,
auroc_dom2_sd_mean,log_m_general,9,-0.18333333333333332,0.6461353864613538,,,0.6015258448293243,0.2497957591837309,0.8369122834215513,0.2833260311920136,0,-0.9000000000000001,0.0836916308369163,1,,,,
r1_mean,log_m_general,9,-0.31666666666666665,0.4136586341365863,,,0.6015258448293243,0.2497957591837309,0.6821156486582329,0.2672571943376473,0,-0.5,0.45925407459254075,1,,,,
auroc_ID_k2_mean_C1,log_m_general,9,-0.39999999999999997,0.29347065293470653,,,0.6015258448293243,0.2497957591837309,0.6268257728767864,0.33258012365312634,0,-0.5,0.45925407459254075,1,,,,
auroc_ID_k4_mean_C1,log_m_general,9,-0.3166666666666666,0.40705929407059294,,,0.6015258448293243,0.2497957591837309,0.6301691646974161,0.3410555321740174,0,-0.5,0.45925407459254075,1,,,,
auroc_ID_k8_mean_C1,log_m_general,9,-0.4833333333333333,0.19928007199280073,,,0.6015258448293243,0.2497957591837309,0.630710071856895,0.31840611051904266,0,-0.6000000000000001,0.35576442355764426,1,,,,
auroc_ID_k16_mean_C1,log_m_general,9,-0.4833333333333333,0.19928007199280073,,,0.6015258448293243,0.2497957591837309,0.6188700551864811,0.3060140798418346,0,-0.6000000000000001,0.35576442355764426,1,,,,
auroc_ID_k32_mean_C1,log_m_general,9,-0.3833333333333333,0.3170682931706829,,,0.6015258448293243,0.2497957591837309,0.6374950902202701,0.29310638595488486,0,-0.5,0.45925407459254075,1,,,,
auroc_ID_k64_mean_C1,log_m_general,9,-0.35,0.35866413358664134,,,0.6015258448293243,0.2497957591837309,0.6248607580840039,0.27279466651716344,0,-0.5,0.45925407459254075,1,,,,
auroc_ID_k128_mean_C1,log_m_general,7,-0.4642857142857142,0.3030696930306969,,,0.5394623693241256,0.37226570412722926,0.5270615601825367,0.39608952433725136,0,-0.7000000000000001,0.23977602239776022,1,,,,
auroc_ID_k256_mean_C1,log_m_general,1,,,,,,,,,,,,,,,,
m_ID_mean_C1,log_m_general,9,0.39999999999999997,0.29557044295570445,,,0.6015258448293243,0.2497957591837309,0.6546799606548395,0.28676154064876486,0,0.6000000000000001,0.35096490350964904,1,,,,
log_m_ID_mean_C1,log_m_general,9,0.39999999999999997,0.29557044295570445,,,0.6015258448293243,0.2497957591837309,0.6271891383835092,0.3310521430510921,0,0.6000000000000001,0.35096490350964904,1,,,,
n90_ID_mean_C1,log_m_general,9,0.16666666666666657,0.68003199680032,,,0.6015258448293243,0.2497957591837309,0.6804681657373823,0.270040398352271,0,0.1,0.9495050494950505,1,,,,
log_n90_ID_mean_C1,log_m_general,9,0.16666666666666657,0.68003199680032,,,0.6015258448293243,0.2497957591837309,0.6900593769513613,0.2797473035562022,0,0.1,0.9495050494950505,1,,,,
U_ID_mean_C1,log_m_general,9,0.033903175181040496,0.9486051394860514,,,0.6015258448293243,0.2497957591837309,0.6122700481681536,0.27692949580331794,0,-0.20519567041703085,0.7417258274172582,0,,,,
k_ID_mean_C1,log_m_general,9,0.5958795715311239,0.0988901109889011,,,0.6015258448293243,0.2497957591837309,0.6204464171524947,0.3304723720290229,0,0.872081599272381,0.09829017098290171,1,,,,
gain_obs_ID_mean_C1,log_m_general,9,-0.01666666666666669,0.9822017798220178,,,0.6015258448293243,0.2497957591837309,0.6577139319007024,0.21262736216496014,0,-0.3000000000000001,0.6857314268573143,1,,,,
flat_ID_mean_C1,log_m_general,9,,,,,,,,,,,,,,,,
rmse_ID_mean_C1,log_m_general,9,-0.3,0.43645635436456354,,,0.6015258448293243,0.2497957591837309,0.6775182243762823,0.36213062606528795,0,0.7,0.23737626237376264,0,,,,
n_sizes_ID_mean_C1,log_m_general,9,0.3286878675669581,0.40875912408759124,,,0.6015258448293243,0.2497957591837309,0.678008593752801,0.355993003798955,0,,,,,,,
auroc_ID_k2_mean_C0.1,log_m_general,9,-0.39999999999999997,0.29347065293470653,,,0.6015258448293243,0.2497957591837309,0.628070795915308,0.3330480477264999,0,-0.5,0.45925407459254075,1,,,,
auroc_ID_k4_mean_C0.1,log_m_general,9,-0.31666666666666665,0.4136586341365863,,,0.6015258448293243,0.2497957591837309,0.6339262297460525,0.3348995255619389,0,-0.5,0.45925407459254075,1,,,,
auroc_ID_k8_mean_C0.1,log_m_general,9,-0.4833333333333333,0.19928007199280073,,,0.6015258448293243,0.2497957591837309,0.6310224399120823,0.31707336002038633,0,-0.6000000000000001,0.35576442355764426,1,,,,
auroc_ID_k16_mean_C0.1,log_m_general,9,-0.3833333333333333,0.3170682931706829,,,0.6015258448293243,0.2497957591837309,0.6401359877744512,0.30622032284898437,0,-0.5,0.45925407459254075,1,,,,
auroc_ID_k32_mean_C0.1,log_m_general,9,-0.4666666666666667,0.21947805219478053,,,0.6015258448293243,0.2497957591837309,0.6321633254868895,0.2880713502060714,0,-0.5,0.45925407459254075,1,,,,
auroc_ID_k64_mean_C0.1,log_m_general,9,-0.3166666666666666,0.40705929407059294,,,0.6015258448293243,0.2497957591837309,0.653717584410685,0.273294298419076,0,-0.5,0.45925407459254075,1,,,,
auroc_ID_k128_mean_C0.1,log_m_general,7,-0.4285714285714285,0.3518648135186481,,,0.5394623693241256,0.37226570412722926,0.5264730962419898,0.39080229657638915,0,-0.6,0.35536446355364465,1,,,,
auroc_ID_k256_mean_C0.1,log_m_general,1,,,,,,,,,,,,,,,,
m_ID_mean_C0.1,log_m_general,9,0.563045090566732,0.12738726127387262,,,0.6015258448293243,0.2497957591837309,0.5155973992817501,0.27373208651014835,0,0.5642880936468347,0.40815918408159185,1,,,,
log_m_ID_mean_C0.1,log_m_general,9,0.563045090566732,0.12738726127387262,,,0.6015258448293243,0.2497957591837309,0.5809437391591573,0.3168969371771905,0,0.5642880936468347,0.40815918408159185,1,,,,
n90_ID_mean_C0.1,log_m_general,9,0.5666666666666665,0.12768723127687232,,,0.6015258448293243,0.2497957591837309,0.5164614353747616,0.29474852598452894,0,0.9000000000000001,0.0836916308369163,1,,,,
log_n90_ID_mean_C0.1,log_m_general,9,0.5666666666666665,0.12768723127687232,,,0.6015258448293243,0.2497957591837309,0.4867389764053209,0.286725694192454,0,0.9000000000000001,0.0836916308369163,1,,,,
U_ID_mean_C0.1,log_m_general,9,0.09205101496312948,0.8184181581841816,,,0.6015258448293243,0.2497957591837309,0.7134529278966331,0.27256754510277204,0,-0.5642880936468347,0.4052594740525947,0,,,,
k_ID_mean_C0.1,log_m_general,9,0.36820405985251814,0.32766723327667235,,,0.6015258448293243,0.2497957591837309,0.7144666782773507,0.2735693529635258,0,0.6000000000000001,0.35096490350964904,1,,,,
gain_obs_ID_mean_C0.1,log_m_general,9,0.15,0.7128287171282872,,,0.6015258448293243,0.2497957591837309,0.671615113455389,0.22976537392858504,0,-0.3,0.6841315868413159,0,,,,
flat_ID_mean_C0.1,log_m_general,9,,,,,,,,,,,,,,,,
rmse_ID_mean_C0.1,log_m_general,9,-0.25,0.5214478552144786,,,0.6015258448293243,0.2497957591837309,0.6367458806071168,0.28694286941333075,0,0.30000000000000004,0.6836316368363163,0,,,,
n_sizes_ID_mean_C0.1,log_m_general,9,0.3286878675669581,0.40875912408759124,,,0.6015258448293243,0.2497957591837309,0.678008593752801,0.355993003798955,0,,,,,,,
auroc_pca_d1_mean,log_m_general,9,-0.5666666666666667,0.12018798120187982,,,0.6015258448293243,0.2497957591837309,0.590291227872177,0.32012369152883985,0,0.10000000000000003,0.9512048795120488,0,,,,
auroc_pca_d2_mean,log_m_general,9,-0.44999999999999996,0.23447655234476553,,,0.6015258448293243,0.2497957591837309,0.6383355213138702,0.33264819189374367,0,-0.5,0.45925407459254075,1,,,,
auroc_pca_d4_mean,log_m_general,9,-0.4666666666666667,0.21377862213778623,,,0.6015258448293243,0.2497957591837309,0.6236001471747687,0.32666916783559724,0,-0.10000000000000003,0.9528047195280472,1,,,,
auroc_pca_d8_mean,log_m_general,9,-0.3333333333333333,0.38746125387461255,,,0.6015258448293243,0.2497957591837309,0.6549557900759501,0.3081352397328699,0,-0.6,0.35536446355364465,1,,,,
auroc_pca_d16_mean,log_m_general,9,-0.18333333333333338,0.6466353364663534,,,0.6015258448293243,0.2497957591837309,0.6668804041691015,0.3041078837470412,0,-0.5,0.45925407459254075,1,,,,
auroc_pca_d32_mean,log_m_general,9,-0.3833333333333333,0.3170682931706829,,,0.6015258448293243,0.2497957591837309,0.6550363391649511,0.29045308934930686,0,-0.5,0.45925407459254075,1,,,,
auroc_pca_d64_mean,log_m_general,9,-0.3333333333333333,0.3852614738526147,,,0.6015258448293243,0.2497957591837309,0.6673258828652755,0.2913581169052588,0,-0.6000000000000001,0.35096490350964904,1,,,,
auroc_pca_d128_mean,log_m_general,7,-0.4642857142857142,0.3030696930306969,,,0.5394623693241256,0.37226570412722926,0.5327247290043805,0.3885967402674409,0,-0.7000000000000001,0.23977602239776022,1,,,,
auroc_pca_d256_mean,log_m_general,1,,,,,,,,,,,,,,,,
d95_mean,log_m_general,9,0.3027650354097492,0.43175682431756823,,,0.6015258448293243,0.2497957591837309,0.7346131401443422,0.2610998698333577,0,0.3535533905932738,0.8006199380061993,1,,,,
log_d95_mean,log_m_general,9,0.3027650354097492,0.43175682431756823,,,0.6015258448293243,0.2497957591837309,0.6791945080353519,0.31467398919255435,0,0.3535533905932738,0.8006199380061993,1,,,,
d90_mean,log_m_general,9,0.1584236068762679,0.6787321267873213,,,0.6015258448293243,0.2497957591837309,9.945838518757716,5.64443082216529,0,,,,,,,
log_d90_mean,log_m_general,9,0.1584236068762679,0.6787321267873213,,,0.6015258448293243,0.2497957591837309,0.7372445898110059,0.4418233227820789,0,,,,,,,
fisher_dom_mean,log_m_general,9,-0.26666666666666666,0.49165083491650835,,,0.6015258448293243,0.2497957591837309,0.6709591770681158,0.2836972838951821,0,-0.3,0.6841315868413159,1,,,,
cos_centroid_mean,log_m_general,9,0.11666666666666672,0.7782221777822218,,,0.6015258448293243,0.2497957591837309,0.6631052490997604,0.3720422179928361,0,0.10000000000000003,0.9528047195280472,1,,,,
pr_within_mean,log_m_general,9,5.551115123125783e-17,1.0,,,0.6015258448293243,0.2497957591837309,0.78505976292541,0.2517108475621554,0,-0.2,0.7868213178682132,0,,,,
cos_within_mean,log_m_general,9,-0.3333333333333332,0.38976102389761025,,,0.6015258448293243,0.2497957591837309,0.6986545498637374,0.27511048094065527,0,-0.7000000000000001,0.23077692230776922,1,,,,
cos_between_mean,log_m_general,9,-0.3666666666666666,0.3401659834016598,,,0.6015258448293243,0.2497957591837309,0.6869720521130728,0.279037569983457,0,-0.7000000000000001,0.23077692230776922,1,,,,
cos_gap_mean,log_m_general,9,-0.1833333333333333,0.6465353464653535,,,0.6015258448293243,0.2497957591837309,0.6664159171694147,0.41124218489841013,0,-0.5,0.45925407459254075,1,,,,
centroid_dist_rel_mean,log_m_general,9,-0.3166666666666666,0.40705929407059294,,,0.6015258448293243,0.2497957591837309,0.6254816638046039,0.3674470660278951,0,-0.5,0.45925407459254075,1,,,,
pair_within_rel_mean,log_m_general,8,-0.11904761904761904,0.7884211578842116,,,0.5582786600034456,0.2662846029106258,0.6240000883562034,0.3941829573121074,0,-0.6,0.35536446355364465,1,,,,
auroc_full_last,log_m_general,9,0.28452131897694577,0.44765523447655237,,,0.6015258448293243,0.2497957591837309,0.7350591411413272,0.2968880527089357,0,0.30000000000000004,0.6858314168583142,1,,,,
auroc_dom_last,log_m_general,9,0.16666666666666663,0.674032596740326,,,0.6015258448293243,0.2497957591837309,0.9448706999898905,0.3099000959872898,0,0.30000000000000004,0.6858314168583142,1,,,,
auroc_dom2_last,log_m_general,9,0.15000000000000002,0.7064293570642936,,,0.6015258448293243,0.2497957591837309,0.8832547788004236,0.2413168868545043,0,0.6000000000000001,0.3501649835016498,1,,,,
auroc_dom2_sd_last,log_m_general,9,-0.016666666666666635,0.9831016898310169,,,0.6015258448293243,0.2497957591837309,0.798976515335243,0.24343505142070998,0,0.2,0.7868213178682132,0,,,,
r1_last,log_m_general,9,0.21666666666666667,0.5786421357864213,,,0.6015258448293243,0.2497957591837309,0.8875847471907916,0.25563041828737865,0,0.6000000000000001,0.3501649835016498,1,,,,
auroc_ID_k2_last_C1,log_m_general,9,0.06666666666666668,0.8815118488151185,,,0.6015258448293243,0.2497957591837309,0.8300926207256255,0.24808611116171964,0,0.4,0.5198480151984801,1,,,,
auroc_ID_k4_last_C1,log_m_general,9,0.1,0.8085191480851914,,,0.6015258448293243,0.2497957591837309,0.9109026704409019,0.24382663728518914,0,0.30000000000000004,0.6831316868313169,1,,,,
auroc_ID_k8_last_C1,log_m_general,9,0.11666666666666668,0.7685231476852314,,,0.6015258448293243,0.2497957591837309,1.0484357092219099,0.24930604872051812,0,0.6000000000000001,0.3501649835016498,1,,,,
auroc_ID_k16_last_C1,log_m_general,9,0.11666666666666668,0.7685231476852314,,,0.6015258448293243,0.2497957591837309,1.1055774536070453,0.2919137442450193,0,0.6000000000000001,0.3501649835016498,1,,,,
auroc_ID_k32_last_C1,log_m_general,9,0.08333333333333329,0.8428157184281572,,,0.6015258448293243,0.2497957591837309,1.0657545988455075,0.32535401676760844,0,0.30000000000000004,0.6858314168583142,1,,,,
auroc_ID_k64_last_C1,log_m_general,9,0.19999999999999996,0.6088391160883911,,,0.6015258448293243,0.2497957591837309,0.8864918639205459,0.36973224934678484,0,0.30000000000000004,0.6858314168583142,1,,,,
auroc_ID_k128_last_C1,log_m_general,7,0.2857142857142857,0.5593440655934406,,,0.5394623693241256,0.37226570412722926,0.8801019096183174,0.5380577319498855,0,0.30000000000000004,0.6858314168583142,1,,,,
auroc_ID_k256_last_C1,log_m_general,1,,,,,,,,,,,,,,,,
m_ID_last_C1,log_m_general,9,-0.06846531968814575,0.8881111888811118,,,0.6015258448293243,0.2497957591837309,13.012316105173568,2.1798183356474894,0,0.3535533905932738,0.8006199380061993,0,,,,
log_m_ID_last_C1,log_m_general,9,-0.06846531968814575,0.8881111888811118,,,0.6015258448293243,0.2497957591837309,4.234930857829044,0.7749302180471258,0,0.3535533905932738,0.8006199380061993,0,,,,
n90_ID_last_C1,log_m_general,9,0.21009145170400445,0.5784421557844216,,,0.6015258448293243,0.2497957591837309,11.256927042768057,1.3406010384555278,0,-0.6000000000000001,0.3501649835016498,0,,,,
log_n90_ID_last_C1,log_m_general,9,0.21009145170400445,0.5784421557844216,,,0.6015258448293243,0.2497957591837309,1.3012168966904294,0.24838021281874598,0,-0.6000000000000001,0.3501649835016498,0,,,,
U_ID_last_C1,log_m_general,9,-0.13333333333333336,0.7441255874412559,,,0.6015258448293243,0.2497957591837309,0.7526718652166912,0.3107616706694577,0,0.4,0.5214478552144786,0,,,,
k_ID_last_C1,log_m_general,9,-0.21009145170400445,0.5784421557844216,,,0.6015258448293243,0.2497957591837309,0.7317945787056295,0.26013392801195834,0,0.6000000000000001,0.3501649835016498,0,,,,
gain_obs_ID_last_C1,log_m_general,9,0.06666666666666662,0.8781121887811218,,,0.6015258448293243,0.2497957591837309,0.7021113050877513,0.25470293617967177,0,-0.4,0.5198480151984801,0,,,,
flat_ID_last_C1,log_m_general,9,,,,,,,,,,,,,,,,
rmse_ID_last_C1,log_m_general,9,0.06666666666666668,0.8832116788321168,,,0.6015258448293243,0.2497957591837309,0.9621355848020128,0.23663618735687844,0,0.0,1.0,0,,,,
n_sizes_ID_last_C1,log_m_general,9,0.3286878675669581,0.40875912408759124,,,0.6015258448293243,0.2497957591837309,0.678008593752801,0.355993003798955,0,,,,,,,
auroc_ID_k2_last_C0.1,log_m_general,9,0.04999999999999996,0.9112088791120888,,,0.6015258448293243,0.2497957591837309,0.7856161155192839,0.23953647144987922,0,0.0,1.0,0,,,,
auroc_ID_k4_last_C0.1,log_m_general,9,0.15000000000000002,0.7064293570642936,,,0.6015258448293243,0.2497957591837309,0.8924443924154348,0.23948171671439075,0,0.6000000000000001,0.3501649835016498,1,,,,
auroc_ID_k8_last_C0.1,log_m_general,9,0.11666666666666668,0.7685231476852314,,,0.6015258448293243,0.2497957591837309,1.0237473897827833,0.2510123309887525,0,0.6000000000000001,0.3501649835016498,1,,,,
auroc_ID_k16_last_C0.1,log_m_general,9,0.11666666666666668,0.7685231476852314,,,0.6015258448293243,0.2497957591837309,1.0821631004793726,0.2843425340859104,0,0.6000000000000001,0.3501649835016498,1,,,,
auroc_ID_k32_last_C0.1,log_m_general,9,0.16666666666666663,0.674032596740326,,,0.6015258448293243,0.2497957591837309,1.0382491456148695,0.34713321337446057,0,0.30000000000000004,0.6858314168583142,1,,,,
auroc_ID_k64_last_C0.1,log_m_general,9,0.19999999999999996,0.6088391160883911,,,0.6015258448293243,0.2497957591837309,0.8919998553767136,0.3479409174334893,0,0.30000000000000004,0.6858314168583142,1,,,,
auroc_ID_k128_last_C0.1,log_m_general,7,0.2857142857142857,0.5593440655934406,,,0.5394623693241256,0.37226570412722926,0.8868664231517217,0.5435679794320053,0,0.30000000000000004,0.6858314168583142,1,,,,
auroc_ID_k256_last_C0.1,log_m_general,1,,,,,,,,,,,,,,,,
m_ID_last_C0.1,log_m_general,9,-0.0896421457000796,0.8284171582841716,,,0.6015258448293243,0.2497957591837309,3.277516251264971,0.26141226985954236,0,-0.28867513459481287,0.7998200179982001,1,,,,
log_m_ID_last_C0.1,log_m_general,9,-0.0896421457000796,0.8284171582841716,,,0.6015258448293243,0.2497957591837309,1.7363202068685255,0.2644311747450146,0,-0.28867513459481287,0.7998200179982001,1,,,,
n90_ID_last_C0.1,log_m_general,9,-0.050000000000000044,0.9119088091190881,,,0.6015258448293243,0.2497957591837309,1.8072326185008705,0.40493744498749906,0,-1.0,0.016698330166983303,1,,,,
log_n90_ID_last_C0.1,log_m_general,9,-0.050000000000000044,0.9119088091190881,,,0.6015258448293243,0.2497957591837309,0.9475124369348011,0.2383546737586952,0,-1.0,0.016698330166983303,1,,,,
U_ID_last_C0.1,log_m_general,9,0.0666666666666666,0.882011798820118,,,0.6015258448293243,0.2497957591837309,0.6340462433384629,0.24295515222248887,0,-0.7000000000000001,0.23977602239776022,0,,,,
k_ID_last_C0.1,log_m_general,9,0.016736548175114496,0.973002699730027,,,0.6015258448293243,0.2497957591837309,0.6892764143557406,0.2561453398137764,0,0.8207826816681233,0.1326867313268673,1,,,,
gain_obs_ID_last_C0.1,log_m_general,9,-0.08333333333333331,0.8435156484351565,,,0.6015258448293243,0.2497957591837309,0.7068437670668658,0.2461385794853141,0,-0.2,0.7903209679032097,1,,,,
flat_ID_last_C0.1,log_m_general,9,,,,,,,,,,,,,,,,
rmse_ID_last_C0.1,log_m_general,9,-0.09999999999999998,0.808019198080192,,,0.6015258448293243,0.2497957591837309,0.7228893850151613,0.2289304128109506,0,-0.30000000000000004,0.6858314168583142,1,,,,
n_sizes_ID_last_C0.1,log_m_general,9,0.3286878675669581,0.40875912408759124,,,0.6015258448293243,0.2497957591837309,0.678008593752801,0.355993003798955,0,,,,,,,
auroc_pca_d1_last,log_m_general,9,-0.03333333333333324,0.9445055494450555,,,0.6015258448293243,0.2497957591837309,0.7195532182162561,0.2760582386761046,0,0.2,0.7836216378362164,0,,,,
auroc_pca_d2_last,log_m_general,9,0.15000000000000002,0.7064293570642936,,,0.6015258448293243,0.2497957591837309,0.8733003767035389,0.2581419324524337,0,0.6000000000000001,0.3501649835016498,1,,,,
auroc_pca_d4_last,log_m_general,9,0.033333333333333326,0.9462053794620537,,,0.6015258448293243,0.2497957591837309,1.0738803623977076,0.29814003138687534,0,0.6000000000000001,0.3501649835016498,1,,,,
auroc_pca_d8_last,log_m_general,9,0.20341905108624309,0.6076392360763924,,,0.6015258448293243,0.2497957591837309,1.1668222121315082,0.29263570265535466,0,0.4,0.5214478552144786,1,,,,
auroc_pca_d16_last,log_m_general,9,0.18646746349572282,0.6342365763423657,,,0.6015258448293243,0.2497957591837309,1.1609246616052147,0.40367351517501515,0,0.30000000000000004,0.6858314168583142,1,,,,
auroc_pca_d32_last,log_m_general,9,0.20889318714683738,0.5851414858514149,,,0.6015258448293243,0.2497957591837309,0.7331371820871891,0.3544025672895404,0,0.15389675281277312,0.8384161583841616,1,,,,
auroc_pca_d64_last,log_m_general,9,0.27852424952911653,0.46595340465953405,,,0.6015258448293243,0.2497957591837309,0.680756490317091,0.4388778321248333,0,0.15389675281277312,0.8384161583841616,1,,,,
auroc_pca_d128_last,log_m_general,7,0.11118739749916523,0.8393160683931606,,,0.5394623693241256,0.37226570412722926,1.053701764493659,0.6384465850793851,0,0.15389675281277312,0.8384161583841616,1,,,,
auroc_pca_d256_last,log_m_general,1,,,,,,,,,,,,,,,,
d95_last,log_m_general,9,-2.7755575615628914e-17,1.0,,,0.6015258448293243,0.2497957591837309,0.7837011212645741,0.24012365027180585,0,-0.46169025843831935,0.43095690430956907,1,,,,
log_d95_last,log_m_general,9,-2.7755575615628914e-17,1.0,,,0.6015258448293243,0.2497957591837309,0.7622547126731418,0.23939449779136657,0,-0.46169025843831935,0.43095690430956907,1,,,,
d90_last,log_m_general,9,-0.009174698042719698,0.9921007899210079,,,0.6015258448293243,0.2497957591837309,2.1964680957579596,0.5301541795390324,0,-0.5270462766947299,0.46515348465153483,1,,,,
log_d90_last,log_m_general,9,-0.009174698042719698,0.9921007899210079,,,0.6015258448293243,0.2497957591837309,0.9450642657385956,0.2442884226142116,0,-0.5270462766947299,0.46515348465153483,1,,,,
fisher_dom_last,log_m_general,9,0.033333333333333326,0.9462053794620537,,,0.6015258448293243,0.2497957591837309,0.7104109316002664,0.21329455726888355,0,0.6000000000000001,0.3501649835016498,1,,,,
cos_centroid_last,log_m_general,9,-0.23333333333333328,0.5396460353964604,,,0.6015258448293243,0.2497957591837309,0.6894119709387093,0.26100694866718965,0,-0.5,0.44885511448855114,1,,,,
pr_within_last,log_m_general,9,0.04999999999999993,0.9068093190680931,,,0.6015258448293243,0.2497957591837309,0.713680439708057,0.2653943617007665,0,0.09999999999999998,0.9525047495250475,1,,,,
cos_within_last,log_m_general,9,-0.08333333333333323,0.8481151884811519,,,0.6015258448293243,0.2497957591837309,0.7258723200505134,0.2762880977087124,0,-0.09999999999999998,0.95000499950005,1,,,,
cos_between_last,log_m_general,9,-0.0666666666666666,0.8851114888511149,,,0.6015258448293243,0.2497957591837309,0.7047415080663542,0.26849140958422607,0,-0.2,0.7836216378362164,1,,,,
cos_gap_last,log_m_general,9,0.09999999999999998,0.8025197480251974,,,0.6015258448293243,0.2497957591837309,0.7242202787997689,0.2624248577288893,0,0.2,0.7903209679032097,1,,,,
centroid_dist_rel_last,log_m_general,9,-0.1666666666666666,0.6753324667533247,,,0.6015258448293243,0.2497957591837309,0.846148431202036,0.2699052098052817,0,0.3,0.6876312368763123,0,,,,
pair_within_rel_last,log_m_general,8,-0.6666666666666665,0.0832916708329167,,,0.5582786600034456,0.2662846029106258,0.3051935625328932,0.2915749326849765,0,0.30000000000000004,0.6858314168583142,0,,,,
n_rows,log_m_llm,6,-0.11595420713048966,0.8382161783821618,,,0.3167270954750215,0.15937003599995947,0.41346015289070615,71.32045834269988,0,,,,,,,
frac_positive,log_m_llm,6,,,,,,,,,,,,,,,,
mean_tokens,log_m_llm,6,0.08571428571428569,0.9184081591840816,,,0.3167270954750215,0.15937003599995947,0.4167803503429951,0.6217004353962821,0,,,,,,,
median_tokens,log_m_llm,6,0.08571428571428569,0.9184081591840816,,,0.3167270954750215,0.15937003599995947,0.4504956044791191,0.5938872551123371,0,,,,,,,
frac_truncated,log_m_llm,6,-0.3718678720805473,0.46415358464153583,,,0.3167270954750215,0.15937003599995947,6.201108007532826,0.15961979453791814,0,,,,,,,
mean_turns,log_m_llm,6,0.2648204488514248,0.6724327567243276,,,0.3167270954750215,0.15937003599995947,0.46391978048189336,0.37850912528299835,0,,,,,,,
paired,log_m_llm,6,0.2927700218845599,0.7044295570442956,,,0.3167270954750215,0.15937003599995947,0.3188787623288295,0.23600915239464518,0,,,,,,,
n_pairs,log_m_llm,6,0.5554920598635308,0.2612738726127387,,,0.3167270954750215,0.15937003599995947,0.2522432134713445,0.27875600193823197,0,,,,,,,
auroc_full_mean,log_m_llm,6,0.14285714285714285,0.8075192480751925,,,0.3167270954750215,0.15937003599995947,0.40041427924304845,0.13227059682094733,0,,,,,,,
auroc_dom_mean,log_m_llm,6,-0.02857142857142858,1.0,,,0.3167270954750215,0.15937003599995947,0.3783931663932062,0.24705962465395734,0,,,,,,,
auroc_dom2_mean,log_m_llm,6,-0.2571428571428571,0.655034496550345,,,0.3167270954750215,0.15937003599995947,0.3302618147163402,0.17556508725119171,0,,,,,,,
auroc_dom2_sd_mean,log_m_llm,6,0.48571428571428565,0.35096490350964904,,,0.3167270954750215,0.15937003599995947,0.3391904666188478,0.21093455889424825,0,,,,,,,
r1_mean,log_m_llm,6,-0.02857142857142858,1.0,,,0.3167270954750215,0.15937003599995947,0.39897224250116087,0.252077720367008,0,,,,,,,
auroc_ID_k2_mean_C1,log_m_llm,6,-0.2571428571428571,0.655034496550345,,,0.3167270954750215,0.15937003599995947,0.3279523411612152,0.2252459167332098,0,,,,,,,
auroc_ID_k4_mean_C1,log_m_llm,6,-0.2571428571428571,0.655034496550345,,,0.3167270954750215,0.15937003599995947,0.3251883041727847,0.18503317089502921,0,,,,,,,
auroc_ID_k8_mean_C1,log_m_llm,6,-0.2571428571428571,0.655034496550345,,,0.3167270954750215,0.15937003599995947,0.3302224067585631,0.15375110670552644,0,,,,,,,
auroc_ID_k16_mean_C1,log_m_llm,6,-0.2571428571428571,0.655034496550345,,,0.3167270954750215,0.15937003599995947,0.32312228623223793,0.14950215369540276,0,,,,,,,
auroc_ID_k32_mean_C1,log_m_llm,6,-0.2571428571428571,0.655034496550345,,,0.3167270954750215,0.15937003599995947,0.3308674790191729,0.1506223020793629,0,,,,,,,
auroc_ID_k64_mean_C1,log_m_llm,6,-0.2571428571428571,0.655034496550345,,,0.3167270954750215,0.15937003599995947,0.32651524142559896,0.13765629270848567,0,,,,,,,
auroc_ID_k128_mean_C1,log_m_llm,4,,,,,,,,,,,,,,,,
auroc_ID_k256_mean_C1,log_m_llm,2,,,,,,,,,,,,,,,,
m_ID_mean_C1,log_m_llm,6,0.2571428571428571,0.655034496550345,,,0.3167270954750215,0.15937003599995947,0.32942959967178437,0.3153190767235113,0,,,,,,,
log_m_ID_mean_C1,log_m_llm,6,0.2571428571428571,0.655034496550345,,,0.3167270954750215,0.15937003599995947,0.32259490162247495,0.1487297882617492,0,,,,,,,
n90_ID_mean_C1,log_m_llm,6,0.19999999999999993,0.7134286571342866,,,0.3167270954750215,0.15937003599995947,0.3268751332816057,0.19173086990427093,0,,,,,,,
log_n90_ID_mean_C1,log_m_llm,6,0.19999999999999993,0.7134286571342866,,,0.3167270954750215,0.15937003599995947,0.3209446321043053,0.21084406729534066,0,,,,,,,
U_ID_mean_C1,log_m_llm,6,-0.08571428571428569,0.92000799920008,,,0.3167270954750215,0.15937003599995947,0.5172435619850159,0.2262170750644023,0,,,,,,,
k_ID_mean_C1,log_m_llm,6,0.17654696590094987,0.7674232576742326,,,0.3167270954750215,0.15937003599995947,0.34407007788540694,0.2355561213936963,0,,,,,,,
gain_obs_ID_mean_C1,log_m_llm,6,0.7714285714285714,0.096990300969903,,,0.3167270954750215,0.15937003599995947,0.2854583167352838,0.19234198949148784,0,,,,,,,
flat_ID_mean_C1,log_m_llm,6,,,,,,,,,,,,,,,,
rmse_ID_mean_C1,log_m_llm,6,-0.0857142857142857,0.9238076192380762,,,0.3167270954750215,0.15937003599995947,0.3631730691317892,0.12638428868697005,0,,,,,,,
n_sizes_ID_mean_C1,log_m_llm,6,-1.3877787807814457e-17,1.0,,,0.3167270954750215,0.15937003599995947,0.36515849489650976,0.15937003599995916,0,,,,,,,
auroc_ID_k2_mean_C0.1,log_m_llm,6,-0.2571428571428571,0.655034496550345,,,0.3167270954750215,0.15937003599995947,0.32275113042715387,0.22305049555944895,0,,,,,,,
auroc_ID_k4_mean_C0.1,log_m_llm,6,-0.02857142857142858,1.0,,,0.3167270954750215,0.15937003599995947,0.33221832300358045,0.17120158610300382,0,,,,,,,
auroc_ID_k8_mean_C0.1,log_m_llm,6,-0.2571428571428571,0.655034496550345,,,0.3167270954750215,0.15937003599995947,0.32457238417299533,0.1591119274898218,0,,,,,,,
auroc_ID_k16_mean_C0.1,log_m_llm,6,-0.2571428571428571,0.655034496550345,,,0.3167270954750215,0.15937003599995947,0.33820495682908197,0.1512158274117139,0,,,,,,,
auroc_ID_k32_mean_C0.1,log_m_llm,6,-0.2571428571428571,0.655034496550345,,,0.3167270954750215,0.15937003599995947,0.32461149072321477,0.1621621175592243,0,,,,,,,
auroc_ID_k64_mean_C0.1,log_m_llm,6,-0.2571428571428571,0.655034496550345,,,0.3167270954750215,0.15937003599995947,0.35807650075001574,0.14902731662300653,0,,,,,,,
auroc_ID_k128_mean_C0.1,log_m_llm,4,,,,,,,,,,,,,,,,
auroc_ID_k256_mean_C0.1,log_m_llm,2,,,,,,,,,,,,,,,,
m_ID_mean_C0.1,log_m_llm,6,0.5428571428571427,0.2950704929507049,,,0.3167270954750215,0.15937003599995947,0.24034174187809396,0.15908782591817666,0,,,,,,,
log_m_ID_mean_C0.1,log_m_llm,6,0.5428571428571427,0.2950704929507049,,,0.3167270954750215,0.15937003599995947,0.27771665860302075,0.16241601573279457,0,,,,,,,
n90_ID_mean_C0.1,log_m_llm,6,0.5999999999999999,0.24297570242975702,,,0.3167270954750215,0.15937003599995947,0.41214192343902667,0.5290817559502274,0,,,,,,,
log_n90_ID_mean_C0.1,log_m_llm,6,0.5999999999999999,0.24297570242975702,,,0.3167270954750215,0.15937003599995947,0.35135334332696594,0.8118201913100002,0,,,,,,,
U_ID_mean_C0.1,log_m_llm,6,0.48571428571428565,0.3581641835816418,,,0.3167270954750215,0.15937003599995947,0.39741790887823786,0.15115518433047184,0,,,,,,,
k_ID_mean_C0.1,log_m_llm,6,0.08827348295047494,0.9362063793620637,,,0.3167270954750215,0.15937003599995947,0.3827683583962182,0.18074995964120683,0,,,,,,,
gain_obs_ID_mean_C0.1,log_m_llm,6,0.7714285714285714,0.0988901109889011,,,0.3167270954750215,0.15937003599995947,0.32841872789884696,0.1409334071555818,0,,,,,,,
flat_ID_mean_C0.1,log_m_llm,6,,,,,,,,,,,,,,,,
rmse_ID_mean_C0.1,log_m_llm,6,0.08571428571428572,0.9192080791920808,,,0.3167270954750215,0.15937003599995947,0.35925811819649167,0.19932792831624094,0,,,,,,,
n_sizes_ID_mean_C0.1,log_m_llm,6,-1.3877787807814457e-17,1.0,,,0.3167270954750215,0.15937003599995947,0.36515849489650976,0.15937003599995916,0,,,,,,,
auroc_pca_d1_mean,log_m_llm,6,-0.5428571428571427,0.2950704929507049,,,0.3167270954750215,0.15937003599995947,0.3021607764974279,0.16351442445159778,0,,,,,,,
auroc_pca_d2_mean,log_m_llm,6,-0.2571428571428571,0.655034496550345,,,0.3167270954750215,0.15937003599995947,0.3257789633062867,0.1464342795820341,0,,,,,,,
auroc_pca_d4_mean,log_m_llm,6,-0.2571428571428571,0.655034496550345,,,0.3167270954750215,0.15937003599995947,0.31579957886775956,0.15041284882134456,0,,,,,,,
auroc_pca_d8_mean,log_m_llm,6,-0.02857142857142858,1.0,,,0.3167270954750215,0.15937003599995947,0.34342542661636777,0.3035397272990927,0,,,,,,,
auroc_pca_d16_mean,log_m_llm,6,-0.02857142857142858,1.0,,,0.3167270954750215,0.15937003599995947,0.34584614148963005,0.3464736149285686,0,,,,,,,
auroc_pca_d32_mean,log_m_llm,6,-0.2571428571428571,0.655034496550345,,,0.3167270954750215,0.15937003599995947,0.34049652477871173,0.4342080076622182,0,,,,,,,
auroc_pca_d64_mean,log_m_llm,6,-0.02857142857142858,1.0,,,0.3167270954750215,0.15937003599995947,0.3462975038171509,0.5018005858968811,0,,,,,,,
auroc_pca_d128_mean,log_m_llm,4,,,,,,,,,,,,,,,,
auroc_pca_d256_mean,log_m_llm,2,,,,,,,,,,,,,,,,
d95_mean,log_m_llm,6,0.05797710356524481,0.9328067193280672,,,0.3167270954750215,0.15937003599995947,9.614141853358095,0.173357479822316,0,,,,,,,
log_d95_mean,log_m_llm,6,0.05797710356524481,0.9328067193280672,,,0.3167270954750215,0.15937003599995947,0.5426757335643565,0.16086305108619614,0,,,,,,,
d90_mean,log_m_llm,6,0.05797710356524481,0.9328067193280672,,,0.3167270954750215,0.15937003599995947,9.539472239262684,0.1723008467797047,0,,,,,,,
log_d90_mean,log_m_llm,6,0.05797710356524481,0.9328067193280672,,,0.3167270954750215,0.15937003599995947,0.5041351203721035,0.16180987745565603,0,,,,,,,
fisher_dom_mean,log_m_llm,6,-0.14285714285714285,0.8025197480251974,,,0.3167270954750215,0.15937003599995947,0.38467424100376846,0.22244362942106571,0,,,,,,,
cos_centroid_mean,log_m_llm,6,-0.14285714285714285,0.8075192480751925,,,0.3167270954750215,0.15937003599995947,0.33440219355220524,0.17883431377238368,0,,,,,,,
pr_within_mean,log_m_llm,6,0.14285714285714285,0.8000199980002,,,0.3167270954750215,0.15937003599995947,0.33245527005377834,0.19060410299975095,0,,,,,,,
cos_within_mean,log_m_llm,6,-0.7142857142857142,0.13708629137086292,,,0.3167270954750215,0.15937003599995947,0.3394434598359888,0.12933751466909965,0,,,,,,,
cos_between_mean,log_m_llm,6,-0.7142857142857142,0.13708629137086292,,,0.3167270954750215,0.15937003599995947,0.34887759151951725,0.13490509043993734,0,,,,,,,
cos_gap_mean,log_m_llm,6,-0.2571428571428571,0.655034496550345,,,0.3167270954750215,0.15937003599995947,0.3259284535362753,0.2000789672051823,0,,,,,,,
centroid_dist_rel_mean,log_m_llm,6,-0.2571428571428571,0.655034496550345,,,0.3167270954750215,0.15937003599995947,0.3397590229412509,0.15486861091853504,0,,,,,,,
pair_within_rel_mean,log_m_llm,3,,,,,,,,,,,,,,,,
auroc_full_last,log_m_llm,6,0.11595420713048968,0.8462153784621538,,,0.3167270954750215,0.15937003599995947,0.3525591373255289,0.20479024179328495,0,,,,,,,
auroc_dom_last,log_m_llm,6,-0.02857142857142861,1.0,,,0.3167270954750215,0.15937003599995947,0.3466756581093164,0.1816691891077696,0,,,,,,,
auroc_dom2_last,log_m_llm,6,-0.02857142857142861,1.0,,,0.3167270954750215,0.15937003599995947,0.35726981135008706,0.2118670774385141,0,,,,,,,
auroc_dom2_sd_last,log_m_llm,6,0.1428571428571429,0.8092190780921907,,,0.3167270954750215,0.15937003599995947,0.39171212723936455,0.366015842490638,0,,,,,,,
r1_last,log_m_llm,6,-0.02857142857142861,1.0,,,0.3167270954750215,0.15937003599995947,0.3484534369902423,0.17837917869246628,0,,,,,,,
auroc_ID_k2_last_C1,log_m_llm,6,-0.02857142857142861,1.0,,,0.3167270954750215,0.15937003599995947,0.3930548280205783,0.2622226421845776,0,,,,,,,
auroc_ID_k4_last_C1,log_m_llm,6,-0.02857142857142861,1.0,,,0.3167270954750215,0.15937003599995947,0.35344706898953976,0.20903388455275632,0,,,,,,,
auroc_ID_k8_last_C1,log_m_llm,6,-0.02857142857142861,1.0,,,0.3167270954750215,0.15937003599995947,0.3400483127627685,0.18039495733094196,0,,,,,,,
auroc_ID_k16_last_C1,log_m_llm,6,-0.02857142857142861,1.0,,,0.3167270954750215,0.15937003599995947,0.3354468244402874,0.1750648366488394,0,,,,,,,
auroc_ID_k32_last_C1,log_m_llm,6,-0.02857142857142861,1.0,,,0.3167270954750215,0.15937003599995947,0.3497672034595816,0.18257448922524536,0,,,,,,,
auroc_ID_k64_last_C1,log_m_llm,6,-0.02857142857142861,1.0,,,0.3167270954750215,0.15937003599995947,0.38429308735028916,0.19811492992214508,0,,,,,,,
auroc_ID_k128_last_C1,log_m_llm,4,,,,,,,,,,,,,,,,
auroc_ID_k256_last_C1,log_m_llm,2,,,,,,,,,,,,,,,,
m_ID_last_C1,log_m_llm,6,-0.2125118592516207,0.7334266573342666,,,0.3167270954750215,0.15937003599995947,0.48579271895829895,0.3781214855911234,0,,,,,,,
log_m_ID_last_C1,log_m_llm,6,-0.2125118592516207,0.7334266573342666,,,0.3167270954750215,0.15937003599995947,0.3237569315651324,0.19298576906779943,0,,,,,,,
n90_ID_last_C1,log_m_llm,6,0.02857142857142861,1.0,,,0.3167270954750215,0.15937003599995947,0.6485080336792896,0.4514346191996511,0,,,,,,,
log_n90_ID_last_C1,log_m_llm,6,0.02857142857142861,1.0,,,0.3167270954750215,0.15937003599995947,0.3342815794515183,0.1791320752486585,0,,,,,,,
U_ID_last_C1,log_m_llm,6,-0.08571428571428569,0.9202079792020798,,,0.3167270954750215,0.15937003599995947,0.4821398962084791,12.67636321364056,0,,,,,,,
k_ID_last_C1,log_m_llm,6,-0.02857142857142861,1.0,,,0.3167270954750215,0.15937003599995947,0.4494936226721284,0.37180650174988744,0,,,,,,,
gain_obs_ID_last_C1,log_m_llm,6,0.02857142857142858,1.0,,,0.3167270954750215,0.15937003599995947,0.4573081196056033,0.28744335211290906,0,,,,,,,
flat_ID_last_C1,log_m_llm,6,,,,,,,,,,,,,,,,
rmse_ID_last_C1,log_m_llm,6,0.02857142857142861,1.0,,,0.3167270954750215,0.15937003599995947,0.3528856121672246,1.2682830397428988,0,,,,,,,
n_sizes_ID_last_C1,log_m_llm,6,-1.3877787807814457e-17,1.0,,,0.3167270954750215,0.15937003599995947,0.36515849489650976,0.15937003599995916,0,,,,,,,
auroc_ID_k2_last_C0.1,log_m_llm,6,-0.02857142857142861,1.0,,,0.3167270954750215,0.15937003599995947,0.3883711366617538,0.27738380345007535,0,,,,,,,
auroc_ID_k4_last_C0.1,log_m_llm,6,-0.02857142857142861,1.0,,,0.3167270954750215,0.15937003599995947,0.357645527984871,0.21722591225315904,0,,,,,,,
auroc_ID_k8_last_C0.1,log_m_llm,6,-0.02857142857142861,1.0,,,0.3167270954750215,0.15937003599995947,0.33796121700263543,0.17986741867034234,0,,,,,,,
auroc_ID_k16_last_C0.1,log_m_llm,6,-0.02857142857142861,1.0,,,0.3167270954750215,0.15937003599995947,0.33871316715307276,0.17565053962800453,0,,,,,,,
auroc_ID_k32_last_C0.1,log_m_llm,6,-0.02857142857142861,1.0,,,0.3167270954750215,0.15937003599995947,0.3516083721329329,0.1835757877699754,0,,,,,,,
auroc_ID_k64_last_C0.1,log_m_llm,6,-0.02857142857142861,1.0,,,0.3167270954750215,0.15937003599995947,0.3812562114609191,0.19795288393954305,0,,,,,,,
auroc_ID_k128_last_C0.1,log_m_llm,4,,,,,,,,,,,,,,,,
auroc_ID_k256_last_C0.1,log_m_llm,2,,,,,,,,,,,,,,,,
m_ID_last_C0.1,log_m_llm,6,0.15179418517972904,0.8332166783321668,,,0.3167270954750215,0.15937003599995947,1.0087223580902278,0.7400508096593302,0,,,,,,,
log_m_ID_last_C0.1,log_m_llm,6,0.15179418517972904,0.8332166783321668,,,0.3167270954750215,0.15937003599995947,0.3354216945524869,0.20029394269635808,0,,,,,,,
n90_ID_last_C0.1,log_m_llm,6,0.02857142857142861,1.0,,,0.3167270954750215,0.15937003599995947,3.940587008945906,1.975210929652022,0,,,,,,,
log_n90_ID_last_C0.1,log_m_llm,6,0.02857142857142861,1.0,,,0.3167270954750215,0.15937003599995947,0.35153886428306674,0.1755905126226959,0,,,,,,,
U_ID_last_C0.1,log_m_llm,6,-0.02857142857142861,1.0,,,0.3167270954750215,0.15937003599995947,0.34828691510213955,0.18276647603537963,0,,,,,,,
k_ID_last_C0.1,log_m_llm,6,0.08571428571428569,0.9209079092090791,,,0.3167270954750215,0.15937003599995947,0.5214219992957785,0.4407563156923073,0,,,,,,,
gain_obs_ID_last_C0.1,log_m_llm,6,0.02857142857142858,1.0,,,0.3167270954750215,0.15937003599995947,0.4441901859271104,0.28984949460821335,0,,,,,,,
flat_ID_last_C0.1,log_m_llm,6,,,,,,,,,,,,,,,,
rmse_ID_last_C0.1,log_m_llm,6,0.1428571428571429,0.8092190780921907,,,0.3167270954750215,0.15937003599995947,0.3617724836763041,0.5709037216205722,0,,,,,,,
n_sizes_ID_last_C0.1,log_m_llm,6,-1.3877787807814457e-17,1.0,,,0.3167270954750215,0.15937003599995947,0.36515849489650976,0.15937003599995916,0,,,,,,,
auroc_pca_d1_last,log_m_llm,6,-0.2571428571428571,0.6602339766023397,,,0.3167270954750215,0.15937003599995947,0.3937925950975502,0.2211462344277148,0,,,,,,,
auroc_pca_d2_last,log_m_llm,6,-0.02857142857142861,1.0,,,0.3167270954750215,0.15937003599995947,0.3547095076614658,0.17724799832650315,0,,,,,,,
auroc_pca_d4_last,log_m_llm,6,-0.02857142857142861,1.0,,,0.3167270954750215,0.15937003599995947,0.33928731262916095,0.17463171477837416,0,,,,,,,
auroc_pca_d8_last,log_m_llm,6,0.11595420713048968,0.8462153784621538,,,0.3167270954750215,0.15937003599995947,0.33489370548097885,0.18183103821218524,0,,,,,,,
auroc_pca_d16_last,log_m_llm,6,0.11595420713048968,0.8462153784621538,,,0.3167270954750215,0.15937003599995947,0.3254669799726919,0.17784364392145882,0,,,,,,,
auroc_pca_d32_last,log_m_llm,6,0.11595420713048968,0.8462153784621538,,,0.3167270954750215,0.15937003599995947,0.3769808415747857,0.20188582465605262,0,,,,,,,
auroc_pca_d64_last,log_m_llm,6,0.11595420713048968,0.8462153784621538,,,0.3167270954750215,0.15937003599995947,0.3997030414760478,0.22158644107084755,0,,,,,,,
auroc_pca_d128_last,log_m_llm,4,,,,,,,,,,,,,,,,
auroc_pca_d256_last,log_m_llm,2,,,,,,,,,,,,,,,,
d95_last,log_m_llm,6,-0.23190841426097933,0.6519348065193481,,,0.3167270954750215,0.15937003599995947,12.299157691925771,10.045626826815122,0,,,,,,,
log_d95_last,log_m_llm,6,-0.23190841426097933,0.6519348065193481,,,0.3167270954750215,0.15937003599995947,0.3516187295886302,0.17630581048274072,0,,,,,,,
d90_last,log_m_llm,6,-0.11595420713048968,0.8462153784621538,,,0.3167270954750215,0.15937003599995947,19.652747878403858,10.151504638870373,0,,,,,,,
log_d90_last,log_m_llm,6,-0.11595420713048968,0.8462153784621538,,,0.3167270954750215,0.15937003599995947,0.3786696858752743,0.17637972723420656,0,,,,,,,
fisher_dom_last,log_m_llm,6,-0.02857142857142861,1.0,,,0.3167270954750215,0.15937003599995947,0.473320334603631,0.45349344540241737,0,,,,,,,
cos_centroid_last,log_m_llm,6,-0.2571428571428571,0.658934106589341,,,0.3167270954750215,0.15937003599995947,0.3291950505049488,0.26883543939254423,0,,,,,,,
pr_within_last,log_m_llm,6,0.02857142857142858,1.0,,,0.3167270954750215,0.15937003599995947,0.3982533091439938,0.2527320851647243,0,,,,,,,
cos_within_last,log_m_llm,6,-0.028571428571428553,1.0,,,0.3167270954750215,0.15937003599995947,0.4076190790467169,0.13849069840103714,0,,,,,,,
cos_between_last,log_m_llm,6,-0.4285714285714285,0.42725727427257276,,,0.3167270954750215,0.15937003599995947,0.4037567909052869,0.0664506767481822,0,,,,,,,
cos_gap_last,log_m_llm,6,0.2571428571428571,0.658934106589341,,,0.3167270954750215,0.15937003599995947,0.3513158120952237,0.2722454413051103,0,,,,,,,
centroid_dist_rel_last,log_m_llm,6,-0.02857142857142861,1.0,,,0.3167270954750215,0.15937003599995947,0.4888826110478405,0.29331674798430557,0,,,,,,,
pair_within_rel_last,log_m_llm,3,,,,,,,,,,,,,,,,
n_rows,log_m_targeted,12,-0.405761411381899,0.19148085191480851,,,0.5205949184219174,0.5333258853156693,1.0446649936908716,0.8932582662351386,0,-0.8660254037844387,0.1994800519948005,1,,,,
frac_positive,log_m_targeted,12,,,,,,,,,,,,,,,,
mean_tokens,log_m_targeted,12,0.08186349431603618,0.8009199080091991,,,0.5205949184219174,0.5333258853156693,0.5735652759836681,0.7092899757384159,0,0.30000000000000004,0.6806319368063194,1,,,,
median_tokens,log_m_targeted,12,0.04982995306193508,0.8788121187881212,,,0.5205949184219174,0.5333258853156693,0.68486069334588,0.7048516236968781,0,0.30000000000000004,0.6806319368063194,1,,,,
frac_truncated,log_m_targeted,12,-0.420468944220563,0.18298170182981702,,,0.5205949184219174,0.5333258853156693,1.612645106638407,2.40104114966019,0,,,,,,,
mean_turns,log_m_targeted,12,0.19317851663438645,0.5435456454354565,,,0.5205949184219174,0.5333258853156693,0.5611896877205208,0.5722982498721697,0,0.8660254037844387,0.1994800519948005,1,,,,
paired,log_m_targeted,12,0.5994789404140899,0.04999500049995,,,0.5205949184219174,0.5333258853156693,0.4710984784026833,0.5531591254376681,1,,,,,,,
n_pairs,log_m_targeted,12,0.23818339295325844,0.43725627437256276,,,0.5205949184219174,0.5333258853156693,0.5733736247470076,0.6895439539820436,0,-0.6324555320336759,0.26477352264773524,0,,,,
auroc_full_mean,log_m_targeted,12,-0.5054180953424847,0.0974902509749025,,,0.5205949184219174,0.5333258853156693,0.5128980878915499,0.6269632616471503,1,-0.3,0.682031796820318,1,,,,
auroc_dom_mean,log_m_targeted,12,-0.6335522603588895,0.0301969803019698,,,0.5205949184219174,0.5333258853156693,0.37865346228146474,0.4747558895466288,1,-0.30000000000000004,0.6806319368063194,1,,,,
auroc_dom2_mean,log_m_targeted,12,-0.622874413274189,0.033396660333966606,,,0.5205949184219174,0.5333258853156693,0.424200936940654,0.5443309300893752,1,-0.30000000000000004,0.6806319368063194,1,,,,
auroc_dom2_sd_mean,log_m_targeted,12,-0.1993198122477405,0.5378462153784621,,,0.5205949184219174,0.5333258853156693,0.5151606744523378,0.5780786686312702,1,-0.4,0.5177482251774822,1,,,,
r1_mean,log_m_targeted,12,-0.7118564723133589,0.0110988901109889,,,0.5205949184219174,0.5333258853156693,0.40234725860939974,0.5086887650278206,1,-0.30000000000000004,0.6806319368063194,1,,,,
auroc_ID_k2_mean_C1,log_m_targeted,12,-0.5837223072969543,0.05069493050694931,,,0.5205949184219174,0.5333258853156693,0.43893345497079345,0.5440808807767926,1,-0.30000000000000004,0.6806319368063194,1,,,,
auroc_ID_k4_mean_C1,log_m_targeted,12,-0.605078001466355,0.040195980401959805,,,0.5205949184219174,0.5333258853156693,0.420184451799135,0.5455611147640084,1,-0.30000000000000004,0.6806319368063194,1,,,,
auroc_ID_k8_mean_C1,log_m_targeted,12,-0.6193151309126222,0.03569643035696431,,,0.5205949184219174,0.5333258853156693,0.41060726068589964,0.5286893614286525,1,-0.10000000000000003,0.9505049495050495,1,,,,
auroc_ID_k16_mean_C1,log_m_targeted,12,-0.605078001466355,0.040695930406959305,,,0.5205949184219174,0.5333258853156693,0.41545796058229684,0.5304842036919715,1,-0.10000000000000003,0.9505049495050495,1,,,,
auroc_ID_k32_mean_C1,log_m_targeted,12,-0.640670825082023,0.028197180281971802,,,0.5205949184219174,0.5333258853156693,0.39533379602498014,0.5004815161128195,1,-0.30000000000000004,0.6806319368063194,1,,,,
auroc_ID_k64_mean_C1,log_m_targeted,12,-0.5303330718734524,0.0810918908109189,,,0.5205949184219174,0.5333258853156693,0.43217249836531674,0.534218457207237,1,-0.30000000000000004,0.6806319368063194,1,,,,
auroc_ID_k128_mean_C1,log_m_targeted,9,-0.45769286494404693,0.22557744225577442,,,0.5096001321760832,0.3662014817769479,0.5326338787042494,0.459651903916381,0,-0.3,0.682031796820318,1,,,,
auroc_ID_k256_mean_C1,log_m_targeted,3,,,,,,,,,,,,,,,,
m_ID_mean_C1,log_m_targeted,12,0.6988421647395782,0.0122987701229877,,,0.5205949184219174,0.5333258853156693,0.31920060628498986,0.397476920982529,1,0.6000000000000001,0.3474652534746525,1,,,,
log_m_ID_mean_C1,log_m_targeted,12,0.6988421647395782,0.0122987701229877,,,0.5205949184219174,0.5333258853156693,0.3638604053194029,0.4719852736198072,1,0.6000000000000001,0.3474652534746525,1,,,,
n90_ID_mean_C1,log_m_targeted,12,0.6193151309126221,0.0377962203779622,,,0.5205949184219174,0.5333258853156693,0.38868536776967055,0.4864235494892473,1,0.6000000000000001,0.34796520347965204,1,,,,
log_n90_ID_mean_C1,log_m_targeted,12,0.6193151309126221,0.0377962203779622,,,0.5205949184219174,0.5333258853156693,0.41728839663508593,0.4616587337403432,1,0.6000000000000001,0.34796520347965204,1,,,,
U_ID_mean_C1,log_m_targeted,12,0.16129964760725257,0.6123387661233877,,,0.5205949184219174,0.5333258853156693,0.5566543014992535,0.5722252772611129,0,0.10259783520851543,0.8984101589841016,1,,,,
k_ID_mean_C1,log_m_targeted,12,0.5543478260869565,0.06209379062093791,,,0.5205949184219174,0.5333258853156693,0.8579763913326364,0.9207749326342454,0,0.30779350562554625,0.6034396560343965,1,,,,
gain_obs_ID_mean_C1,log_m_targeted,12,0.01067784708470032,0.9786021397860214,,,0.5205949184219174,0.5333258853156693,0.5758054313361899,0.5943752116371623,0,0.0,1.0,0,,,,
flat_ID_mean_C1,log_m_targeted,12,,,,,,,,,,,,,,,,
rmse_ID_mean_C1,log_m_targeted,12,0.4128767539417482,0.18038196180381963,,,0.5205949184219174,0.5333258853156693,0.4912791172646988,0.5345152947029123,1,0.8,0.130986901309869,1,,,,
n_sizes_ID_mean_C1,log_m_targeted,12,-0.36490022459988086,0.2546745325467453,,,0.5205949184219174,0.5333258853156693,0.530070983389794,0.5339208863047086,1,,,,,,,
auroc_ID_k2_mean_C0.1,log_m_targeted,12,-0.6015187191047883,0.0423957604239576,,,0.5205949184219174,0.5333258853156693,0.4361703517477266,0.5460043881666765,1,-0.30000000000000004,0.6806319368063194,1,,,,
auroc_ID_k4_mean_C0.1,log_m_targeted,12,-0.658467236889857,0.021997800219978002,,,0.5205949184219174,0.5333258853156693,0.42275854861304196,0.548824164079478,1,-0.30000000000000004,0.6806319368063194,1,,,,
auroc_ID_k8_mean_C0.1,log_m_targeted,12,-0.587281589658521,0.046995300469953004,,,0.5205949184219174,0.5333258853156693,0.427297842501738,0.5428958100718205,1,-0.10000000000000003,0.9505049495050495,1,,,,
auroc_ID_k16_mean_C0.1,log_m_targeted,12,-0.622874413274189,0.033896610338966106,,,0.5205949184219174,0.5333258853156693,0.406317765929905,0.5182591181330053,1,-0.30000000000000004,0.6806319368063194,1,,,,
auroc_ID_k32_mean_C0.1,log_m_targeted,12,-0.6193151309126222,0.0372962703729627,,,0.5205949184219174,0.5333258853156693,0.3977576870237866,0.5043285411300813,1,-0.30000000000000004,0.6806319368063194,1,,,,
auroc_ID_k64_mean_C0.1,log_m_targeted,12,-0.5766037425738206,0.05469453054694531,,,0.5205949184219174,0.5333258853156693,0.41080031894192703,0.5169387147671309,1,-0.30000000000000004,0.6806319368063194,1,,,,
auroc_ID_k128_mean_C0.1,log_m_targeted,9,-0.5763539780776888,0.1156884311568843,,,0.5096001321760832,0.3662014817769479,0.49437737756762795,0.4443454782968671,0,-0.5000000000000001,0.4480551944805519,1,,,,
auroc_ID_k256_mean_C0.1,log_m_targeted,3,,,,,,,,,,,,,,,,
m_ID_mean_C0.1,log_m_targeted,12,0.6197060956853643,0.036696330366963306,,,0.5205949184219174,0.5333258853156693,0.4486742290737711,0.5405647419703572,1,0.20519567041703082,0.7313268673132687,1,,,,
log_m_ID_mean_C0.1,log_m_targeted,12,0.6197060956853643,0.036696330366963306,,,0.5205949184219174,0.5333258853156693,0.4127942745501272,0.5468028422183547,1,0.20519567041703082,0.7313268673132687,1,,,,
n90_ID_mean_C0.1,log_m_targeted,12,0.4235546010264485,0.1723827617238276,,,0.5205949184219174,0.5333258853156693,0.5510281369860124,0.5674521124930926,0,0.4,0.5177482251774822,1,,,,
log_n90_ID_mean_C0.1,log_m_targeted,12,0.4235546010264485,0.1723827617238276,,,0.5205949184219174,0.5333258853156693,0.5099124938068784,0.5569626075550289,1,0.4,0.5177482251774822,1,,,,
U_ID_mean_C0.1,log_m_targeted,12,-0.10036422517784609,0.7554244575542446,,,0.5205949184219174,0.5333258853156693,0.45398492621951747,0.5564053125506693,1,-0.4103913408340617,0.49645035496450357,1,,,,
k_ID_mean_C0.1,log_m_targeted,12,0.6565809980930728,0.021597840215978402,,,0.5205949184219174,0.5333258853156693,0.38414884199201876,0.46540858065161833,1,0.6000000000000001,0.3474652534746525,1,,,,
gain_obs_ID_mean_C0.1,log_m_targeted,12,-0.09254134140073667,0.7704229577042295,,,0.5205949184219174,0.5333258853156693,0.6114219747480685,0.5736478787860515,0,-0.3000000000000001,0.6791320867913209,1,,,,
flat_ID_mean_C0.1,log_m_targeted,12,,,,,,,,,,,,,,,,
rmse_ID_mean_C0.1,log_m_targeted,12,0.3950803421339141,0.20117988201179882,,,0.5205949184219174,0.5333258853156693,0.5499623394356935,0.5530605036321471,0,0.5,0.44915508449155084,1,,,,
n_sizes_ID_mean_C0.1,log_m_targeted,12,-0.36490022459988086,0.2546745325467453,,,0.5205949184219174,0.5333258853156693,0.530070983389794,0.5339208863047086,1,,,,,,,
auroc_pca_d1_mean,log_m_targeted,12,-0.6477893898051565,0.028497150284971504,,,0.5205949184219174,0.5333258853156693,0.43451729506471076,0.5650455023325421,1,-0.1,0.9492050794920508,1,,,,
auroc_pca_d2_mean,log_m_targeted,12,-0.676263648697691,0.018598140185981403,,,0.5205949184219174,0.5333258853156693,0.4215791646089116,0.5619120652475553,1,-0.30000000000000004,0.6806319368063194,1,,,,
auroc_pca_d4_mean,log_m_targeted,12,-0.6157558485510555,0.039396060393960604,,,0.5205949184219174,0.5333258853156693,0.4260089535364119,0.563653537657059,1,0.1,0.9488051194880512,0,,,,
auroc_pca_d8_mean,log_m_targeted,12,-0.7296528841211929,0.0081991800819918,,,0.5205949184219174,0.5333258853156693,0.40066378443137324,0.49775812458642676,1,-0.5000000000000001,0.4480551944805519,1,,,,
auroc_pca_d16_mean,log_m_targeted,12,-0.5801630249353873,0.05069493050694931,,,0.5205949184219174,0.5333258853156693,0.4221882343304336,0.515043711152367,1,-0.30000000000000004,0.6806319368063194,1,,,,
auroc_pca_d32_mean,log_m_targeted,12,-0.605078001466355,0.0420957904209579,,,0.5205949184219174,0.5333258853156693,0.39774765642212523,0.4889079684762935,1,-0.30000000000000004,0.6806319368063194,1,,,,
auroc_pca_d64_mean,log_m_targeted,12,-0.676263648697691,0.0184981501849815,,,0.5205949184219174,0.5333258853156693,0.3516725644108305,0.4311581458978725,1,-0.6000000000000001,0.3474652534746525,1,,,,
auroc_pca_d128_mean,log_m_targeted,9,-0.5424508028966483,0.14288571142885712,,,0.5096001321760832,0.3662014817769479,0.5646180067808925,0.4642471107115109,0,-0.3,0.682031796820318,1,,,,
auroc_pca_d256_mean,log_m_targeted,3,,,,,,,,,,,,,,,,
d95_mean,log_m_targeted,12,0.6219555004188635,0.032996700329967,,,0.5205949184219174,0.5333258853156693,0.5520505207234395,0.7334810975539479,0,-0.35355339059327373,0.7997200279972003,0,,,,
log_d95_mean,log_m_targeted,12,0.6219555004188635,0.032996700329967,,,0.5205949184219174,0.5333258853156693,0.44785749686109994,0.6432365645036725,1,-0.35355339059327373,0.7997200279972003,0,,,,
d90_mean,log_m_targeted,12,0.6541990510135363,0.022797720227977204,,,0.5205949184219174,0.5333258853156693,6.14324164864322,0.5772453510620381,0,,,,,,,
log_d90_mean,log_m_targeted,12,0.6541990510135363,0.022797720227977204,,,0.5205949184219174,0.5333258853156693,0.3693650864982352,0.5345569278696016,1,,,,,,,
fisher_dom_mean,log_m_targeted,12,-0.2562683300328092,0.42145785421457854,,,0.5205949184219174,0.5333258853156693,0.5203818895302336,0.5811840200596591,1,-0.3000000000000001,0.6791320867913209,1,,,,
cos_centroid_mean,log_m_targeted,12,0.5160959424271852,0.09019098090190981,,,0.5205949184219174,0.5333258853156693,0.5967382055349805,0.6402925623235285,0,-0.1,0.9488051194880512,0,,,,
pr_within_mean,log_m_targeted,12,0.21355694169400763,0.5027497250274973,,,0.5205949184219174,0.5333258853156693,0.5678825615222446,0.5915197074620772,0,0.30000000000000004,0.6826317368263174,1,,,,
cos_within_mean,log_m_targeted,12,0.11389703557013733,0.7261273872612739,,,0.5205949184219174,0.5333258853156693,0.6826729577434961,0.7085842392066564,0,-0.7000000000000001,0.2298770122987701,0,,,,
cos_between_mean,log_m_targeted,12,0.13525272973953814,0.6783321667833216,,,0.5205949184219174,0.5333258853156693,0.6538635519923068,0.6984504054050305,0,-0.7000000000000001,0.2298770122987701,0,,,,
cos_gap_mean,log_m_targeted,12,-0.5694851778506869,0.05679432056794321,,,0.5205949184219174,0.5333258853156693,0.6011471921369103,0.7401775451513816,0,-0.30000000000000004,0.6806319368063194,1,,,,
centroid_dist_rel_mean,log_m_targeted,12,-0.573044460212254,0.05599440055994401,,,0.5205949184219174,0.5333258853156693,0.44711518510594583,0.5686230440551212,1,-0.30000000000000004,0.6806319368063194,1,,,,
pair_within_rel_mean,log_m_targeted,8,-0.4523809523809522,0.2746725327467253,,,0.5629584275059337,0.6627691488956305,0.49163512867328596,0.6759731905772669,1,-0.5000000000000001,0.4480551944805519,1,,,,
auroc_full_last,log_m_targeted,12,0.741628419723634,0.008999100089991,,,0.5205949184219174,0.5333258853156693,0.5010962699014723,0.5687983382444816,1,0.8,0.1302869713028697,1,,,,
auroc_dom_last,log_m_targeted,12,0.7118564723133587,0.011398860113988602,,,0.5205949184219174,0.5333258853156693,0.45789811525529317,0.5584088656202679,1,0.8,0.1302869713028697,1,,,,
auroc_dom2_last,log_m_targeted,12,0.6691450839745572,0.022397760223977603,,,0.5205949184219174,0.5333258853156693,0.46852112581919514,0.5651454923394535,1,0.9,0.0810918908109189,1,,,,
auroc_dom2_sd_last,log_m_targeted,12,-0.6050780014663549,0.04329567043295671,,,0.5205949184219174,0.5333258853156693,0.4805552760229544,0.545493542637165,1,-0.30000000000000004,0.6826317368263174,1,,,,
r1_last,log_m_targeted,12,0.6940600605055247,0.0163983601639836,,,0.5205949184219174,0.5333258853156693,0.47171830339346554,0.5363386107757863,1,0.9,0.0810918908109189,1,,,,
auroc_ID_k2_last_C1,log_m_targeted,12,0.6157558485510555,0.0385961403859614,,,0.5205949184219174,0.5333258853156693,0.468014198497671,0.5517521654335752,1,0.5,0.45025497450254975,1,,,,
auroc_ID_k4_last_C1,log_m_targeted,12,0.6477893898051565,0.028097190280971903,,,0.5205949184219174,0.5333258853156693,0.46964531266169285,0.5661688201750478,1,0.7,0.23177682231776822,1,,,,
auroc_ID_k8_last_C1,log_m_targeted,12,0.6727043663361241,0.0206979302069793,,,0.5205949184219174,0.5333258853156693,0.46449329702388986,0.5657247294948686,1,0.9,0.0810918908109189,1,,,,
auroc_ID_k16_last_C1,log_m_targeted,12,0.6727043663361241,0.0206979302069793,,,0.5205949184219174,0.5333258853156693,0.45755973185229765,0.5688615413821495,1,0.9,0.0810918908109189,1,,,,
auroc_ID_k32_last_C1,log_m_targeted,12,0.6940600605055249,0.0160983901609839,,,0.5205949184219174,0.5333258853156693,0.45531592074394256,0.5538983820639687,1,0.8,0.1302869713028697,1,,,,
auroc_ID_k64_last_C1,log_m_targeted,12,0.7723642724599944,0.004399560043995601,,,0.5205949184219174,0.5333258853156693,0.4567496352248718,0.5337264996422026,1,0.8,0.1302869713028697,1,,,,
auroc_ID_k128_last_C1,log_m_targeted,9,0.7628214415734116,0.0226977302269773,,,0.5096001321760832,0.3662014817769479,0.4975502145959123,0.6841416227067021,0,0.8,0.1302869713028697,1,,,,
auroc_ID_k256_last_C1,log_m_targeted,3,,,,,,,,,,,,,,,,
m_ID_last_C1,log_m_targeted,12,-0.5429506647387325,0.0744925507449255,,,0.5205949184219174,0.5333258853156693,0.4943479452275574,0.5714980863731709,1,-0.35355339059327373,0.7997200279972003,1,,,,
log_m_ID_last_C1,log_m_targeted,12,-0.5429506647387325,0.0744925507449255,,,0.5205949184219174,0.5333258853156693,0.48900248484081776,0.5775551333039335,1,-0.35355339059327373,0.7997200279972003,1,,,,
n90_ID_last_C1,log_m_targeted,12,-0.4875497525132693,0.10528947105289471,,,0.5205949184219174,0.5333258853156693,0.6236079501461883,0.5571019338181126,0,-0.9,0.0810918908109189,1,,,,
log_n90_ID_last_C1,log_m_targeted,12,-0.4875497525132693,0.10528947105289471,,,0.5205949184219174,0.5333258853156693,0.4730375013325425,0.7127083199563069,1,-0.9,0.0810918908109189,1,,,,
U_ID_last_C1,log_m_targeted,12,0.5623666131275534,0.06129387061293871,,,0.5205949184219174,0.5333258853156693,0.4769527402575471,0.5659299700927074,1,0.9,0.0846915308469153,1,,,,
k_ID_last_C1,log_m_targeted,12,0.5196958900416169,0.0852914708529147,,,0.5205949184219174,0.5333258853156693,0.5278801605147925,0.5490317527057553,1,0.9,0.0810918908109189,1,,,,
gain_obs_ID_last_C1,log_m_targeted,12,-0.5481294836812863,0.066993300669933,,,0.5205949184219174,0.5333258853156693,0.487819914632847,0.5160622766254405,1,-0.5,0.45025497450254975,1,,,,
flat_ID_last_C1,log_m_targeted,12,,,,,,,,,,,,,,,,
rmse_ID_last_C1,log_m_targeted,12,-0.49118096589621757,0.11018898110188981,,,0.5205949184219174,0.5333258853156693,0.48635373546110566,0.5716008337948787,1,-0.6000000000000001,0.3508649135086491,1,,,,
n_sizes_ID_last_C1,log_m_targeted,12,-0.36490022459988086,0.2546745325467453,,,0.5205949184219174,0.5333258853156693,0.530070983389794,0.5339208863047086,1,,,,,,,
auroc_ID_k2_last_C0.1,log_m_targeted,12,0.6655858016129905,0.023497650234976502,,,0.5205949184219174,0.5333258853156693,0.46157815425829085,0.545012733447507,1,0.6000000000000001,0.3508649135086491,1,,,,
auroc_ID_k4_last_C0.1,log_m_targeted,12,0.7011786252286585,0.014698530146985302,,,0.5205949184219174,0.5333258853156693,0.46604474713967114,0.5643403049745139,1,0.9,0.0810918908109189,1,,,,
auroc_ID_k8_last_C0.1,log_m_targeted,12,0.6727043663361241,0.0206979302069793,,,0.5205949184219174,0.5333258853156693,0.46163364815916375,0.5775785493926067,1,0.9,0.0810918908109189,1,,,,
auroc_ID_k16_last_C0.1,log_m_targeted,12,0.6727043663361241,0.0206979302069793,,,0.5205949184219174,0.5333258853156693,0.45921799560411647,0.5649962690604294,1,0.9,0.0810918908109189,1,,,,
auroc_ID_k32_last_C0.1,log_m_targeted,12,0.74389001356746,0.008399160083991601,,,0.5205949184219174,0.5333258853156693,0.45576182428308915,0.5490135514395093,1,0.8,0.1302869713028697,1,,,,
auroc_ID_k64_last_C0.1,log_m_targeted,12,0.7723642724599944,0.004399560043995601,,,0.5205949184219174,0.5333258853156693,0.4551348664148316,0.5408805677111427,1,0.8,0.1302869713028697,1,,,,
auroc_ID_k128_last_C0.1,log_m_targeted,9,0.7628214415734116,0.0226977302269773,,,0.5096001321760832,0.3662014817769479,0.49611376339791385,0.6852669035518165,0,0.8,0.1302869713028697,1,,,,
auroc_ID_k256_last_C0.1,log_m_targeted,3,,,,,,,,,,,,,,,,
m_ID_last_C0.1,log_m_targeted,12,-0.2386596328521901,0.44985501449855014,,,0.5205949184219174,0.5333258853156693,0.4959469118550895,0.5797615369848125,1,0.288675134594813,0.797920207979202,0,,,,
log_m_ID_last_C0.1,log_m_targeted,12,-0.2386596328521901,0.44985501449855014,,,0.5205949184219174,0.5333258853156693,0.5029059680048207,0.5842197794595696,1,0.288675134594813,0.797920207979202,0,,,,
n90_ID_last_C0.1,log_m_targeted,12,-0.5944001543816546,0.0446955304469553,,,0.5205949184219174,0.5333258853156693,0.5057627195020109,0.5564531369437451,1,-0.7000000000000001,0.23327667233276672,1,,,,
log_n90_ID_last_C0.1,log_m_targeted,12,-0.5944001543816546,0.0446955304469553,,,0.5205949184219174,0.5333258853156693,0.45541041169264285,0.5774496219157423,1,-0.7000000000000001,0.23327667233276672,1,,,,
U_ID_last_C0.1,log_m_targeted,12,0.5979594367432215,0.04609539046095391,,,0.5205949184219174,0.5333258853156693,0.4839835069195553,0.5607294120393397,1,-0.3,0.682031796820318,0,,,,
k_ID_last_C0.1,log_m_targeted,12,0.6536381297430643,0.024697530246975304,,,0.5205949184219174,0.5333258853156693,0.3816646602055951,0.3324797433695011,1,0.9746794344808964,0.0326967303269673,1,,,,
gain_obs_ID_last_C0.1,log_m_targeted,12,-0.605078001466355,0.042195780421957804,,,0.5205949184219174,0.5333258853156693,0.47815402571719745,0.5101117621651806,1,-0.2,0.7889211078892111,1,,,,
flat_ID_last_C0.1,log_m_targeted,12,,,,,,,,,,,,,,,,
rmse_ID_last_C0.1,log_m_targeted,12,-0.6157558485510553,0.04129587041295871,,,0.5205949184219174,0.5333258853156693,0.47172917651396273,0.5674814891295044,1,-0.8,0.1302869713028697,1,,,,
n_sizes_ID_last_C0.1,log_m_targeted,12,-0.36490022459988086,0.2546745325467453,,,0.5205949184219174,0.5333258853156693,0.530070983389794,0.5339208863047086,1,,,,,,,
auroc_pca_d1_last,log_m_targeted,12,0.44491029519584924,0.1528847115288471,,,0.5205949184219174,0.5333258853156693,0.5445449055105718,0.5852791636467296,0,0.30000000000000004,0.6878312168783122,1,,,,
auroc_pca_d2_last,log_m_targeted,12,0.6371115427204561,0.030996900309969003,,,0.5205949184219174,0.5333258853156693,0.5641075652080528,0.6220090323710324,0,0.9,0.0810918908109189,1,,,,
auroc_pca_d4_last,log_m_targeted,12,0.622874413274189,0.03519648035196481,,,0.5205949184219174,0.5333258853156693,0.4625593350800545,0.5667614914523237,1,0.9,0.0810918908109189,1,,,,
auroc_pca_d8_last,log_m_targeted,12,0.6810429565639554,0.019198080191980802,,,0.5205949184219174,0.5333258853156693,0.4673248492075454,0.53834453844522,1,0.9,0.0846915308469153,1,,,,
auroc_pca_d16_last,log_m_targeted,12,0.6738740833369664,0.020997900209979003,,,0.5205949184219174,0.5333258853156693,0.4857290637593112,0.6039667347581295,1,0.8,0.1302869713028697,1,,,,
auroc_pca_d32_last,log_m_targeted,12,0.6775362318840579,0.0207979202079792,,,0.5205949184219174,0.5333258853156693,0.46021248177014107,0.5601403019563083,1,0.7181848464596079,0.1645835416458354,1,,,,
auroc_pca_d64_last,log_m_targeted,12,0.7028985507246377,0.014598540145985401,,,0.5205949184219174,0.5333258853156693,0.4644530253029725,0.541841833856229,1,0.7181848464596079,0.1645835416458354,1,,,,
auroc_pca_d128_last,log_m_targeted,9,0.6896551724137929,0.049095090490950906,,,0.5096001321760832,0.3662014817769479,0.6546727970684532,0.8257660838259242,0,0.7181848464596079,0.1645835416458354,1,,,,
auroc_pca_d256_last,log_m_targeted,3,,,,,,,,,,,,,,,,
d95_last,log_m_targeted,12,-0.5343063911847998,0.0745925407459254,,,0.5205949184219174,0.5333258853156693,13.865681451629978,31.98530427668808,0,-0.8207826816681234,0.13208679132086792,1,,,,
log_d95_last,log_m_targeted,12,-0.5343063911847998,0.0745925407459254,,,0.5205949184219174,0.5333258853156693,0.4935594308313132,0.5392817284753064,1,-0.8207826816681234,0.13208679132086792,1,,,,
d90_last,log_m_targeted,12,-0.5612497083989136,0.0603939606039396,,,0.5205949184219174,0.5333258853156693,1.5865806344060955,1.2150273172881,0,-0.7378647873726218,0.19588041195880412,1,,,,
log_d90_last,log_m_targeted,12,-0.5612497083989136,0.0603939606039396,,,0.5205949184219174,0.5333258853156693,0.48979390483482493,0.5352762499568856,1,-0.7378647873726218,0.19588041195880412,1,,,,
fisher_dom_last,log_m_targeted,12,0.6549079545282902,0.025097490250974904,,,0.5205949184219174,0.5333258853156693,0.48796378639219423,0.5102796018703826,1,0.9,0.0810918908109189,1,,,,
cos_centroid_last,log_m_targeted,12,-0.5196552247887519,0.0862913708629137,,,0.5205949184219174,0.5333258853156693,0.5437295688280865,0.5804962875547971,0,-0.4,0.5202479752024798,1,,,,
pr_within_last,log_m_targeted,12,-0.02135569416940078,0.9507049295070493,,,0.5205949184219174,0.5333258853156693,0.6095760759940351,0.5888174885571335,0,0.5,0.44845515448455153,0,,,,
cos_within_last,log_m_targeted,12,0.5018588129809181,0.09919008099190081,,,0.5205949184219174,0.5333258853156693,0.5359136336626844,0.7772974193290894,0,-0.09999999999999998,0.9505049495050495,0,,,,
cos_between_last,log_m_targeted,12,0.3167761301794446,0.31296870312968705,,,0.5205949184219174,0.5333258853156693,0.6085536263724082,0.8398839992382925,0,-0.30000000000000004,0.6878312168783122,0,,,,
cos_gap_last,log_m_targeted,12,0.41643603630331494,0.17868213178682132,,,0.5205949184219174,0.5333258853156693,0.5380307418210336,0.5705472276441668,0,0.2,0.7889211078892111,1,,,,
centroid_dist_rel_last,log_m_targeted,12,0.5018588129809181,0.0988901109889011,,,0.5205949184219174,0.5333258853156693,0.4902410090910724,0.5648712973179918,1,0.20000000000000004,0.7848215178482152,1,,,,
pair_within_rel_last,log_m_targeted,8,0.023809523809523808,0.9799020097990201,,,0.5629584275059337,0.6627691488956305,0.6855983802719109,0.5542205842242781,0,0.8,0.1302869713028697,1,,,,
n_rows,log_n90_detailed,14,-0.25363411507576095,0.38316168383161686,-0.5918129351767754,-0.06669019824031552,0.603058040668573,0.288812429489032,0.8936006025825454,0.3928045132758002,0,-0.6210590034081189,0.25917408259174085,1,,,,
frac_positive,log_n90_detailed,14,,,,,,,,,,,,,,,,
mean_tokens,log_n90_detailed,14,0.07692307692307693,0.7946205379462054,-0.26593406593406593,0.2351648351648352,0.603058040668573,0.288812429489032,0.6093757782212547,0.3134373494260368,0,0.5999999999999999,0.23877612238776122,1,,,,
median_tokens,log_n90_detailed,14,0.0285714285714286,0.9273072692730727,-0.31428571428571433,0.19120879120879125,0.603058040668573,0.288812429489032,0.6125167946504977,0.314513813895598,0,0.5999999999999999,0.23877612238776122,1,,,,
frac_truncated,log_n90_detailed,14,-0.40743376589143976,0.1511848815118488,-0.713077913581285,-0.23393029903125095,0.603058040668573,0.288812429489032,0.5875842213096626,0.31761491528431507,0,,,,,,,
mean_turns,log_n90_detailed,14,0.1821291316516122,0.5326467353264673,-0.2925609502093856,0.18732365970223883,0.603058040668573,0.288812429489032,0.6503671952668855,0.32077342237684603,0,0.6210590034081189,0.25917408259174085,1,,,,
paired,log_n90_detailed,14,0.3513101242759784,0.23677632236776322,0.2403700850309326,0.6841302420111159,0.603058040668573,0.288812429489032,0.5724015958761531,0.3189220631525916,0,,,,,,,
n_pairs,log_n90_detailed,14,0.2554691819748941,0.3701629837016298,0.01802979403760869,0.5267638884969056,0.603058040668573,0.288812429489032,0.6959603208723997,0.22908031833529546,0,0.15430334996209188,0.7652234776522348,1,,,,
auroc_full_mean,log_n90_detailed,14,-0.3450549450549451,0.2226777322267773,-0.5956043956043956,-0.1076923076923077,0.603058040668573,0.288812429489032,0.6302619470565368,0.28636958895804693,0,-0.5999999999999999,0.23587641235876414,1,,,,
auroc_dom_mean,log_n90_detailed,14,-0.3318681318681319,0.24627537246275372,-0.6351648351648351,-0.1495559944119239,0.603058040668573,0.288812429489032,0.6354674515505537,0.2953737820129269,0,-0.5999999999999999,0.23877612238776122,1,,,,
auroc_dom2_mean,log_n90_detailed,14,-0.3802197802197802,0.18218178182181782,-0.6967032967032967,-0.26142857142857207,0.603058040668573,0.288812429489032,0.6422560888315925,0.28142275272919465,0,-0.5999999999999999,0.23877612238776122,1,,,,
auroc_dom2_sd_mean,log_n90_detailed,14,-0.14285714285714285,0.6258374162583742,-0.4417582417582418,0.11219780219780161,0.603058040668573,0.288812429489032,0.6047353542021825,0.2977133787036387,0,-0.5428571428571428,0.3013698630136986,1,,,,
r1_mean,log_n90_detailed,14,-0.3274725274725275,0.24987501249875013,-0.6571428571428571,-0.19120879120879122,0.603058040668573,0.288812429489032,0.6445477151147095,0.29787194100623554,0,-0.5999999999999999,0.23877612238776122,1,,,,
auroc_ID_k2_mean_C1,log_n90_detailed,14,-0.43736263736263736,0.12268773122687732,-0.7056043956043957,-0.28791208791208794,0.603058040668573,0.288812429489032,0.6811703239510765,0.2787992900920195,0,-0.5999999999999999,0.23877612238776122,1,,,,
auroc_ID_k4_mean_C1,log_n90_detailed,14,-0.39780219780219783,0.1603839616038396,-0.6967032967032968,-0.265934065934066,0.603058040668573,0.288812429489032,0.6420808290540957,0.2779452400941675,0,-0.5999999999999999,0.23877612238776122,1,,,,
auroc_ID_k8_mean_C1,log_n90_detailed,14,-0.4065934065934066,0.15128487151284872,-0.7054945054945054,-0.27472527472527475,0.603058040668573,0.288812429489032,0.6127204280291859,0.2813198209380129,0,-0.657142857142857,0.17148285171482852,1,,,,
auroc_ID_k16_mean_C1,log_n90_detailed,14,-0.39780219780219783,0.15998400159984003,-0.6923076923076923,-0.24824175824175881,0.603058040668573,0.288812429489032,0.5889492709254885,0.28582098053099825,0,-0.657142857142857,0.17148285171482852,1,,,,
auroc_ID_k32_mean_C1,log_n90_detailed,14,-0.3538461538461539,0.21487851214878512,-0.6483516483516484,-0.18681318681318682,0.603058040668573,0.288812429489032,0.5974464909264551,0.28417450534749444,0,-0.5999999999999999,0.23877612238776122,1,,,,
auroc_ID_k64_mean_C1,log_n90_detailed,14,-0.41538461538461546,0.143985601439856,-0.666043956043956,-0.19989010989011047,0.603058040668573,0.288812429489032,0.5886369349577039,0.2833760910789088,0,-0.5999999999999999,0.23877612238776122,1,,,,
auroc_ID_k128_mean_C1,log_n90_detailed,11,-0.45454545454545464,0.16148385161483853,,,0.6651119788833729,0.2568282030082604,0.6336387562629563,0.2397142699658034,0,-0.5999999999999999,0.23587641235876414,1,,,,
auroc_ID_k256_mean_C1,log_n90_detailed,4,,,,,,,,,,,,,,,,
m_ID_mean_C1,log_n90_detailed,14,0.3986793812218964,0.15958404159584041,0.32378933171060087,0.7312793069926496,0.603058040668573,0.288812429489032,0.6169440939690088,0.3095773623837626,0,0.657142857142857,0.1743825617438256,1,,,,
log_m_ID_mean_C1,log_n90_detailed,14,0.3986793812218964,0.15958404159584041,0.32378933171060087,0.7312793069926496,0.603058040668573,0.288812429489032,0.5999531731076263,0.3032311366075438,0,0.657142857142857,0.1743825617438256,1,,,,
n90_ID_mean_C1,log_n90_detailed,14,0.17362637362637362,0.5553444655534446,-0.037362637362637396,0.4813186813186813,0.603058040668573,0.288812429489032,0.6297528963732658,0.30135193793731985,0,0.2571428571428571,0.6553344665533447,1,,,,
log_n90_ID_mean_C1,log_n90_detailed,14,0.17362637362637362,0.5553444655534446,-0.037362637362637396,0.4813186813186813,0.603058040668573,0.288812429489032,0.6321875800104774,0.29869421638380034,0,0.2571428571428571,0.6553344665533447,1,,,,
U_ID_mean_C1,log_n90_detailed,14,-0.09492366245267045,0.7519248075192481,-0.2715258251553132,0.2185451763445204,0.603058040668573,0.288812429489032,0.5878635299329031,0.2970844687026134,0,-0.08696565534786727,0.8636136386361364,1,,,,
k_ID_mean_C1,log_n90_detailed,14,0.3066855984607808,0.28287171282871715,0.2532934136562862,0.7244891673783663,0.603058040668573,0.288812429489032,0.5619934968708532,0.29643234385454925,0,0.7537023463481829,0.10918908109189081,1,,,,
gain_obs_ID_mean_C1,log_n90_detailed,14,0.18241758241758238,0.5292470752924707,-0.0682417582417583,0.46373626373626375,0.603058040668573,0.288812429489032,0.7072921786735754,0.29651164930563234,0,0.028571428571428553,1.0,1,,,,
flat_ID_mean_C1,log_n90_detailed,14,,,,,,,,,,,,,,,,
rmse_ID_mean_C1,log_n90_detailed,14,0.22197802197802202,0.44915508449155084,0.05934065934065938,0.578021978021978,0.603058040668573,0.288812429489032,0.6762546900214004,0.27681712973537126,0,0.5999999999999999,0.23617638236176383,1,,,,
n_sizes_ID_mean_C1,log_n90_detailed,14,-0.2867115462881455,0.31766823317668236,-0.5782016183477598,-0.07848728579638174,0.603058040668573,0.288812429489032,0.628706954214272,0.28910812751973675,0,,,,,,,
auroc_ID_k2_mean_C0.1,log_n90_detailed,14,-0.41978021978021984,0.13928607139286073,-0.7054945054945055,-0.2879120879120879,0.603058040668573,0.288812429489032,0.6661072155798871,0.2786494611236172,0,-0.5999999999999999,0.23877612238776122,1,,,,
auroc_ID_k4_mean_C0.1,log_n90_detailed,14,-0.36703296703296706,0.1924807519248075,-0.687912087912088,-0.24824175824175881,0.603058040668573,0.288812429489032,0.6392487581596304,0.2816628740126697,0,-0.5999999999999999,0.23877612238776122,1,,,,
auroc_ID_k8_mean_C0.1,log_n90_detailed,14,-0.4021978021978022,0.1543845615438456,-0.7010989010989012,-0.26153846153846155,0.603058040668573,0.288812429489032,0.6114725045722003,0.2836728432717175,0,-0.657142857142857,0.17148285171482852,1,,,,
auroc_ID_k16_mean_C0.1,log_n90_detailed,14,-0.34505494505494505,0.2233776622337766,-0.6703481163911249,-0.22186813186813245,0.603058040668573,0.288812429489032,0.606164331736913,0.28757781901109614,0,-0.5999999999999999,0.23877612238776122,1,,,,
auroc_ID_k32_mean_C0.1,log_n90_detailed,14,-0.39340659340659345,0.16268373162683733,-0.6615384615384614,-0.21318681318681318,0.603058040668573,0.288812429489032,0.5920359456971446,0.288017189852608,0,-0.5999999999999999,0.23877612238776122,1,,,,
auroc_ID_k64_mean_C0.1,log_n90_detailed,14,-0.3846153846153847,0.17768223177682232,-0.6527472527472528,-0.17362637362637365,0.603058040668573,0.288812429489032,0.6142067007029225,0.28992671206377724,0,-0.5999999999999999,0.23877612238776122,1,,,,
auroc_ID_k128_mean_C0.1,log_n90_detailed,11,-0.4636363636363637,0.1528847115288471,,,0.6651119788833729,0.2568282030082604,0.6285268259295828,0.2560090252261681,0,-0.5428571428571428,0.29177082291770823,1,,,,
auroc_ID_k256_mean_C0.1,log_n90_detailed,4,,,,,,,,,,,,,,,,
m_ID_mean_C0.1,log_n90_detailed,14,0.4652726663895845,0.0943905609439056,0.35722356376830655,0.7387030485332265,0.603058040668573,0.288812429489032,0.492916741832993,0.2889299466536526,0,0.6377481392176932,0.19618038196180382,1,,,,
log_m_ID_mean_C0.1,log_n90_detailed,14,0.4652726663895845,0.0943905609439056,0.35722356376830655,0.7387030485332265,0.603058040668573,0.288812429489032,0.5484075573551965,0.296434252889868,0,0.6377481392176932,0.19618038196180382,1,,,,
n90_ID_mean_C0.1,log_n90_detailed,14,0.44615384615384623,0.11478852114788521,0.12527472527472533,0.6043956043956044,0.603058040668573,0.288812429489032,0.5502821890634644,0.27180204236131966,0,0.7142857142857142,0.13258674132586742,1,,,,
log_n90_ID_mean_C0.1,log_n90_detailed,14,0.44615384615384623,0.11478852114788521,0.12527472527472533,0.6043956043956044,0.603058040668573,0.288812429489032,0.634129438588933,0.2808869791583327,0,0.7142857142857142,0.13258674132586742,1,,,,
U_ID_mean_C0.1,log_n90_detailed,14,-0.015452689236481229,0.9641035896410359,-0.3509967983715024,0.19205485193912397,0.603058040668573,0.288812429489032,0.6964717349041721,0.3027674241765211,0,-0.5797710356524484,0.24757524247575244,1,,,,
k_ID_mean_C0.1,log_n90_detailed,14,0.4198959112834707,0.13288671132886712,0.3403366859876552,0.7536026618298078,0.603058040668573,0.288812429489032,0.6723032272112904,0.30641718648133776,0,0.8285714285714285,0.05679432056794321,1,,,,
gain_obs_ID_mean_C0.1,log_n90_detailed,14,0.13406593406593403,0.6536346365363463,-0.16043956043956042,0.3848351648351636,0.603058040668573,0.288812429489032,0.6600950927005151,0.30405870492502324,0,-0.08571428571428569,0.9159084091590841,0,,,,
flat_ID_mean_C0.1,log_n90_detailed,14,,,,,,,,,,,,,,,,
rmse_ID_mean_C0.1,log_n90_detailed,14,0.21758241758241764,0.46125387461253875,0.06802197802197801,0.5896980594243683,0.603058040668573,0.288812429489032,0.6485988721332766,0.2571392351515985,0,0.48571428571428565,0.3565643435656434,1,,,,
n_sizes_ID_mean_C0.1,log_n90_detailed,14,-0.2867115462881455,0.31766823317668236,-0.5782016183477598,-0.07848728579638174,0.603058040668573,0.288812429489032,0.628706954214272,0.28910812751973675,0,,,,,,,
auroc_pca_d1_mean,log_n90_detailed,14,-0.4505494505494506,0.10798920107989202,-0.7626373626373625,-0.29670329670329676,0.603058040668573,0.288812429489032,0.6402699372140103,0.302421461088824,0,-0.2571428571428571,0.6555344465553444,1,,,,
auroc_pca_d2_mean,log_n90_detailed,14,-0.44175824175824174,0.11658834116588342,-0.7407692307692308,-0.3229670329670336,0.603058040668573,0.288812429489032,0.5866560847213037,0.2965739198328457,0,-0.5999999999999999,0.23877612238776122,1,,,,
auroc_pca_d4_mean,log_n90_detailed,14,-0.46373626373626364,0.09759024097590241,-0.7098901098901098,-0.24390775157900083,0.603058040668573,0.288812429489032,0.5590045071933551,0.2930411807333133,0,-0.37142857142857144,0.5036496350364964,1,,,,
auroc_pca_d8_mean,log_n90_detailed,14,-0.39780219780219783,0.15808419158084192,-0.6879120879120879,-0.23516483516483522,0.603058040668573,0.288812429489032,0.6074324062916975,0.30857251452272727,0,-0.5428571428571428,0.29177082291770823,1,,,,
auroc_pca_d16_mean,log_n90_detailed,14,-0.29230769230769227,0.3060693930606939,-0.6395604395604395,-0.16043956043956045,0.603058040668573,0.288812429489032,0.616527716419676,0.3095883282778981,0,-0.5999999999999999,0.23877612238776122,1,,,,
auroc_pca_d32_mean,log_n90_detailed,14,-0.39780219780219783,0.15828417158284172,-0.6967032967032967,-0.25263736263736325,0.603058040668573,0.288812429489032,0.6075149557899427,0.30081702685901923,0,-0.5999999999999999,0.23877612238776122,1,,,,
auroc_pca_d64_mean,log_n90_detailed,14,-0.34505494505494505,0.22467753224677534,-0.6879120879120879,-0.2131868131868132,0.603058040668573,0.288812429489032,0.6250575918467884,0.30393467656763196,0,-0.657142857142857,0.1743825617438256,1,,,,
auroc_pca_d128_mean,log_n90_detailed,11,-0.4727272727272727,0.14658534146585342,,,0.6651119788833729,0.2568282030082604,0.6360869502439425,0.24984308065628602,0,-0.5999999999999999,0.23587641235876414,1,,,,
auroc_pca_d256_mean,log_n90_detailed,4,,,,,,,,,,,,,,,,
d95_mean,log_n90_detailed,14,0.35972321010931996,0.19958004199580043,0.21856600107908047,0.6830187533721264,0.603058040668573,0.288812429489032,0.7108639921502243,0.29749376704908126,0,0.3380617018914066,0.6662333766623337,1,,,,
log_d95_mean,log_n90_detailed,14,0.35972321010931996,0.19958004199580043,0.21856600107908047,0.6830187533721264,0.603058040668573,0.288812429489032,0.6419671816884029,0.29930814812834977,0,0.3380617018914066,0.6662333766623337,1,,,,
d90_mean,log_n90_detailed,14,0.3118495122695399,0.2725727427257274,0.2086640118862362,0.6741452691709171,0.603058040668573,0.288812429489032,8.32027402119915,0.7284542132841233,0,0.13093073414159542,1.0,1,,,,
log_d90_mean,log_n90_detailed,14,0.3118495122695399,0.2725727427257274,0.2086640118862362,0.6741452691709171,0.603058040668573,0.288812429489032,0.6813957247020522,0.30689733752192316,0,0.13093073414159542,1.0,1,,,,
fisher_dom_mean,log_n90_detailed,14,-0.1428571428571429,0.6306369363063694,-0.4329670329670329,0.12967032967032968,0.603058040668573,0.288812429489032,0.7032409660103545,0.29117574366668936,0,-0.2571428571428571,0.664933506649335,1,,,,
cos_centroid_mean,log_n90_detailed,14,0.25274725274725274,0.37576242375762425,0.09010989010989011,0.5649450549450544,0.603058040668573,0.288812429489032,0.7415328409599812,0.2834702962548881,0,0.37142857142857144,0.5036496350364964,1,,,,
pr_within_mean,log_n90_detailed,14,0.3142857142857143,0.2763723627637236,0.03736263736263737,0.512087912087912,0.603058040668573,0.288812429489032,0.6434641332374735,0.30810103974038994,0,-0.5428571428571428,0.29787021297870214,0,,,,
cos_within_mean,log_n90_detailed,14,-0.27912087912087913,0.33586641335866413,-0.49010989010989015,0.050549450549450564,0.603058040668573,0.288812429489032,0.6135975865917892,0.3074305993730602,0,-0.3714285714285714,0.5118488151184881,1,,,,
cos_between_mean,log_n90_detailed,14,-0.21318681318681318,0.4667533246675332,-0.4374725274725276,0.08582417582417526,0.603058040668573,0.288812429489032,0.6407042505716978,0.32323343994749243,0,-0.3714285714285714,0.5118488151184881,1,,,,
cos_gap_mean,log_n90_detailed,14,-0.36703296703296706,0.19188081191880813,-0.6484615384615385,-0.22192912481207866,0.603058040668573,0.288812429489032,0.7506960150638516,0.28448992416296204,0,-0.5999999999999999,0.23877612238776122,1,,,,
centroid_dist_rel_mean,log_n90_detailed,14,-0.4065934065934066,0.1486851314868513,-0.6747252747252747,-0.23076923076923078,0.603058040668573,0.288812429489032,0.6517385713811915,0.2724165278340309,0,-0.5999999999999999,0.23877612238776122,1,,,,
pair_within_rel_mean,log_n90_detailed,9,-0.23333333333333328,0.5552444755524447,,,0.6897131719390492,0.24976587095044084,0.8156320803801996,0.2075847189361478,0,-0.5428571428571428,0.29177082291770823,1,,,,
auroc_full_last,log_n90_detailed,14,0.24503550074991678,0.39276072392760725,0.12130361050637775,0.6026548802227684,0.603058040668573,0.288812429489032,0.6505422584766528,0.32599921611883476,0,0.057977103565244825,0.9313068693130687,1,,,,
auroc_dom_last,log_n90_detailed,14,0.21122124992666774,0.45955404459554045,0.07475252048185971,0.5768452359138266,0.603058040668573,0.288812429489032,0.6201009691994213,0.27440446283384856,0,-0.02857142857142858,1.0,0,,,,
auroc_dom2_last,log_n90_detailed,14,0.243956043956044,0.39606039396060394,0.09450549450549453,0.5956043956043956,0.603058040668573,0.288812429489032,0.6090808940067147,0.28832911993292015,0,0.1428571428571428,0.8107189281071893,1,,,,
auroc_dom2_sd_last,log_n90_detailed,14,-0.1164835164835165,0.696930306969303,-0.4599435128830598,0.09450549450549448,0.603058040668573,0.288812429489032,0.6303906129705429,0.32510405284130717,0,0.4285714285714285,0.4216578342165783,0,,,,
r1_last,log_n90_detailed,14,0.2332234634606956,0.41285871412858716,0.10121018225652828,0.6013600625263155,0.603058040668573,0.288812429489032,0.5959403186569389,0.30099171756176457,0,0.1428571428571428,0.8107189281071893,1,,,,
auroc_ID_k2_last_C1,log_n90_detailed,14,0.2351648351648352,0.41215878412158785,0.08131868131868134,0.5831525218557747,0.603058040668573,0.288812429489032,0.6143329473558367,0.30540844782912807,0,-0.08571428571428569,0.9198080191980802,0,,,,
auroc_ID_k4_last_C1,log_n90_detailed,14,0.22197802197802202,0.44115588441155884,0.0769230769230769,0.5780219780219781,0.603058040668573,0.288812429489032,0.6093588192981912,0.2914736852084384,0,-0.14285714285714285,0.8083191680831917,0,,,,
auroc_ID_k8_last_C1,log_n90_detailed,14,0.2,0.4894510548945106,0.04615384615384617,0.5611509131106469,0.603058040668573,0.288812429489032,0.6061668931586209,0.28234164223438923,0,0.1428571428571428,0.8107189281071893,1,,,,
auroc_ID_k16_last_C1,log_n90_detailed,14,0.2,0.4894510548945106,0.04615384615384617,0.5611509131106469,0.603058040668573,0.288812429489032,0.6105638861856638,0.274366743774867,0,0.1428571428571428,0.8107189281071893,1,,,,
auroc_ID_k32_last_C1,log_n90_detailed,14,0.15841593744500074,0.5768423157684232,0.03294831476720674,0.5456548956438916,0.603058040668573,0.288812429489032,0.6294506258181041,0.2805494911601513,0,-0.02857142857142858,1.0,0,,,,
auroc_ID_k64_last_C1,log_n90_detailed,14,0.2508252342879179,0.3812618738126187,0.11875694754991552,0.6072610935391697,0.603058040668573,0.288812429489032,0.6628113075314479,0.2891959163783919,0,-0.02857142857142858,1.0,0,,,,
auroc_ID_k128_last_C1,log_n90_detailed,11,0.4236913042477309,0.19858014198580143,,,0.6651119788833729,0.2568282030082604,0.9575683311038861,0.37906222756210584,0,0.057977103565244825,0.9313068693130687,1,,,,
auroc_ID_k256_last_C1,log_n90_detailed,4,,,,,,,,,,,,,,,,
m_ID_last_C1,log_n90_detailed,14,-0.10614713278680385,0.7223277672232776,-0.5071474122036184,0.007076475519120219,0.603058040668573,0.288812429489032,0.8896460351200784,0.5365412320972175,0,0.20701966780270623,0.801919808019198,0,,,,
log_m_ID_last_C1,log_n90_detailed,14,-0.10614713278680385,0.7223277672232776,-0.5071474122036184,0.007076475519120219,0.603058040668573,0.288812429489032,0.6164432058675017,0.27939130412341756,0,0.20701966780270623,0.801919808019198,0,,,,
n90_ID_last_C1,log_n90_detailed,14,-0.07709269802633356,0.7909209079092091,-0.4648139028859154,0.06167415842106684,0.603058040668573,0.288812429489032,0.8982580183978199,0.8260414716655947,0,-0.1428571428571428,0.8107189281071893,1,,,,
log_n90_ID_last_C1,log_n90_detailed,14,-0.07709269802633356,0.7909209079092091,-0.4648139028859154,0.06167415842106684,0.603058040668573,0.288812429489032,0.6140688339737133,0.2651645687454377,0,-0.1428571428571428,0.8107189281071893,1,,,,
U_ID_last_C1,log_n90_detailed,14,0.2835164835164835,0.31596840315968405,0.12956388685717038,0.621978021978022,0.603058040668573,0.288812429489032,0.8090145386817329,0.40072663606541997,0,0.14285714285714285,0.8043195680431957,1,,,,
k_ID_last_C1,log_n90_detailed,14,0.06828210396618115,0.8149185081491851,-0.02648684839333321,0.4912456850663723,0.603058040668573,0.288812429489032,0.6402479909246787,0.29807654496368885,0,0.1428571428571428,0.8107189281071893,1,,,,
gain_obs_ID_last_C1,log_n90_detailed,14,-0.1956043956043956,0.4981501849815019,-0.5164835164835164,0.03736263736263737,0.603058040668573,0.288812429489032,0.6263798590317226,0.33178072266316594,0,0.08571428571428569,0.9198080191980802,0,,,,
flat_ID_last_C1,log_n90_detailed,14,0.24080732065382351,0.5745425457454254,-0.2408073206538235,0.3784115038845798,0.603058040668573,0.288812429489032,0.605423545793304,0.2919166052087075,0,-0.13093073414159542,1.0,0,,,,
rmse_ID_last_C1,log_n90_detailed,14,0.0021978021978022316,1.0,-0.37142857142857144,0.21758241758241756,0.603058040668573,0.288812429489032,0.6224820185820531,0.29546187331981144,0,0.3142857142857143,0.5675432456754325,1,,,,
n_sizes_ID_last_C1,log_n90_detailed,14,-0.2867115462881455,0.31766823317668236,-0.5782016183477598,-0.07848728579638174,0.603058040668573,0.288812429489032,0.628706954214272,0.28910812751973675,0,,,,,,,
auroc_ID_k2_last_C0.1,log_n90_detailed,14,0.20000000000000004,0.48565143485651435,0.05054945054945055,0.5516483516483516,0.603058040668573,0.288812429489032,0.6159742598925748,0.299419568998277,0,-0.3142857142857143,0.5675432456754325,0,,,,
auroc_ID_k4_last_C0.1,log_n90_detailed,14,0.23516483516483522,0.41385861413858616,0.07692307692307694,0.5824175824175823,0.603058040668573,0.288812429489032,0.6085150401237578,0.2963705001031562,0,0.1428571428571428,0.8107189281071893,1,,,,
auroc_ID_k8_last_C0.1,log_n90_detailed,14,0.2,0.4894510548945106,0.04615384615384617,0.5611509131106469,0.603058040668573,0.288812429489032,0.6055804887871792,0.2806271053680061,0,0.1428571428571428,0.8107189281071893,1,,,,
auroc_ID_k16_last_C0.1,log_n90_detailed,14,0.2,0.4894510548945106,0.04615384615384617,0.5611509131106469,0.603058040668573,0.288812429489032,0.6115664606476867,0.2745509144003875,0,0.1428571428571428,0.8107189281071893,1,,,,
auroc_ID_k32_last_C0.1,log_n90_detailed,14,0.2156216926334733,0.45315468453154684,0.08795384860227644,0.5852588800051418,0.603058040668573,0.288812429489032,0.6307092990261193,0.2810243144923973,0,-0.02857142857142858,1.0,0,,,,
auroc_ID_k64_last_C0.1,log_n90_detailed,14,0.2508252342879179,0.3812618738126187,0.11875694754991552,0.6072610935391697,0.603058040668573,0.288812429489032,0.6631887253667835,0.29029834213545974,0,-0.02857142857142858,1.0,0,,,,
auroc_ID_k128_last_C0.1,log_n90_detailed,11,0.4236913042477309,0.19858014198580143,,,0.6651119788833729,0.2568282030082604,0.9615744816898086,0.38269489708206683,0,0.057977103565244825,0.9313068693130687,1,,,,
auroc_ID_k256_last_C0.1,log_n90_detailed,4,,,,,,,,,,,,,,,,
m_ID_last_C0.1,log_n90_detailed,14,-0.13404670069986044,0.6472352764723528,-0.39970288935958387,0.13410763101836007,0.603058040668573,0.288812429489032,1.5592283760807588,0.5410247152605843,0,-0.4140393356054125,0.5344465553444655,1,,,,
log_m_ID_last_C0.1,log_n90_detailed,14,-0.13404670069986044,0.6472352764723528,-0.39970288935958387,0.13410763101836007,0.603058040668573,0.288812429489032,0.6326071454551383,0.29017944275496593,0,-0.4140393356054125,0.5344465553444655,1,,,,
n90_ID_last_C0.1,log_n90_detailed,14,-0.21758241758241761,0.44915508449155084,-0.5692307692307692,-0.041648351648352226,0.603058040668573,0.288812429489032,4.027596430324793,0.6712995052210455,0,-0.5999999999999999,0.24597540245975402,1,,,,
log_n90_ID_last_C0.1,log_n90_detailed,14,-0.21758241758241761,0.44915508449155084,-0.5692307692307692,-0.041648351648352226,0.603058040668573,0.288812429489032,0.621331485655737,0.291195068903738,0,-0.5999999999999999,0.24597540245975402,1,,,,
U_ID_last_C0.1,log_n90_detailed,14,0.18681318681318682,0.5214478552144786,0.010989010989011005,0.5692307692307692,0.603058040668573,0.288812429489032,0.6295385186841396,0.29424512930396707,0,-0.657142857142857,0.17078292170782922,0,,,,
k_ID_last_C0.1,log_n90_detailed,14,0.19823836635342915,0.48655134486551344,0.07037462005546734,0.5792965594550207,0.603058040668573,0.288812429489032,0.619293610468046,0.3108465525516438,0,0.43482827673933633,0.38506149385061494,1,,,,
gain_obs_ID_last_C0.1,log_n90_detailed,14,-0.2,0.4904509549045096,-0.5055779061602146,0.03307692307692247,0.603058040668573,0.288812429489032,0.6287368633343042,0.33221276406537775,0,0.19999999999999998,0.7165283471652835,0,,,,
flat_ID_last_C0.1,log_n90_detailed,14,0.24080732065382351,0.5745425457454254,-0.2408073206538235,0.3784115038845798,0.603058040668573,0.288812429489032,0.605423545793304,0.2919166052087075,0,-0.13093073414159542,1.0,0,,,,
rmse_ID_last_C0.1,log_n90_detailed,14,-0.1296703296703297,0.6599340065993401,-0.4461538461538462,0.10780219780219724,0.603058040668573,0.288812429489032,0.6260655408423018,0.3118368596065072,0,0.02857142857142858,1.0,0,,,,
n_sizes_ID_last_C0.1,log_n90_detailed,14,-0.2867115462881455,0.31766823317668236,-0.5782016183477598,-0.07848728579638174,0.603058040668573,0.288812429489032,0.628706954214272,0.28910812751973675,0,,,,,,,
auroc_pca_d1_last,log_n90_detailed,14,0.11001106767013946,0.7048295170482952,-0.011001106767013907,0.4841022432200512,0.603058040668573,0.288812429489032,0.6275771127522269,0.30362606053834656,0,-0.08571428571428574,0.9193080691930807,0,,,,
auroc_pca_d2_last,log_n90_detailed,14,0.2156216926334733,0.4530546945305469,0.09229928577524701,0.5947523146472772,0.603058040668573,0.288812429489032,0.5918256924429706,0.3027586660729216,0,0.1428571428571428,0.8107189281071893,1,,,,
auroc_pca_d4_last,log_n90_detailed,14,0.1276128384973617,0.656934306569343,-0.004455448240640657,0.51710702358349,0.603058040668573,0.288812429489032,0.6060518589219873,0.27536353884268183,0,0.1428571428571428,0.8107189281071893,1,,,,
auroc_pca_d8_last,log_n90_detailed,14,0.17112167450347915,0.5528447155284472,0.060003704046674544,0.5511451334657511,0.603058040668573,0.288812429489032,0.6212242877627191,0.2818321909066349,0,0.23190841426097933,0.6525347465253475,1,,,,
auroc_pca_d16_last,log_n90_detailed,14,0.1577875180486626,0.5827417258274172,0.0510031484396733,0.5380252220490471,0.603058040668573,0.288812429489032,0.6163426560996118,0.2661839796783673,0,0.057977103565244825,0.9313068693130687,1,,,,
auroc_pca_d32_last,log_n90_detailed,14,0.17307741428361378,0.5527447255274472,0.06518500018473766,0.5463177343069129,0.603058040668573,0.288812429489032,0.6649589408175335,0.29908067919093356,0,-0.15179418517972904,0.837916208379162,0,,,,
auroc_pca_d64_last,log_n90_detailed,14,0.20454603506245267,0.48035196480351966,0.09642884510087052,0.5686829326461597,0.603058040668573,0.288812429489032,0.6998151700148328,0.3069466280203953,0,-0.15179418517972904,0.837916208379162,0,,,,
auroc_pca_d128_last,log_n90_detailed,11,0.29775494732751073,0.37306269373062695,,,0.6651119788833729,0.2568282030082604,0.9882488100663223,0.36892359588688056,0,-0.15179418517972904,0.837916208379162,0,,,,
auroc_pca_d256_last,log_n90_detailed,4,,,,,,,,,,,,,,,,
d95_last,log_n90_detailed,14,-0.1582177672543989,0.5802419758024198,-0.5480869828693145,-0.04815323351220839,0.603058040668573,0.288812429489032,0.5997888358093605,0.317715363295236,0,-0.0303588370359458,1.0,1,,,,
log_d95_last,log_n90_detailed,14,-0.1582177672543989,0.5802419758024198,-0.5480869828693145,-0.04815323351220839,0.603058040668573,0.288812429489032,0.6017813281737425,0.3264673397525544,0,-0.0303588370359458,1.0,1,,,,
d90_last,log_n90_detailed,14,-0.12611561157959328,0.6582341765823417,-0.5136918160748799,-0.00917204447851587,0.603058040668573,0.288812429489032,4.22519483648276,1.317580027539447,0,-0.061721339984836754,0.9374062593740626,1,,,,
log_d90_last,log_n90_detailed,14,-0.12611561157959328,0.6582341765823417,-0.5136918160748799,-0.00917204447851587,0.603058040668573,0.288812429489032,0.6234633696663597,0.2965466637609354,0,-0.061721339984836754,0.9374062593740626,1,,,,
fisher_dom_last,log_n90_detailed,14,0.14725274725274723,0.6094390560943905,0.0020879120879120595,0.5296849050828232,0.603058040668573,0.288812429489032,0.6222219454525343,0.29368665148457274,0,0.1428571428571428,0.8107189281071893,1,,,,
cos_centroid_last,log_n90_detailed,14,-0.1912087912087912,0.5089491050894911,-0.5516483516483516,-0.07241758241758302,0.603058040668573,0.288812429489032,0.6190586858368561,0.3043715354504929,0,-0.08571428571428569,0.9217078292170783,1,,,,
pr_within_last,log_n90_detailed,14,0.1956043956043956,0.5066493350664933,-0.12967032967032968,0.345054945054945,0.603058040668573,0.288812429489032,0.6654987458459968,0.31914787330328886,0,-0.08571428571428569,0.9168083191680831,0,,,,
cos_within_last,log_n90_detailed,14,0.2879120879120879,0.3243675632436756,0.18681318681318684,0.6043956043956044,0.603058040668573,0.288812429489032,0.6471701927734556,0.3173878733118141,0,-0.08571428571428563,0.9174082591740826,0,,,,
cos_between_last,log_n90_detailed,14,0.1340659340659341,0.6482351764823517,0.0241758241758242,0.44175824175824174,0.603058040668573,0.288812429489032,0.6859686966318138,0.3415784168235393,0,-0.08571428571428569,0.923007699230077,0,,,,
cos_gap_last,log_n90_detailed,14,0.10769230769230773,0.7119288071192881,-0.010989010989011005,0.481428571428571,0.603058040668573,0.288812429489032,0.6197681675139848,0.2817184099329314,0,-0.19999999999999998,0.7165283471652835,0,,,,
centroid_dist_rel_last,log_n90_detailed,14,0.06373626373626375,0.8322167783221678,-0.015494505494505494,0.49450549450549447,0.603058040668573,0.288812429489032,0.6205067149357111,0.26387330934605,0,-0.14285714285714285,0.8088191180881912,0,,,,
pair_within_rel_last,log_n90_detailed,9,-0.4499999999999999,0.2253774622537746,,,0.6897131719390492,0.24976587095044084,0.6599199424014637,0.3332902363915833,0,-0.02857142857142858,1.0,1,,,,
n_rows,log_n90_general,9,0.33199004699591195,0.38136186381361864,,,0.7656882982910298,0.837416975568506,0.6205587777330073,1.677979275180669,1,-0.8660254037844387,0.1994800519948005,0,,,,
frac_positive,log_n90_general,9,,,,,,,,,,,,,,,,
mean_tokens,log_n90_general,9,0.11666666666666668,0.7793220677932207,,,0.7656882982910298,0.837416975568506,0.80559833335142,0.991106507117185,1,0.30000000000000004,0.6806319368063194,1,,,,
median_tokens,log_n90_general,9,0.016666666666666677,0.9843015698430156,,,0.7656882982910298,0.837416975568506,0.9335928474847376,1.2173087136120047,0,0.30000000000000004,0.6806319368063194,1,,,,
frac_truncated,log_n90_general,9,,,,,,,,,,,,,,,,
mean_turns,log_n90_general,9,0.5175491695067657,0.22627737226277372,,,0.7656882982910298,0.837416975568506,0.7577881240529737,0.8365237120429746,1,0.8660254037844387,0.1994800519948005,1,,,,
paired,log_n90_general,9,0.13693063937629152,0.8849115088491151,,,0.7656882982910298,0.837416975568506,0.866285553523475,1.0297836766318704,0,,,,,,,
n_pairs,log_n90_general,9,0.26051340011296553,0.49475052494750527,,,0.7656882982910298,0.837416975568506,0.8846932001668365,1.5228443804456162,0,-0.6324555320336759,0.26477352264773524,0,,,,
auroc_full_mean,log_n90_general,9,0.3333333333333333,0.38436156384361564,,,0.7656882982910298,0.837416975568506,0.8615286707768576,0.8999681773929079,0,-0.3,0.682031796820318,0,,,,
auroc_dom_mean,log_n90_general,9,0.29999999999999993,0.43445655434456554,,,0.7656882982910298,0.837416975568506,0.8465348343179999,0.8782701195899447,0,-0.30000000000000004,0.6806319368063194,0,,,,
auroc_dom2_mean,log_n90_general,9,0.21666666666666667,0.5787421257874212,,,0.7656882982910298,0.837416975568506,0.7780351611863282,0.7389552078846051,1,-0.30000000000000004,0.6806319368063194,0,,,,
auroc_dom2_sd_mean,log_n90_general,9,0.18333333333333335,0.6413358664133587,,,0.7656882982910298,0.837416975568506,0.91762344157543,0.8963041687873253,0,-0.4,0.5177482251774822,0,,,,
r1_mean,log_n90_general,9,0.26666666666666666,0.49575042495750427,,,0.7656882982910298,0.837416975568506,0.8556818112273493,0.8842717186883153,0,-0.30000000000000004,0.6806319368063194,0,,,,
auroc_ID_k2_mean_C1,log_n90_general,9,0.16666666666666663,0.6744325567443256,,,0.7656882982910298,0.837416975568506,0.7805473522252356,0.7754672133822854,1,-0.30000000000000004,0.6806319368063194,0,,,,
auroc_ID_k4_mean_C1,log_n90_general,9,0.21666666666666667,0.5787421257874212,,,0.7656882982910298,0.837416975568506,0.800334378206406,0.749220991992616,1,-0.30000000000000004,0.6806319368063194,0,,,,
auroc_ID_k8_mean_C1,log_n90_general,9,0.16666666666666663,0.6772322767723228,,,0.7656882982910298,0.837416975568506,0.8192849391503788,0.7825985186064693,1,-0.10000000000000003,0.9505049495050495,0,,,,
auroc_ID_k16_mean_C1,log_n90_general,9,0.16666666666666663,0.6772322767723228,,,0.7656882982910298,0.837416975568506,0.8404302852671733,0.804111050576788,0,-0.10000000000000003,0.9505049495050495,0,,,,
auroc_ID_k32_mean_C1,log_n90_general,9,0.18333333333333335,0.6425357464253575,,,0.7656882982910298,0.837416975568506,0.8392825949354411,0.8491204561358773,0,-0.30000000000000004,0.6806319368063194,0,,,,
auroc_ID_k64_mean_C1,log_n90_general,9,0.14999999999999997,0.7054294570542946,,,0.7656882982910298,0.837416975568506,0.8575230807965377,0.8945986121799776,0,-0.30000000000000004,0.6806319368063194,0,,,,
auroc_ID_k128_mean_C1,log_n90_general,7,0.32142857142857156,0.4941505849415059,,,0.7658960623488852,1.2586457053806865,0.828611167362726,1.3109217248957998,1,-0.3,0.682031796820318,0,,,,
auroc_ID_k256_mean_C1,log_n90_general,1,,,,,,,,,,,,,,,,
m_ID_mean_C1,log_n90_general,9,-0.13333333333333336,0.7411258874112588,,,0.7656882982910298,0.837416975568506,0.8646170263874455,0.8471608830309665,0,0.6000000000000001,0.3474652534746525,0,,,,
log_m_ID_mean_C1,log_n90_general,9,-0.13333333333333336,0.7411258874112588,,,0.7656882982910298,0.837416975568506,0.8340291519684746,0.7125673655872475,1,0.6000000000000001,0.3474652534746525,0,,,,
n90_ID_mean_C1,log_n90_general,9,-0.0666666666666667,0.8818118188181182,,,0.7656882982910298,0.837416975568506,0.8869880858131916,0.8924147183546882,0,0.6000000000000001,0.34796520347965204,0,,,,
log_n90_ID_mean_C1,log_n90_general,9,-0.0666666666666667,0.8818118188181182,,,0.7656882982910298,0.837416975568506,0.8331203101958263,0.8336966559224951,1,0.6000000000000001,0.34796520347965204,0,,,,
U_ID_mean_C1,log_n90_general,9,0.2712254014483242,0.48375162483751627,,,0.7656882982910298,0.837416975568506,0.8180987288590855,0.8717173656233438,1,0.10259783520851543,0.8984101589841016,1,,,,
k_ID_mean_C1,log_n90_general,9,-0.10215078369104985,0.8013198680131987,,,0.7656882982910298,0.837416975568506,1.2533158979167918,1.666780962545255,0,0.30779350562554625,0.6034396560343965,0,,,,
gain_obs_ID_mean_C1,log_n90_general,9,-0.31666666666666654,0.4106589341065893,,,0.7656882982910298,0.837416975568506,0.8649006443987561,0.8821804973955053,0,0.0,1.0,0,,,,
flat_ID_mean_C1,log_n90_general,9,,,,,,,,,,,,,,,,
rmse_ID_mean_C1,log_n90_general,9,-0.44999999999999996,0.22767723227677233,,,0.7656882982910298,0.837416975568506,0.6864686998063806,1.1382544522603633,1,0.8,0.130986901309869,0,,,,
n_sizes_ID_mean_C1,log_n90_general,9,0.5976143046671968,0.09869013098690131,,,0.7656882982910298,0.837416975568506,0.6701251235920782,1.2112252342727994,1,,,,,,,
auroc_ID_k2_mean_C0.1,log_n90_general,9,0.16666666666666663,0.6744325567443256,,,0.7656882982910298,0.837416975568506,0.786522117604881,0.7662148509282593,1,-0.30000000000000004,0.6806319368063194,0,,,,
auroc_ID_k4_mean_C0.1,log_n90_general,9,0.26666666666666666,0.49575042495750427,,,0.7656882982910298,0.837416975568506,0.7741392138568008,0.7119253746765131,1,-0.30000000000000004,0.6806319368063194,0,,,,
auroc_ID_k8_mean_C0.1,log_n90_general,9,0.16666666666666663,0.6772322767723228,,,0.7656882982910298,0.837416975568506,0.8090803293474038,0.769677409642274,1,-0.10000000000000003,0.9505049495050495,0,,,,
auroc_ID_k16_mean_C0.1,log_n90_general,9,0.18333333333333335,0.6425357464253575,,,0.7656882982910298,0.837416975568506,0.821641840096558,0.8087256366308097,1,-0.30000000000000004,0.6806319368063194,0,,,,
auroc_ID_k32_mean_C0.1,log_n90_general,9,0.1333333333333333,0.7396260373962604,,,0.7656882982910298,0.837416975568506,0.8454189233700594,0.8560327648897714,0,-0.30000000000000004,0.6806319368063194,0,,,,
auroc_ID_k64_mean_C0.1,log_n90_general,9,0.21666666666666667,0.5787421257874212,,,0.7656882982910298,0.837416975568506,0.8569939173811848,0.8894870118566091,0,-0.30000000000000004,0.6806319368063194,0,,,,
auroc_ID_k128_mean_C0.1,log_n90_general,7,0.25000000000000006,0.58994100589941,,,0.7658960623488852,1.2586457053806865,0.8255990310314474,1.3043122447018753,1,-0.5000000000000001,0.4480551944805519,0,,,,
auroc_ID_k256_mean_C0.1,log_n90_general,1,,,,,,,,,,,,,,,,
m_ID_mean_C0.1,log_n90_general,9,-0.058825606477121234,0.8868113188681132,,,0.7656882982910298,0.837416975568506,0.8473311574263741,0.8941493675204077,0,0.20519567041703082,0.7313268673132687,0,,,,
log_m_ID_mean_C0.1,log_n90_general,9,-0.058825606477121234,0.8868113188681132,,,0.7656882982910298,0.837416975568506,0.890188454668898,0.7350446825210909,0,0.20519567041703082,0.7313268673132687,0,,,,
n90_ID_mean_C0.1,log_n90_general,9,1.1102230246251565e-16,1.0,,,0.7656882982910298,0.837416975568506,0.8465041519292467,0.9471517854493021,0,0.4,0.5177482251774822,1,,,,
log_n90_ID_mean_C0.1,log_n90_general,9,1.1102230246251565e-16,1.0,,,0.7656882982910298,0.837416975568506,0.9114595696122456,0.9300835797281299,0,0.4,0.5177482251774822,1,,,,
U_ID_mean_C0.1,log_n90_general,9,0.2928895930645031,0.43555644435556445,,,0.7656882982910298,0.837416975568506,0.832839708865352,0.8843987453717966,1,-0.4103913408340617,0.49645035496450357,0,,,,
k_ID_mean_C0.1,log_n90_general,9,-0.17573375583870182,0.648035196480352,,,0.7656882982910298,0.837416975568506,0.8856813412341707,0.8944829289342052,0,0.6000000000000001,0.3474652534746525,0,,,,
gain_obs_ID_mean_C0.1,log_n90_general,9,-0.16666666666666657,0.6785321467853215,,,0.7656882982910298,0.837416975568506,1.0134183679046649,1.0381026197917846,0,-0.3000000000000001,0.6791320867913209,1,,,,
flat_ID_mean_C0.1,log_n90_general,9,,,,,,,,,,,,,,,,
rmse_ID_mean_C0.1,log_n90_general,9,-0.3833333333333333,0.3167683231676832,,,0.7656882982910298,0.837416975568506,0.8022009056950483,1.190802881633942,1,0.5,0.44915508449155084,0,,,,
n_sizes_ID_mean_C0.1,log_n90_general,9,0.5976143046671968,0.09869013098690131,,,0.7656882982910298,0.837416975568506,0.6701251235920782,1.2112252342727994,1,,,,,,,
auroc_pca_d1_mean,log_n90_general,9,0.049999999999999975,0.9107089291070893,,,0.7656882982910298,0.837416975568506,0.8550341648390827,0.6032768882927095,0,-0.1,0.9492050794920508,0,,,,
auroc_pca_d2_mean,log_n90_general,9,0.15000000000000002,0.7041295870412959,,,0.7656882982910298,0.837416975568506,0.7738818150411633,0.5672118330070081,1,-0.30000000000000004,0.6806319368063194,0,,,,
auroc_pca_d4_mean,log_n90_general,9,0.1833333333333333,0.6462353764623537,,,0.7656882982910298,0.837416975568506,0.8175311238860454,0.6285323628929447,1,0.1,0.9488051194880512,1,,,,
auroc_pca_d8_mean,log_n90_general,9,0.21666666666666667,0.5826417358264173,,,0.7656882982910298,0.837416975568506,0.8092959438708032,0.8131335996403849,1,-0.5000000000000001,0.4480551944805519,0,,,,
auroc_pca_d16_mean,log_n90_general,9,0.3833333333333333,0.31126887311268875,,,0.7656882982910298,0.837416975568506,0.7938052467468055,0.8068212381400465,1,-0.30000000000000004,0.6806319368063194,0,,,,
auroc_pca_d32_mean,log_n90_general,9,0.18333333333333335,0.6425357464253575,,,0.7656882982910298,0.837416975568506,0.8194538017058328,0.8549916715747192,1,-0.30000000000000004,0.6806319368063194,0,,,,
auroc_pca_d64_mean,log_n90_general,9,0.21666666666666667,0.5805419458054195,,,0.7656882982910298,0.837416975568506,0.8217691730693929,0.8570075795784694,1,-0.6000000000000001,0.3474652534746525,0,,,,
auroc_pca_d128_mean,log_n90_general,7,0.32142857142857156,0.4941505849415059,,,0.7658960623488852,1.2586457053806865,0.8166751301057463,1.2924735766875675,1,-0.3,0.682031796820318,0,,,,
auroc_pca_d256_mean,log_n90_general,1,,,,,,,,,,,,,,,,
d95_mean,log_n90_general,9,-0.43121080800782463,0.258974102589741,,,0.7656882982910298,0.837416975568506,0.8939749214718572,0.9218519203373504,0,-0.35355339059327373,0.7997200279972003,1,,,,
log_d95_mean,log_n90_general,9,-0.43121080800782463,0.258974102589741,,,0.7656882982910298,0.837416975568506,0.8162109968605382,0.7644703411867917,1,-0.35355339059327373,0.7997200279972003,1,,,,
d90_mean,log_n90_general,9,-0.4950737714883371,0.18698130186981302,,,0.7656882982910298,0.837416975568506,7.436470684019065,24.950603206677627,0,,,,,,,
log_d90_mean,log_n90_general,9,-0.4950737714883371,0.18698130186981302,,,0.7656882982910298,0.837416975568506,0.6327015949335691,0.9707766705147625,1,,,,,,,
fisher_dom_mean,log_n90_general,9,-0.0666666666666666,0.8771122887711229,,,0.7656882982910298,0.837416975568506,0.8031465841730819,0.9057658369248385,1,-0.3000000000000001,0.6791320867913209,1,,,,
cos_centroid_mean,log_n90_general,9,-0.4666666666666666,0.21457854214578542,,,0.7656882982910298,0.837416975568506,0.6340277040786384,0.3535742181136163,1,-0.1,0.9488051194880512,1,,,,
pr_within_mean,log_n90_general,9,-0.39999999999999997,0.28887111288871115,,,0.7656882982910298,0.837416975568506,0.795298043359301,0.735123182275823,1,0.30000000000000004,0.6826317368263174,0,,,,
cos_within_mean,log_n90_general,9,-0.7,0.045795420457954206,,,0.7656882982910298,0.837416975568506,0.7050438424241348,0.7932339270876397,1,-0.7000000000000001,0.2298770122987701,1,,,,
cos_between_mean,log_n90_general,9,-0.7833333333333332,0.0192980701929807,,,0.7656882982910298,0.837416975568506,0.6494906862994089,0.7184206034620326,1,-0.7000000000000001,0.2298770122987701,1,,,,
cos_gap_mean,log_n90_general,9,0.3333333333333333,0.38296170382961703,,,0.7656882982910298,0.837416975568506,0.6314948924029629,0.38365427022665455,1,-0.30000000000000004,0.6806319368063194,0,,,,
centroid_dist_rel_mean,log_n90_general,9,0.21666666666666667,0.5787421257874212,,,0.7656882982910298,0.837416975568506,0.7431370295296641,0.7080249635030053,1,-0.30000000000000004,0.6806319368063194,0,,,,
pair_within_rel_mean,log_n90_general,8,0.33333333333333326,0.42525747425257476,,,0.8241052005857368,0.9857450634694428,0.7929228497744278,1.1309591504072802,1,-0.5000000000000001,0.4480551944805519,0,,,,
auroc_full_last,log_n90_general,9,0.3849406080276325,0.2997700229977002,,,0.7656882982910298,0.837416975568506,0.9893761362031986,1.4221340205116977,0,0.8,0.1302869713028697,1,,,,
auroc_dom_last,log_n90_general,9,0.29999999999999993,0.43285671432856715,,,0.7656882982910298,0.837416975568506,0.8476053074061286,1.4091941621750759,0,0.8,0.1302869713028697,1,,,,
auroc_dom2_last,log_n90_general,9,0.18333333333333335,0.6436356364363564,,,0.7656882982910298,0.837416975568506,0.8266875348828082,0.9623925916798935,1,0.9,0.0810918908109189,1,,,,
auroc_dom2_sd_last,log_n90_general,9,-0.04999999999999998,0.9096090390960904,,,0.7656882982910298,0.837416975568506,0.8358283190498742,0.9181848364102831,1,-0.30000000000000004,0.6826317368263174,1,,,,
r1_last,log_n90_general,9,0.3333333333333333,0.38366163383661633,,,0.7656882982910298,0.837416975568506,0.794483033892073,1.1382476847678022,1,0.9,0.0810918908109189,1,,,,
auroc_ID_k2_last_C1,log_n90_general,9,-0.01666666666666665,0.9797020297970203,,,0.7656882982910298,0.837416975568506,0.8423470397598174,0.9043141122179921,0,0.5,0.45025497450254975,0,,,,
auroc_ID_k4_last_C1,log_n90_general,9,0.14999999999999997,0.7105289471052895,,,0.7656882982910298,0.837416975568506,0.8301186079532192,0.9664065150367241,1,0.7,0.23177682231776822,1,,,,
auroc_ID_k8_last_C1,log_n90_general,9,0.23333333333333334,0.5561443855614439,,,0.7656882982910298,0.837416975568506,0.8089160810407413,1.1197264017585256,1,0.9,0.0810918908109189,1,,,,
auroc_ID_k16_last_C1,log_n90_general,9,0.23333333333333334,0.5561443855614439,,,0.7656882982910298,0.837416975568506,0.7938074573410167,1.3456959602044167,1,0.9,0.0810918908109189,1,,,,
auroc_ID_k32_last_C1,log_n90_general,9,0.3166666666666666,0.41015898410158985,,,0.7656882982910298,0.837416975568506,0.8474184520807777,1.5202835890229551,0,0.8,0.1302869713028697,1,,,,
auroc_ID_k64_last_C1,log_n90_general,9,0.24999999999999997,0.521047895210479,,,0.7656882982910298,0.837416975568506,1.0250263711281078,1.6694647123301742,0,0.8,0.1302869713028697,1,,,,
auroc_ID_k128_last_C1,log_n90_general,7,0.7142857142857142,0.0805919408059194,,,0.7658960623488852,1.2586457053806865,1.3362544795703093,1.7243873021643128,0,0.8,0.1302869713028697,1,,,,
auroc_ID_k256_last_C1,log_n90_general,1,,,,,,,,,,,,,,,,
m_ID_last_C1,log_n90_general,9,-0.11410886614690958,0.7705229477052294,,,0.7656882982910298,0.837416975568506,7.374310156619776,1.0907121515342015,0,-0.35355339059327373,0.7997200279972003,1,,,,
log_m_ID_last_C1,log_n90_general,9,-0.11410886614690958,0.7705229477052294,,,0.7656882982910298,0.837416975568506,2.409992945280356,0.9364158857148127,0,-0.35355339059327373,0.7997200279972003,1,,,,
n90_ID_last_C1,log_n90_general,9,0.10084389681792216,0.7988201179882012,,,0.7656882982910298,0.837416975568506,3.409609909710388,6.727166897370112,0,-0.9,0.0810918908109189,0,,,,
log_n90_ID_last_C1,log_n90_general,9,0.10084389681792216,0.7988201179882012,,,0.7656882982910298,0.837416975568506,0.8875943595860931,1.0679618168575458,0,-0.9,0.0810918908109189,0,,,,
U_ID_last_C1,log_n90_general,9,0.1333333333333333,0.7426257374262574,,,0.7656882982910298,0.837416975568506,1.0002925224041013,0.9789460361379824,0,0.9,0.0846915308469153,1,,,,
k_ID_last_C1,log_n90_general,9,-0.10084389681792216,0.7988201179882012,,,0.7656882982910298,0.837416975568506,0.866719625856771,0.8998863339096691,0,0.9,0.0810918908109189,0,,,,
gain_obs_ID_last_C1,log_n90_general,9,0.1333333333333333,0.742025797420258,,,0.7656882982910298,0.837416975568506,0.8375145701342144,0.880645556357237,0,-0.5,0.45025497450254975,0,,,,
flat_ID_last_C1,log_n90_general,9,,,,,,,,,,,,,,,,
rmse_ID_last_C1,log_n90_general,9,-0.1833333333333333,0.642935706429357,,,0.7656882982910298,0.837416975568506,0.8420116833158954,0.9989000237574932,0,-0.6000000000000001,0.3508649135086491,1,,,,
n_sizes_ID_last_C1,log_n90_general,9,0.5976143046671968,0.09869013098690131,,,0.7656882982910298,0.837416975568506,0.6701251235920782,1.2112252342727994,1,,,,,,,
auroc_ID_k2_last_C0.1,log_n90_general,9,0.11666666666666664,0.775922407759224,,,0.7656882982910298,0.837416975568506,0.8264234295271015,0.9370033214170338,1,0.6000000000000001,0.3508649135086491,1,,,,
auroc_ID_k4_last_C0.1,log_n90_general,9,0.18333333333333335,0.6436356364363564,,,0.7656882982910298,0.837416975568506,0.8245181005873992,0.9675067313180525,1,0.9,0.0810918908109189,1,,,,
auroc_ID_k8_last_C0.1,log_n90_general,9,0.23333333333333334,0.5561443855614439,,,0.7656882982910298,0.837416975568506,0.80205024935364,1.1244703450423064,1,0.9,0.0810918908109189,1,,,,
auroc_ID_k16_last_C0.1,log_n90_general,9,0.23333333333333334,0.5561443855614439,,,0.7656882982910298,0.837416975568506,0.7929436318694777,1.3149553660094782,1,0.9,0.0810918908109189,1,,,,
auroc_ID_k32_last_C0.1,log_n90_general,9,0.29999999999999993,0.43285671432856715,,,0.7656882982910298,0.837416975568506,0.8789594454763571,1.580592851652852,0,0.8,0.1302869713028697,1,,,,
auroc_ID_k64_last_C0.1,log_n90_general,9,0.24999999999999997,0.521047895210479,,,0.7656882982910298,0.837416975568506,0.9853747946045546,1.6035425220313684,0,0.8,0.1302869713028697,1,,,,
auroc_ID_k128_last_C0.1,log_n90_general,7,0.7142857142857142,0.0805919408059194,,,0.7658960623488852,1.2586457053806865,1.3643943832250005,1.7443490821182848,0,0.8,0.1302869713028697,1,,,,
auroc_ID_k256_last_C0.1,log_n90_general,1,,,,,,,,,,,,,,,,
m_ID_last_C0.1,log_n90_general,9,0.1294830993445593,0.7314268573142686,,,0.7656882982910298,0.837416975568506,2.6145673108783742,1.1684830887746813,0,0.288675134594813,0.797920207979202,1,,,,
log_m_ID_last_C0.1,log_n90_general,9,0.1294830993445593,0.7314268573142686,,,0.7656882982910298,0.837416975568506,1.408469970952236,0.9698688238926868,0,0.288675134594813,0.797920207979202,1,,,,
n90_ID_last_C0.1,log_n90_general,9,0.016666666666666607,0.9793020697930207,,,0.7656882982910298,0.837416975568506,0.9330325675389136,1.3229048993862806,0,-0.7000000000000001,0.23327667233276672,0,,,,
log_n90_ID_last_C0.1,log_n90_general,9,0.016666666666666607,0.9793020697930207,,,0.7656882982910298,0.837416975568506,0.8745472290497847,0.9063901674091885,0,-0.7000000000000001,0.23327667233276672,0,,,,
U_ID_last_C0.1,log_n90_general,9,-0.01666666666666672,0.9793020697930207,,,0.7656882982910298,0.837416975568506,0.8199951916654387,1.0499332792316576,1,-0.3,0.682031796820318,1,,,,
k_ID_last_C0.1,log_n90_general,9,0.025104822262671717,0.9552044795520448,,,0.7656882982910298,0.837416975568506,0.8328185705513929,0.8919673085768832,1,0.9746794344808964,0.0326967303269673,1,,,,
gain_obs_ID_last_C0.1,log_n90_general,9,-0.04999999999999997,0.9104089591040896,,,0.7656882982910298,0.837416975568506,0.8390454164553637,0.8955995011746619,0,-0.2,0.7889211078892111,1,,,,
flat_ID_last_C0.1,log_n90_general,9,,,,,,,,,,,,,,,,
rmse_ID_last_C0.1,log_n90_general,9,-0.15,0.7119288071192881,,,0.7656882982910298,0.837416975568506,0.8229422669523098,1.050870164258142,1,-0.8,0.1302869713028697,1,,,,
n_sizes_ID_last_C0.1,log_n90_general,9,0.5976143046671968,0.09869013098690131,,,0.7656882982910298,0.837416975568506,0.6701251235920782,1.2112252342727994,1,,,,,,,
auroc_pca_d1_last,log_n90_general,9,0.05000000000000002,0.911008899110089,,,0.7656882982910298,0.837416975568506,0.8183086866344421,0.8738283306612677,1,0.30000000000000004,0.6878312168783122,1,,,,
auroc_pca_d2_last,log_n90_general,9,0.18333333333333335,0.6436356364363564,,,0.7656882982910298,0.837416975568506,0.800396852348939,1.1695398136197814,1,0.9,0.0810918908109189,1,,,,
auroc_pca_d4_last,log_n90_general,9,0.24999999999999994,0.5231476852314768,,,0.7656882982910298,0.837416975568506,0.799052489221992,1.3810093626552578,1,0.9,0.0810918908109189,1,,,,
auroc_pca_d8_last,log_n90_general,9,0.44074127735352664,0.23047695230476953,,,0.7656882982910298,0.837416975568506,0.7921801611837489,1.3913760182514108,1,0.9,0.0846915308469153,1,,,,
auroc_pca_d16_last,log_n90_general,9,0.42378968976300635,0.25407459254074594,,,0.7656882982910298,0.837416975568506,0.9438499471863665,1.8370852438045637,0,0.8,0.1302869713028697,1,,,,
auroc_pca_d32_last,log_n90_general,9,0.4264902570914596,0.24727527247275272,,,0.7656882982910298,0.837416975568506,1.077549424274574,1.6025448166967302,0,0.7181848464596079,0.1645835416458354,1,,,,
auroc_pca_d64_last,log_n90_general,9,0.46130578828259916,0.20687931206879312,,,0.7656882982910298,0.837416975568506,1.3501634871487846,1.904614369497101,0,0.7181848464596079,0.1645835416458354,1,,,,
auroc_pca_d128_last,log_n90_general,7,0.7783117824941562,0.053094690530946904,,,0.7658960623488852,1.2586457053806865,1.6510727145935413,2.0734984282582203,0,0.7181848464596079,0.1645835416458354,1,,,,
auroc_pca_d256_last,log_n90_general,1,,,,,,,,,,,,,,,,
d95_last,log_n90_general,9,-0.18257418583505536,0.6455354464553544,,,0.7656882982910298,0.837416975568506,0.7957240094102455,1.0323751684310052,1,-0.8207826816681234,0.13208679132086792,1,,,,
log_d95_last,log_n90_general,9,-0.18257418583505536,0.6455354464553544,,,0.7656882982910298,0.837416975568506,0.8199965950151962,0.9539105053916312,1,-0.8207826816681234,0.13208679132086792,1,,,,
d90_last,log_n90_general,9,-0.1651445647689541,0.6647335266473353,,,0.7656882982910298,0.837416975568506,0.7817598516047476,2.23983846305717,1,-0.7378647873726218,0.19588041195880412,1,,,,
log_d90_last,log_n90_general,9,-0.1651445647689541,0.6647335266473353,,,0.7656882982910298,0.837416975568506,0.8099751441618203,1.056148071112442,1,-0.7378647873726218,0.19588041195880412,1,,,,
fisher_dom_last,log_n90_general,9,0.24999999999999994,0.5231476852314768,,,0.7656882982910298,0.837416975568506,0.9044638173646838,1.0226409042291587,0,0.9,0.0810918908109189,1,,,,
cos_centroid_last,log_n90_general,9,-0.3999999999999999,0.28447155284471554,,,0.7656882982910298,0.837416975568506,0.8109148450567921,0.9422740751006069,1,-0.4,0.5202479752024798,1,,,,
pr_within_last,log_n90_general,9,0.24999999999999997,0.51994800519948,,,0.7656882982910298,0.837416975568506,0.7891449409750618,0.8373791726594958,1,0.5,0.44845515448455153,1,,,,
cos_within_last,log_n90_general,9,-0.41666666666666663,0.26977302269773024,,,0.7656882982910298,0.837416975568506,0.7389745538458324,0.7942678215190797,1,-0.09999999999999998,0.9505049495050495,1,,,,
cos_between_last,log_n90_general,9,-0.5166666666666666,0.1621837816218378,,,0.7656882982910298,0.837416975568506,0.7417648261202695,0.8594610124866648,1,-0.30000000000000004,0.6878312168783122,1,,,,
cos_gap_last,log_n90_general,9,0.38333333333333325,0.3033696630336966,,,0.7656882982910298,0.837416975568506,0.8325095788964219,0.9798952096594437,1,0.2,0.7889211078892111,1,,,,
centroid_dist_rel_last,log_n90_general,9,-0.16666666666666663,0.6737326267373263,,,0.7656882982910298,0.837416975568506,0.8676484585075818,0.8786987578411833,0,0.20000000000000004,0.7848215178482152,0,,,,
pair_within_rel_last,log_n90_general,8,-0.1904761904761904,0.6638336166383362,,,0.8241052005857368,0.9857450634694428,0.8451797226361871,1.1135061107393192,1,0.8,0.1302869713028697,0,,,,
n_rows,log_n90_llm,6,0.20291986247835692,0.7232276772322768,,,0.5114831642311334,0.6413993086216043,1.1802118298454494,305.76622065572667,0,,,,,,,
frac_positive,log_n90_llm,6,,,,,,,,,,,,,,,,
mean_tokens,log_n90_llm,6,0.4285714285714285,0.42155784421557846,,,0.5114831642311334,0.6413993086216043,0.5716411301296376,1.9192273303281224,1,,,,,,,
median_tokens,log_n90_llm,6,0.4285714285714285,0.42155784421557846,,,0.5114831642311334,0.6413993086216043,0.5470723885055928,1.9062742125598684,1,,,,,,,
frac_truncated,log_n90_llm,6,0.10141851056742196,0.8720127987201279,,,0.5114831642311334,0.6413993086216043,12.682494551977975,0.6216945116050512,0,,,,,,,
mean_turns,log_n90_llm,6,0.2648204488514248,0.6715328467153284,,,0.5114831642311334,0.6413993086216043,0.8191923304209155,1.1559687770005174,0,,,,,,,
paired,log_n90_llm,6,0.09759000729485331,1.0,,,0.5114831642311334,0.6413993086216043,0.6329061156136389,0.6686730041382947,1,,,,,,,
n_pairs,log_n90_llm,6,0.33946736991660215,0.46915308469153083,,,0.5114831642311334,0.6413993086216043,0.5936799814600452,0.6903395961839577,1,,,,,,,
auroc_full_mean,log_n90_llm,6,0.0857142857142857,0.9198080191980802,,,0.5114831642311334,0.6413993086216043,0.6639199647167028,0.7249229983219821,0,,,,,,,
auroc_dom_mean,log_n90_llm,6,0.02857142857142858,1.0,,,0.5114831642311334,0.6413993086216043,0.6509359538972035,0.6238406854667833,0,,,,,,,
auroc_dom2_mean,log_n90_llm,6,-0.14285714285714285,0.8005199480051994,,,0.5114831642311334,0.6413993086216043,0.6581909341791732,1.103205739311018,0,,,,,,,
auroc_dom2_sd_mean,log_n90_llm,6,0.48571428571428565,0.3564643535646435,,,0.5114831642311334,0.6413993086216043,0.7336925986773567,0.776013547268871,0,,,,,,,
r1_mean,log_n90_llm,6,0.02857142857142858,1.0,,,0.5114831642311334,0.6413993086216043,0.6434957871615195,0.5786500339616927,0,,,,,,,
auroc_ID_k2_mean_C1,log_n90_llm,6,-0.14285714285714285,0.8005199480051994,,,0.5114831642311334,0.6413993086216043,0.6206570553417919,1.212563726211256,1,,,,,,,
auroc_ID_k4_mean_C1,log_n90_llm,6,-0.14285714285714285,0.8005199480051994,,,0.5114831642311334,0.6413993086216043,0.652621465700866,1.110837463659098,0,,,,,,,
auroc_ID_k8_mean_C1,log_n90_llm,6,-0.14285714285714285,0.8005199480051994,,,0.5114831642311334,0.6413993086216043,0.6326130037937667,1.0744379739764736,1,,,,,,,
auroc_ID_k16_mean_C1,log_n90_llm,6,-0.14285714285714285,0.8005199480051994,,,0.5114831642311334,0.6413993086216043,0.614506437793409,1.0332916136821306,1,,,,,,,
auroc_ID_k32_mean_C1,log_n90_llm,6,-0.14285714285714285,0.8005199480051994,,,0.5114831642311334,0.6413993086216043,0.6206305342783408,1.0088001773826847,1,,,,,,,
auroc_ID_k64_mean_C1,log_n90_llm,6,-0.14285714285714285,0.8005199480051994,,,0.5114831642311334,0.6413993086216043,0.5847170012232071,0.8483298711640912,1,,,,,,,
auroc_ID_k128_mean_C1,log_n90_llm,4,,,,,,,,,,,,,,,,
auroc_ID_k256_mean_C1,log_n90_llm,2,,,,,,,,,,,,,,,,
m_ID_mean_C1,log_n90_llm,6,0.14285714285714285,0.8005199480051994,,,0.5114831642311334,0.6413993086216043,0.6163449969399487,0.6041645356131485,1,,,,,,,
log_m_ID_mean_C1,log_n90_llm,6,0.14285714285714285,0.8005199480051994,,,0.5114831642311334,0.6413993086216043,0.612111837077375,1.193786431710922,1,,,,,,,
n90_ID_mean_C1,log_n90_llm,6,0.3142857142857143,0.5618438156184381,,,0.5114831642311334,0.6413993086216043,0.5323092163587437,1.110884515004404,1,,,,,,,
log_n90_ID_mean_C1,log_n90_llm,6,0.3142857142857143,0.5618438156184381,,,0.5114831642311334,0.6413993086216043,0.5144369487247894,1.1950938734901604,1,,,,,,,
U_ID_mean_C1,log_n90_llm,6,-0.08571428571428574,0.9182081791820818,,,0.5114831642311334,0.6413993086216043,0.6269043727135231,1.6882733762692346,1,,,,,,,
k_ID_mean_C1,log_n90_llm,6,-0.08827348295047488,0.935006499350065,,,0.5114831642311334,0.6413993086216043,0.6886227744249649,0.6367348357384267,0,,,,,,,
gain_obs_ID_mean_C1,log_n90_llm,6,0.7714285714285714,0.10388961103889612,,,0.5114831642311334,0.6413993086216043,0.2492752690430217,0.13848987006504587,1,,,,,,,
flat_ID_mean_C1,log_n90_llm,6,,,,,,,,,,,,,,,,
rmse_ID_mean_C1,log_n90_llm,6,-0.37142857142857144,0.5045495450454954,,,0.5114831642311334,0.6413993086216043,0.6914967964106926,1.274959215335557,0,,,,,,,
n_sizes_ID_mean_C1,log_n90_llm,6,0.35856858280031806,0.5387461253874612,,,0.5114831642311334,0.6413993086216043,0.6303221819860448,0.6413993086216044,1,,,,,,,
auroc_ID_k2_mean_C0.1,log_n90_llm,6,-0.14285714285714285,0.8005199480051994,,,0.5114831642311334,0.6413993086216043,0.657443979201872,1.2025659902931107,0,,,,,,,
auroc_ID_k4_mean_C0.1,log_n90_llm,6,0.02857142857142858,1.0,,,0.5114831642311334,0.6413993086216043,0.6529993572526176,1.0977890865503028,0,,,,,,,
auroc_ID_k8_mean_C0.1,log_n90_llm,6,-0.14285714285714285,0.8005199480051994,,,0.5114831642311334,0.6413993086216043,0.6223954504353542,1.0646910058389178,1,,,,,,,
auroc_ID_k16_mean_C0.1,log_n90_llm,6,-0.14285714285714285,0.8005199480051994,,,0.5114831642311334,0.6413993086216043,0.637285185222556,0.9594211545332786,1,,,,,,,
auroc_ID_k32_mean_C0.1,log_n90_llm,6,-0.14285714285714285,0.8005199480051994,,,0.5114831642311334,0.6413993086216043,0.6105080747199166,0.8727982493597748,1,,,,,,,
auroc_ID_k64_mean_C0.1,log_n90_llm,6,-0.14285714285714285,0.8005199480051994,,,0.5114831642311334,0.6413993086216043,0.6289079426667523,0.7185630118594155,1,,,,,,,
auroc_ID_k128_mean_C0.1,log_n90_llm,4,,,,,,,,,,,,,,,,
auroc_ID_k256_mean_C0.1,log_n90_llm,2,,,,,,,,,,,,,,,,
m_ID_mean_C0.1,log_n90_llm,6,0.4285714285714285,0.42045795420457954,,,0.5114831642311334,0.6413993086216043,0.5417944276061216,0.75109206804513,1,,,,,,,
log_m_ID_mean_C0.1,log_n90_llm,6,0.4285714285714285,0.42045795420457954,,,0.5114831642311334,0.6413993086216043,0.5151620379766826,1.131121905845639,1,,,,,,,
n90_ID_mean_C0.1,log_n90_llm,6,0.8857142857142855,0.031796820317968204,,,0.5114831642311334,0.6413993086216043,0.2925414799340588,0.6802702625208736,1,,,,,,,
log_n90_ID_mean_C0.1,log_n90_llm,6,0.8857142857142855,0.031796820317968204,,,0.5114831642311334,0.6413993086216043,0.25411092500970756,1.39450884659325,1,,,,,,,
U_ID_mean_C0.1,log_n90_llm,6,0.48571428571428565,0.35466453354664534,,,0.5114831642311334,0.6413993086216043,0.5808146248679291,0.5660449622177984,1,,,,,,,
k_ID_mean_C0.1,log_n90_llm,6,-0.26482044885142475,0.6627337266273373,,,0.5114831642311334,0.6413993086216043,0.610626874736284,0.535636957130479,1,,,,,,,
gain_obs_ID_mean_C0.1,log_n90_llm,6,0.9428571428571428,0.0182981701829817,,,0.5114831642311334,0.6413993086216043,0.24444755166069687,0.3550403505770485,1,,,,,,,
flat_ID_mean_C0.1,log_n90_llm,6,,,,,,,,,,,,,,,,
rmse_ID_mean_C0.1,log_n90_llm,6,-0.2571428571428571,0.664033596640336,,,0.5114831642311334,0.6413993086216043,0.7547621633842214,0.761441039911174,0,,,,,,,
n_sizes_ID_mean_C0.1,log_n90_llm,6,0.35856858280031806,0.5387461253874612,,,0.5114831642311334,0.6413993086216043,0.6303221819860448,0.6413993086216044,1,,,,,,,
auroc_pca_d1_mean,log_n90_llm,6,-0.4285714285714285,0.42045795420457954,,,0.5114831642311334,0.6413993086216043,0.5573234522463708,1.1707930550836612,1,,,,,,,
auroc_pca_d2_mean,log_n90_llm,6,-0.14285714285714285,0.8005199480051994,,,0.5114831642311334,0.6413993086216043,0.628612585691179,1.169226895460032,1,,,,,,,
auroc_pca_d4_mean,log_n90_llm,6,-0.14285714285714285,0.8005199480051994,,,0.5114831642311334,0.6413993086216043,0.6123105391693741,1.08697098775687,1,,,,,,,
auroc_pca_d8_mean,log_n90_llm,6,0.02857142857142858,1.0,,,0.5114831642311334,0.6413993086216043,0.632788468899503,0.9026086836461769,1,,,,,,,
auroc_pca_d16_mean,log_n90_llm,6,0.02857142857142858,1.0,,,0.5114831642311334,0.6413993086216043,0.634735632857549,0.6839494713756862,1,,,,,,,
auroc_pca_d32_mean,log_n90_llm,6,-0.14285714285714285,0.8005199480051994,,,0.5114831642311334,0.6413993086216043,0.631023552977222,0.5987320325131243,1,,,,,,,
auroc_pca_d64_mean,log_n90_llm,6,0.02857142857142858,1.0,,,0.5114831642311334,0.6413993086216043,0.6381466024554466,0.5973384432711238,1,,,,,,,
auroc_pca_d128_mean,log_n90_llm,4,,,,,,,,,,,,,,,,
auroc_pca_d256_mean,log_n90_llm,2,,,,,,,,,,,,,,,,
d95_mean,log_n90_llm,6,0.028988551782622385,0.9825017498250175,,,0.5114831642311334,0.6413993086216043,9.878733908237754,94.89912007876185,0,,,,,,,
log_d95_mean,log_n90_llm,6,0.028988551782622385,0.9825017498250175,,,0.5114831642311334,0.6413993086216043,0.9125720241708134,1.9323499180552335,0,,,,,,,
d90_mean,log_n90_llm,6,0.028988551782622385,0.9825017498250175,,,0.5114831642311334,0.6413993086216043,9.902592113932172,88.59090738227052,0,,,,,,,
log_d90_mean,log_n90_llm,6,0.028988551782622385,0.9825017498250175,,,0.5114831642311334,0.6413993086216043,0.8966720634367104,1.5853865262789695,0,,,,,,,
fisher_dom_mean,log_n90_llm,6,-0.3142857142857142,0.5607439256074392,,,0.5114831642311334,0.6413993086216043,0.5394482257019152,0.9942498585280446,1,,,,,,,
cos_centroid_mean,log_n90_llm,6,-0.0857142857142857,0.9198080191980802,,,0.5114831642311334,0.6413993086216043,0.605133622516435,1.109722530566881,1,,,,,,,
pr_within_mean,log_n90_llm,6,-0.02857142857142858,1.0,,,0.5114831642311334,0.6413993086216043,0.715252623557245,0.68944864583033,0,,,,,,,
cos_within_mean,log_n90_llm,6,-0.48571428571428565,0.3575642435756424,,,0.5114831642311334,0.6413993086216043,0.6445413006326316,0.8259375151600505,0,,,,,,,
cos_between_mean,log_n90_llm,6,-0.48571428571428565,0.3575642435756424,,,0.5114831642311334,0.6413993086216043,0.6460446616897912,0.8537494500870123,0,,,,,,,
cos_gap_mean,log_n90_llm,6,-0.14285714285714285,0.8005199480051994,,,0.5114831642311334,0.6413993086216043,0.6048756314312513,1.1694119269212204,1,,,,,,,
centroid_dist_rel_mean,log_n90_llm,6,-0.14285714285714285,0.8005199480051994,,,0.5114831642311334,0.6413993086216043,0.6553601662174534,0.9042287188595004,0,,,,,,,
pair_within_rel_mean,log_n90_llm,3,,,,,,,,,,,,,,,,
auroc_full_last,log_n90_llm,6,-0.1159542071304897,0.8436156384361564,,,0.5114831642311334,0.6413993086216043,0.6014219563400125,0.32308004755765607,1,,,,,,,
auroc_dom_last,log_n90_llm,6,-0.25714285714285706,0.6642335766423357,,,0.5114831642311334,0.6413993086216043,0.6641587341037962,0.34225820743422813,0,,,,,,,
auroc_dom2_last,log_n90_llm,6,-0.25714285714285706,0.6642335766423357,,,0.5114831642311334,0.6413993086216043,0.6808965431422056,0.5971739394026448,0,,,,,,,
auroc_dom2_sd_last,log_n90_llm,6,-0.08571428571428569,0.9193080691930807,,,0.5114831642311334,0.6413993086216043,0.6566971269300834,1.424782469498456,0,,,,,,,
r1_last,log_n90_llm,6,-0.25714285714285706,0.6642335766423357,,,0.5114831642311334,0.6413993086216043,0.7087137835723744,0.3635415362934134,0,,,,,,,
auroc_ID_k2_last_C1,log_n90_llm,6,-0.25714285714285706,0.6642335766423357,,,0.5114831642311334,0.6413993086216043,0.6855467720228031,0.6352144640538744,0,,,,,,,
auroc_ID_k4_last_C1,log_n90_llm,6,-0.25714285714285706,0.6642335766423357,,,0.5114831642311334,0.6413993086216043,0.6740240666333808,0.5964629033124902,0,,,,,,,
auroc_ID_k8_last_C1,log_n90_llm,6,-0.25714285714285706,0.6642335766423357,,,0.5114831642311334,0.6413993086216043,0.6621807468317502,0.5090294452476342,0,,,,,,,
auroc_ID_k16_last_C1,log_n90_llm,6,-0.25714285714285706,0.6642335766423357,,,0.5114831642311334,0.6413993086216043,0.6554182576792908,0.4090477311389849,0,,,,,,,
auroc_ID_k32_last_C1,log_n90_llm,6,-0.25714285714285706,0.6642335766423357,,,0.5114831642311334,0.6413993086216043,0.6680248644425885,0.3382239997263172,0,,,,,,,
auroc_ID_k64_last_C1,log_n90_llm,6,-0.25714285714285706,0.6642335766423357,,,0.5114831642311334,0.6413993086216043,0.6968253050762073,0.3142739947992049,0,,,,,,,
auroc_ID_k128_last_C1,log_n90_llm,4,,,,,,,,,,,,,,,,
auroc_ID_k256_last_C1,log_n90_llm,2,,,,,,,,,,,,,,,,
m_ID_last_C1,log_n90_llm,6,0.09107651110783743,0.8888111188881112,,,0.5114831642311334,0.6413993086216043,0.5431777673150562,1.0420942625673313,1,,,,,,,
log_m_ID_last_C1,log_n90_llm,6,0.09107651110783743,0.8888111188881112,,,0.5114831642311334,0.6413993086216043,0.5665534153475879,0.30745341505033413,1,,,,,,,
n90_ID_last_C1,log_n90_llm,6,0.25714285714285706,0.6642335766423357,,,0.5114831642311334,0.6413993086216043,0.5957002341426432,1.3894201118931835,1,,,,,,,
log_n90_ID_last_C1,log_n90_llm,6,0.25714285714285706,0.6642335766423357,,,0.5114831642311334,0.6413993086216043,0.6421996473875273,0.5128801279676901,0,,,,,,,
U_ID_last_C1,log_n90_llm,6,-0.4285714285714285,0.4253574642535746,,,0.5114831642311334,0.6413993086216043,1.2020501583830159,60.57192448725612,0,,,,,,,
k_ID_last_C1,log_n90_llm,6,-0.25714285714285706,0.6642335766423357,,,0.5114831642311334,0.6413993086216043,0.7496009378962727,1.0093967078141453,0,,,,,,,
gain_obs_ID_last_C1,log_n90_llm,6,-0.14285714285714285,0.7999200079992,,,0.5114831642311334,0.6413993086216043,0.7948927422109031,1.1107962444365131,0,,,,,,,
flat_ID_last_C1,log_n90_llm,6,,,,,,,,,,,,,,,,
rmse_ID_last_C1,log_n90_llm,6,-0.02857142857142861,1.0,,,0.5114831642311334,0.6413993086216043,0.6254417860029137,4.7335983336076355,1,,,,,,,
n_sizes_ID_last_C1,log_n90_llm,6,0.35856858280031806,0.5387461253874612,,,0.5114831642311334,0.6413993086216043,0.6303221819860448,0.6413993086216044,1,,,,,,,
auroc_ID_k2_last_C0.1,log_n90_llm,6,-0.25714285714285706,0.6642335766423357,,,0.5114831642311334,0.6413993086216043,0.6975209920648546,0.6555514701606855,0,,,,,,,
auroc_ID_k4_last_C0.1,log_n90_llm,6,-0.25714285714285706,0.6642335766423357,,,0.5114831642311334,0.6413993086216043,0.6738121671849037,0.6031582297031658,0,,,,,,,
auroc_ID_k8_last_C0.1,log_n90_llm,6,-0.25714285714285706,0.6642335766423357,,,0.5114831642311334,0.6413993086216043,0.6596431531220422,0.5116142811955858,0,,,,,,,
auroc_ID_k16_last_C0.1,log_n90_llm,6,-0.25714285714285706,0.6642335766423357,,,0.5114831642311334,0.6413993086216043,0.6596350070187963,0.40644788080945204,0,,,,,,,
auroc_ID_k32_last_C0.1,log_n90_llm,6,-0.25714285714285706,0.6642335766423357,,,0.5114831642311334,0.6413993086216043,0.667799801505853,0.3340142789721484,0,,,,,,,
auroc_ID_k64_last_C0.1,log_n90_llm,6,-0.25714285714285706,0.6642335766423357,,,0.5114831642311334,0.6413993086216043,0.6918425823970761,0.31274906867494706,0,,,,,,,
auroc_ID_k128_last_C0.1,log_n90_llm,4,,,,,,,,,,,,,,,,
auroc_ID_k256_last_C0.1,log_n90_llm,2,,,,,,,,,,,,,,,,
m_ID_last_C0.1,log_n90_llm,6,0.3339472073954039,0.5374462553744626,,,0.5114831642311334,0.6413993086216043,0.5171436982076373,2.8539370446985393,1,,,,,,,
log_m_ID_last_C0.1,log_n90_llm,6,0.3339472073954039,0.5374462553744626,,,0.5114831642311334,0.6413993086216043,0.5427950766831288,0.35611450216330715,1,,,,,,,
n90_ID_last_C0.1,log_n90_llm,6,0.25714285714285706,0.6642335766423357,,,0.5114831642311334,0.6413993086216043,2.1357759181148888,8.425392615166983,0,,,,,,,
log_n90_ID_last_C0.1,log_n90_llm,6,0.25714285714285706,0.6642335766423357,,,0.5114831642311334,0.6413993086216043,0.6607146051455863,0.4336335923635377,0,,,,,,,
U_ID_last_C0.1,log_n90_llm,6,-0.25714285714285706,0.6642335766423357,,,0.5114831642311334,0.6413993086216043,0.6668812079252304,0.33572863002188463,0,,,,,,,
k_ID_last_C0.1,log_n90_llm,6,-0.19999999999999996,0.7186281371862814,,,0.5114831642311334,0.6413993086216043,0.780981828302855,1.0488086528259262,0,,,,,,,
gain_obs_ID_last_C0.1,log_n90_llm,6,-0.14285714285714285,0.7999200079992,,,0.5114831642311334,0.6413993086216043,0.760405536839883,1.0677626640940663,0,,,,,,,
flat_ID_last_C0.1,log_n90_llm,6,,,,,,,,,,,,,,,,
rmse_ID_last_C0.1,log_n90_llm,6,-0.08571428571428569,0.9193080691930807,,,0.5114831642311334,0.6413993086216043,0.5997980941825687,1.8270753677037428,1,,,,,,,
n_sizes_ID_last_C0.1,log_n90_llm,6,0.35856858280031806,0.5387461253874612,,,0.5114831642311334,0.6413993086216043,0.6303221819860448,0.6413993086216044,1,,,,,,,
auroc_pca_d1_last,log_n90_llm,6,-0.42857142857142855,0.4226577342265773,,,0.5114831642311334,0.6413993086216043,0.668231494599891,0.9714516654087386,0,,,,,,,
auroc_pca_d2_last,log_n90_llm,6,-0.25714285714285706,0.6642335766423357,,,0.5114831642311334,0.6413993086216043,0.7002349270156484,0.3846894904851011,0,,,,,,,
auroc_pca_d4_last,log_n90_llm,6,-0.25714285714285706,0.6642335766423357,,,0.5114831642311334,0.6413993086216043,0.6777020568871958,0.4185528816585824,0,,,,,,,
auroc_pca_d8_last,log_n90_llm,6,-0.1159542071304897,0.8436156384361564,,,0.5114831642311334,0.6413993086216043,0.6167464549406139,0.3445899469091977,1,,,,,,,
auroc_pca_d16_last,log_n90_llm,6,-0.1159542071304897,0.8436156384361564,,,0.5114831642311334,0.6413993086216043,0.6086733949255474,0.369769980397847,1,,,,,,,
auroc_pca_d32_last,log_n90_llm,6,-0.1159542071304897,0.8436156384361564,,,0.5114831642311334,0.6413993086216043,0.6567682724120877,0.32058393739204044,0,,,,,,,
auroc_pca_d64_last,log_n90_llm,6,-0.1159542071304897,0.8436156384361564,,,0.5114831642311334,0.6413993086216043,0.6471310709578594,0.37090781215199425,0,,,,,,,
auroc_pca_d128_last,log_n90_llm,4,,,,,,,,,,,,,,,,
auroc_pca_d256_last,log_n90_llm,2,,,,,,,,,,,,,,,,
d95_last,log_n90_llm,6,0.05797710356524488,0.932906709329067,,,0.5114831642311334,0.6413993086216043,17.911333628957625,44.417878104847965,0,,,,,,,
log_d95_last,log_n90_llm,6,0.05797710356524488,0.932906709329067,,,0.5114831642311334,0.6413993086216043,0.733181142494795,0.44700184047593616,0,,,,,,,
d90_last,log_n90_llm,6,0.1159542071304897,0.8436156384361564,,,0.5114831642311334,0.6413993086216043,8.834760778439716,44.89130290467873,0,,,,,,,
log_d90_last,log_n90_llm,6,0.1159542071304897,0.8436156384361564,,,0.5114831642311334,0.6413993086216043,0.6942201783662878,0.3773745354183822,0,,,,,,,
fisher_dom_last,log_n90_llm,6,-0.25714285714285706,0.6642335766423357,,,0.5114831642311334,0.6413993086216043,0.7420631880006663,0.9511532912941528,0,,,,,,,
cos_centroid_last,log_n90_llm,6,-0.02857142857142858,1.0,,,0.5114831642311334,0.6413993086216043,0.9502206371957946,1.2955204803387175,0,,,,,,,
pr_within_last,log_n90_llm,6,-0.2,0.71002899710029,,,0.5114831642311334,0.6413993086216043,0.7056316959535549,1.196663653890926,0,,,,,,,
cos_within_last,log_n90_llm,6,-0.3142857142857143,0.569043095690431,,,0.5114831642311334,0.6413993086216043,0.5944918237339034,0.5338009942502467,1,,,,,,,
cos_between_last,log_n90_llm,6,-0.5999999999999999,0.24767523247675233,,,0.5114831642311334,0.6413993086216043,0.5630258845807686,0.5791272239492975,1,,,,,,,
cos_gap_last,log_n90_llm,6,0.02857142857142858,1.0,,,0.5114831642311334,0.6413993086216043,0.8068147192760153,0.9859494650990313,0,,,,,,,
centroid_dist_rel_last,log_n90_llm,6,-0.25714285714285706,0.6642335766423357,,,0.5114831642311334,0.6413993086216043,0.6661868684951526,0.8364497977666475,0,,,,,,,
pair_within_rel_last,log_n90_llm,3,,,,,,,,,,,,,,,,
n_rows,log_n90_targeted,12,-0.3210001355558158,0.30756924307569244,,,0.8525504948702732,1.0093141644376946,1.1902423216904001,1.2542153555681057,0,-0.28867513459481287,0.8003199680031997,1,,,,
frac_positive,log_n90_targeted,12,,,,,,,,,,,,,,,,
mean_tokens,log_n90_targeted,12,0.20279720279720284,0.5156484351564844,,,0.8525504948702732,1.0093141644376946,0.8850050888584968,1.0133290549260827,1,-0.30000000000000004,0.6894310568943106,0,,,,
median_tokens,log_n90_targeted,12,0.11188811188811187,0.7264273572642735,,,0.8525504948702732,1.0093141644376946,0.8680817557952207,1.0202054097910627,1,-0.30000000000000004,0.6894310568943106,0,,,,
frac_truncated,log_n90_targeted,12,-0.07343158832057564,0.8241175882411759,,,0.8525504948702732,1.0093141644376946,3.077292299540937,1.2898249146097633,0,,,,,,,
mean_turns,log_n90_targeted,12,0.12929467789526022,0.6907309269073093,,,0.8525504948702732,1.0093141644376946,0.8781653308926648,1.0417294935829102,1,0.28867513459481287,0.8003199680031997,1,,,,
paired,log_n90_targeted,12,-6.938893903907228e-18,1.0,,,0.8525504948702732,1.0093141644376946,0.88431049386845,1.105388467700077,1,,,,,,,
n_pairs,log_n90_targeted,12,-0.47868134251918953,0.1151884811518848,,,0.8525504948702732,1.0093141644376946,0.8929847075541667,1.1380963441396368,1,-0.9486832980505139,0.06569343065693431,1,,,,
auroc_full_mean,log_n90_targeted,12,-0.3076923076923077,0.3317668233176682,,,0.8525504948702732,1.0093141644376946,1.0015597459354304,1.251229289549153,1,0.0,1.0,0,,,,
auroc_dom_mean,log_n90_targeted,12,-0.28671328671328666,0.36526347365263473,,,0.8525504948702732,1.0093141644376946,0.8869159280332922,1.1827936430775166,1,0.30000000000000004,0.6894310568943106,0,,,,
auroc_dom2_mean,log_n90_targeted,12,-0.3356643356643356,0.2853714628537146,,,0.8525504948702732,1.0093141644376946,0.8732502218141202,1.1894585865020133,1,0.30000000000000004,0.6894310568943106,0,,,,
auroc_dom2_sd_mean,log_n90_targeted,12,0.09090909090909091,0.7813218678132187,,,0.8525504948702732,1.0093141644376946,0.9086439184269276,1.1025171021089577,1,-0.1,0.9514048595140486,0,,,,
r1_mean,log_n90_targeted,12,-0.30769230769230765,0.32996700329967005,,,0.8525504948702732,1.0093141644376946,0.911204698813167,1.2128151056461431,1,0.30000000000000004,0.6894310568943106,0,,,,
auroc_ID_k2_mean_C1,log_n90_targeted,12,-0.3076923076923077,0.32586741325867413,,,0.8525504948702732,1.0093141644376946,0.8718977354494498,1.1769497170183623,1,0.30000000000000004,0.6894310568943106,0,,,,
auroc_ID_k4_mean_C1,log_n90_targeted,12,-0.3636363636363636,0.24627537246275372,,,0.8525504948702732,1.0093141644376946,0.8608799886770689,1.1643843028982073,1,0.30000000000000004,0.6894310568943106,0,,,,
auroc_ID_k8_mean_C1,log_n90_targeted,12,-0.24475524475524474,0.43685631436856315,,,0.8525504948702732,1.0093141644376946,0.8776929004552018,1.2212212247392182,1,0.4,0.5192480751924807,0,,,,
auroc_ID_k16_mean_C1,log_n90_targeted,12,-0.21678321678321677,0.49095090490950904,,,0.8525504948702732,1.0093141644376946,0.8810993761971516,1.2222797958006155,1,0.4,0.5192480751924807,0,,,,
auroc_ID_k32_mean_C1,log_n90_targeted,12,-0.30069930069930073,0.3384661533846615,,,0.8525504948702732,1.0093141644376946,0.8798574152899377,1.2023817285409502,1,0.30000000000000004,0.6894310568943106,0,,,,
auroc_ID_k64_mean_C1,log_n90_targeted,12,-0.2867132867132867,0.36396360363963604,,,0.8525504948702732,1.0093141644376946,0.9027819429972654,1.1818716007409147,1,0.30000000000000004,0.6894310568943106,0,,,,
auroc_ID_k128_mean_C1,log_n90_targeted,9,-0.16666666666666669,0.6831316868313169,,,0.6760576817494766,0.5959627865546392,0.7337396737893515,0.701407707102064,0,0.0,1.0,0,,,,
auroc_ID_k256_mean_C1,log_n90_targeted,3,,,,,,,,,,,,,,,,
m_ID_mean_C1,log_n90_targeted,12,0.3957974546111656,0.19958004199580043,,,0.8525504948702732,1.0093141644376946,0.8266643694376855,1.079683275974123,1,-0.1,0.9532046795320468,0,,,,
log_m_ID_mean_C1,log_n90_targeted,12,0.3957974546111656,0.19958004199580043,,,0.8525504948702732,1.0093141644376946,0.8305114112187777,1.123705924695112,1,-0.1,0.9532046795320468,0,,,,
n90_ID_mean_C1,log_n90_targeted,12,0.30769230769230765,0.3290670932906709,,,0.8525504948702732,1.0093141644376946,0.8668880403486355,1.103496680411638,1,0.1,0.952904709529047,1,,,,
log_n90_ID_mean_C1,log_n90_targeted,12,0.30769230769230765,0.3290670932906709,,,0.8525504948702732,1.0093141644376946,0.8502615386772824,1.0705078525219143,1,0.1,0.952904709529047,1,,,,
U_ID_mean_C1,log_n90_targeted,12,-0.05633942521631989,0.8778122187781222,,,0.8525504948702732,1.0093141644376946,0.8900616701346733,1.0401177448699201,1,0.0512989176042577,1.0,0,,,,
k_ID_mean_C1,log_n90_targeted,12,0.3416911067104122,0.27017298270172985,,,0.8525504948702732,1.0093141644376946,1.3718347833057145,1.6133852770065977,0,-0.10259783520851541,0.8961103889611038,0,,,,
gain_obs_ID_mean_C1,log_n90_targeted,12,0.03496503496503495,0.9254074592540746,,,0.8525504948702732,1.0093141644376946,0.943549107411441,1.1487506874334465,1,-0.30000000000000004,0.6823317668233176,0,,,,
flat_ID_mean_C1,log_n90_targeted,12,,,,,,,,,,,,,,,,
rmse_ID_mean_C1,log_n90_targeted,12,0.40559440559440557,0.196980301969803,,,0.8525504948702732,1.0093141644376946,0.8466420447777149,1.0064851692951025,1,0.30000000000000004,0.6848315168483151,1,,,,
n_sizes_ID_mean_C1,log_n90_targeted,12,-0.34139437099945946,0.30346965303469653,,,0.8525504948702732,1.0093141644376946,0.8817694830146,1.1642785036348702,1,,,,,,,
auroc_ID_k2_mean_C0.1,log_n90_targeted,12,-0.27972027972027974,0.3735626437356264,,,0.8525504948702732,1.0093141644376946,0.8730958827375173,1.1707544315119416,1,0.30000000000000004,0.6894310568943106,0,,,,
auroc_ID_k4_mean_C0.1,log_n90_targeted,12,-0.40559440559440557,0.19508049195080493,,,0.8525504948702732,1.0093141644376946,0.8739176104569205,1.202065655988465,1,0.30000000000000004,0.6894310568943106,0,,,,
auroc_ID_k8_mean_C0.1,log_n90_targeted,12,-0.2517482517482517,0.42225777422257776,,,0.8525504948702732,1.0093141644376946,0.8826579531284289,1.2169865957517199,1,0.4,0.5192480751924807,0,,,,
auroc_ID_k16_mean_C0.1,log_n90_targeted,12,-0.34265734265734266,0.27477252274772523,,,0.8525504948702732,1.0093141644376946,0.8824374926254678,1.2086580459903178,1,0.30000000000000004,0.6894310568943106,0,,,,
auroc_ID_k32_mean_C0.1,log_n90_targeted,12,-0.2447552447552448,0.43785621437856215,,,0.8525504948702732,1.0093141644376946,0.8821505497286154,1.2023183165197746,1,0.30000000000000004,0.6894310568943106,0,,,,
auroc_ID_k64_mean_C0.1,log_n90_targeted,12,-0.30769230769230765,0.3260673932606739,,,0.8525504948702732,1.0093141644376946,0.8999451705758358,1.183413388546026,1,0.30000000000000004,0.6894310568943106,0,,,,
auroc_ID_k128_mean_C0.1,log_n90_targeted,9,-0.1166666666666667,0.7761223877612239,,,0.6760576817494766,0.5959627865546392,0.7314189143796374,0.7164456382992749,0,-0.10000000000000003,0.9502049795020497,1,,,,
auroc_ID_k256_mean_C0.1,log_n90_targeted,3,,,,,,,,,,,,,,,,
m_ID_mean_C0.1,log_n90_targeted,12,0.22456278586320122,0.47705229477052297,,,0.8525504948702732,1.0093141644376946,0.8808651165571403,1.1519018623517883,1,-0.35909242322980395,0.5658434156584341,0,,,,
log_m_ID_mean_C0.1,log_n90_targeted,12,0.22456278586320122,0.47705229477052297,,,0.8525504948702732,1.0093141644376946,0.86097853874897,1.2034277859768587,1,-0.35909242322980395,0.5658434156584341,0,,,,
n90_ID_mean_C0.1,log_n90_targeted,12,0.02797202797202794,0.942005799420058,,,0.8525504948702732,1.0093141644376946,0.9087661268881578,1.018554664550808,1,0.1,0.9514048595140486,1,,,,
log_n90_ID_mean_C0.1,log_n90_targeted,12,0.02797202797202794,0.942005799420058,,,0.8525504948702732,1.0093141644376946,0.8944405339173707,1.0485151963567028,1,0.1,0.9514048595140486,1,,,,
U_ID_mean_C0.1,log_n90_targeted,12,-0.20423041640915962,0.5241475852414759,,,0.8525504948702732,1.0093141644376946,0.9240492722026106,1.1913582438794892,1,0.1025978352085154,0.9029097090290971,0,,,,
k_ID_mean_C0.1,log_n90_targeted,12,0.36907367114341255,0.23787621237876214,,,0.8525504948702732,1.0093141644376946,0.8871276174547005,1.1312211389493398,1,-0.1,0.9532046795320468,0,,,,
gain_obs_ID_mean_C0.1,log_n90_targeted,12,-0.19580419580419586,0.5438456154384561,,,0.8525504948702732,1.0093141644376946,0.9776060996692472,1.1083415441971383,1,-0.20000000000000004,0.7823217678232177,1,,,,
flat_ID_mean_C0.1,log_n90_targeted,12,,,,,,,,,,,,,,,,
rmse_ID_mean_C0.1,log_n90_targeted,12,0.36363636363636365,0.25047495250474955,,,0.8525504948702732,1.0093141644376946,0.864786556018991,1.052686168567637,1,-0.20000000000000004,0.7844215578442156,0,,,,
n_sizes_ID_mean_C0.1,log_n90_targeted,12,-0.34139437099945946,0.30346965303469653,,,0.8525504948702732,1.0093141644376946,0.8817694830146,1.1642785036348702,1,,,,,,,
auroc_pca_d1_mean,log_n90_targeted,12,-0.19580419580419584,0.5455454454554545,,,0.8525504948702732,1.0093141644376946,0.8668142213806475,1.195808119925009,1,0.5,0.44285571442855715,0,,,,
auroc_pca_d2_mean,log_n90_targeted,12,-0.3986013986013986,0.20287971202879712,,,0.8525504948702732,1.0093141644376946,0.8705393761301031,1.2360240485479583,1,0.30000000000000004,0.6894310568943106,0,,,,
auroc_pca_d4_mean,log_n90_targeted,12,-0.2237762237762238,0.48595140485951405,,,0.8525504948702732,1.0093141644376946,0.8757412192327254,1.2723158541044122,1,0.6,0.34566543345665435,0,,,,
auroc_pca_d8_mean,log_n90_targeted,12,-0.4055944055944055,0.1972802719728027,,,0.8525504948702732,1.0093141644376946,0.8835690496048237,1.1700866854683676,1,-0.10000000000000003,0.9502049795020497,1,,,,
auroc_pca_d16_mean,log_n90_targeted,12,-0.2587412587412587,0.41215878412158785,,,0.8525504948702732,1.0093141644376946,0.9032697044258096,1.192810035636934,1,0.30000000000000004,0.6894310568943106,0,,,,
auroc_pca_d32_mean,log_n90_targeted,12,-0.3636363636363636,0.24467553244675533,,,0.8525504948702732,1.0093141644376946,0.8919466411919049,1.1789362714993377,1,0.30000000000000004,0.6894310568943106,0,,,,
auroc_pca_d64_mean,log_n90_targeted,12,-0.3636363636363636,0.2460753924607539,,,0.8525504948702732,1.0093141644376946,0.8582007526338966,1.1321326264392957,1,0.1,0.9532046795320468,0,,,,
auroc_pca_d128_mean,log_n90_targeted,9,-0.06666666666666674,0.8841115888411158,,,0.6760576817494766,0.5959627865546392,0.7240625719648217,0.6663332532553997,0,0.0,1.0,0,,,,
auroc_pca_d256_mean,log_n90_targeted,3,,,,,,,,,,,,,,,,
d95_mean,log_n90_targeted,12,0.2888294650707371,0.3615638436156384,,,0.8525504948702732,1.0093141644376946,1.1279356932740905,1.4559164326723188,0,-0.35355339059327373,0.8006199380061993,0,,,,
log_d95_mean,log_n90_targeted,12,0.2888294650707371,0.3615638436156384,,,0.8525504948702732,1.0093141644376946,0.9337364054396748,1.3353048711582711,1,-0.35355339059327373,0.8006199380061993,0,,,,
d90_mean,log_n90_targeted,12,0.4047073253719358,0.1937806219378062,,,0.8525504948702732,1.0093141644376946,2.2684302726657437,7.5913538292682174,0,,,,,,,
log_d90_mean,log_n90_targeted,12,0.4047073253719358,0.1937806219378062,,,0.8525504948702732,1.0093141644376946,0.8041827536646844,1.1378796641174889,1,,,,,,,
fisher_dom_mean,log_n90_targeted,12,-0.3566433566433566,0.2618738126187381,,,0.8525504948702732,1.0093141644376946,0.8793369952480391,1.0787264431369354,1,-0.20000000000000004,0.7823217678232177,1,,,,
cos_centroid_mean,log_n90_targeted,12,0.3006993006993007,0.33766623337666235,,,0.8525504948702732,1.0093141644376946,0.841771647493822,1.2008245316437771,1,-0.6,0.34566543345665435,0,,,,
pr_within_mean,log_n90_targeted,12,0.11188811188811186,0.7255274472552745,,,0.8525504948702732,1.0093141644376946,0.9669091102224936,1.2953954044499814,1,0.7000000000000001,0.23607639236076391,1,,,,
cos_within_mean,log_n90_targeted,12,-0.1048951048951049,0.7531246875312468,,,0.8525504948702732,1.0093141644376946,0.9945228483735709,1.2037348668280712,1,-0.8,0.1307869213078692,1,,,,
cos_between_mean,log_n90_targeted,12,-0.08391608391608393,0.8025197480251974,,,0.8525504948702732,1.0093141644376946,1.0021564779268561,1.241736396969851,1,-0.8,0.1307869213078692,1,,,,
cos_gap_mean,log_n90_targeted,12,-0.2867132867132867,0.36926307369263073,,,0.8525504948702732,1.0093141644376946,0.8360685545054753,1.1788115595116864,1,0.30000000000000004,0.6894310568943106,0,,,,
centroid_dist_rel_mean,log_n90_targeted,12,-0.3636363636363636,0.24327567243275672,,,0.8525504948702732,1.0093141644376946,0.8484716542242704,1.1089770725325994,1,0.30000000000000004,0.6894310568943106,0,,,,
pair_within_rel_mean,log_n90_targeted,8,-0.3809523809523809,0.36146385361463856,,,1.069687490163204,1.3444465940491923,1.0464091708819636,1.4706860661321581,1,-0.10000000000000003,0.9502049795020497,1,,,,
auroc_full_last,log_n90_targeted,12,0.3152369107522558,0.31366863313668636,,,0.8525504948702732,1.0093141644376946,0.923298157421559,1.2822856701080485,1,0.8,0.1381861813818618,1,,,,
auroc_dom_last,log_n90_targeted,12,0.3146853146853147,0.31456854314568544,,,0.8525504948702732,1.0093141644376946,0.8880141134197019,1.1506678947143356,1,0.8,0.1381861813818618,1,,,,
auroc_dom2_last,log_n90_targeted,12,0.34965034965034963,0.2596740325967403,,,0.8525504948702732,1.0093141644376946,0.8907678607879959,1.2642826798052391,1,0.8999999999999999,0.0846915308469153,1,,,,
auroc_dom2_sd_last,log_n90_targeted,12,-0.2937062937062937,0.3484651534846515,,,0.8525504948702732,1.0093141644376946,0.8781889052529899,1.235831025856249,1,-0.7000000000000001,0.23607639236076391,1,,,,
r1_last,log_n90_targeted,12,0.3426573426573426,0.2702729727027297,,,0.8525504948702732,1.0093141644376946,0.8961963572106462,1.0898865741988184,1,0.8999999999999999,0.0846915308469153,1,,,,
auroc_ID_k2_last_C1,log_n90_targeted,12,0.31468531468531463,0.3120687931206879,,,0.8525504948702732,1.0093141644376946,0.8914099278188613,1.2534280516842513,1,0.9,0.0826917308269173,1,,,,
auroc_ID_k4_last_C1,log_n90_targeted,12,0.3566433566433566,0.24927507249275072,,,0.8525504948702732,1.0093141644376946,0.8929126378092366,1.2510857532222166,1,1.0,0.015398460153984602,1,,,,
auroc_ID_k8_last_C1,log_n90_targeted,12,0.26573426573426573,0.400959904009599,,,0.8525504948702732,1.0093141644376946,0.8944234195966638,1.191500143798778,1,0.8999999999999999,0.0846915308469153,1,,,,
auroc_ID_k16_last_C1,log_n90_targeted,12,0.26573426573426573,0.400959904009599,,,0.8525504948702732,1.0093141644376946,0.8908913505252978,1.1574141587568882,1,0.8999999999999999,0.0846915308469153,1,,,,
auroc_ID_k32_last_C1,log_n90_targeted,12,0.2517482517482518,0.42645735426457354,,,0.8525504948702732,1.0093141644376946,0.891122311410944,1.1144874628646404,1,0.8,0.1381861813818618,1,,,,
auroc_ID_k64_last_C1,log_n90_targeted,12,0.3706293706293706,0.2338766123387661,,,0.8525504948702732,1.0093141644376946,0.8891981774093254,1.0924363724886588,1,0.8,0.1381861813818618,1,,,,
auroc_ID_k128_last_C1,log_n90_targeted,9,0.36666666666666664,0.3327667233276672,,,0.6760576817494766,0.5959627865546392,0.7533667739723077,1.4834875138342787,0,0.8,0.1381861813818618,1,,,,
auroc_ID_k256_last_C1,log_n90_targeted,3,,,,,,,,,,,,,,,,
m_ID_last_C1,log_n90_targeted,12,-0.054705032192895214,0.8622137786221378,,,0.8525504948702732,1.0093141644376946,0.8811469235006701,1.0905457768295548,1,-0.35355339059327373,0.8006199380061993,1,,,,
log_m_ID_last_C1,log_n90_targeted,12,-0.054705032192895214,0.8622137786221378,,,0.8525504948702732,1.0093141644376946,0.8819647969635928,1.0763755659153669,1,-0.35355339059327373,0.8006199380061993,1,,,,
n90_ID_last_C1,log_n90_targeted,12,-0.052631902936687784,0.8735126487351265,,,0.8525504948702732,1.0093141644376946,0.902943442938282,1.1197763447857867,1,-0.8999999999999999,0.0846915308469153,1,,,,
log_n90_ID_last_C1,log_n90_targeted,12,-0.052631902936687784,0.8735126487351265,,,0.8525504948702732,1.0093141644376946,0.9076447241050728,1.336750036730503,1,-0.8999999999999999,0.0846915308469153,1,,,,
U_ID_last_C1,log_n90_targeted,12,0.5524475524475524,0.06459354064593541,,,0.8525504948702732,1.0093141644376946,0.8823212696008024,1.3278726454670167,1,0.6000000000000001,0.35366463353664634,1,,,,
k_ID_last_C1,log_n90_targeted,12,0.052631902936687784,0.8723127687231277,,,0.8525504948702732,1.0093141644376946,0.9550852980979264,1.186424949954275,1,0.8999999999999999,0.0846915308469153,1,,,,
gain_obs_ID_last_C1,log_n90_targeted,12,-0.26573426573426573,0.39906009399060094,,,0.8525504948702732,1.0093141644376946,0.8855509730455691,1.0547787876418668,1,-0.9,0.0826917308269173,1,,,,
flat_ID_last_C1,log_n90_targeted,12,,,,,,,,,,,,,,,,
rmse_ID_last_C1,log_n90_targeted,12,-0.2517482517482518,0.42655734426557346,,,0.8525504948702732,1.0093141644376946,0.9197993610676182,1.395252501744659,1,-0.9,0.0852914708529147,1,,,,
n_sizes_ID_last_C1,log_n90_targeted,12,-0.34139437099945946,0.30346965303469653,,,0.8525504948702732,1.0093141644376946,0.8817694830146,1.1642785036348702,1,,,,,,,
auroc_ID_k2_last_C0.1,log_n90_targeted,12,0.3286713286713287,0.29217078292170784,,,0.8525504948702732,1.0093141644376946,0.8790111226912085,1.2419893108152404,1,0.9,0.0852914708529147,1,,,,
auroc_ID_k4_last_C0.1,log_n90_targeted,12,0.32867132867132864,0.29217078292170784,,,0.8525504948702732,1.0093141644376946,0.8916051040361354,1.252488989583175,1,0.8999999999999999,0.0846915308469153,1,,,,
auroc_ID_k8_last_C0.1,log_n90_targeted,12,0.26573426573426573,0.400959904009599,,,0.8525504948702732,1.0093141644376946,0.8925029796669447,1.2207700810153213,1,0.8999999999999999,0.0846915308469153,1,,,,
auroc_ID_k16_last_C0.1,log_n90_targeted,12,0.26573426573426573,0.400959904009599,,,0.8525504948702732,1.0093141644376946,0.8909594288818374,1.1627952671685562,1,0.8999999999999999,0.0846915308469153,1,,,,
auroc_ID_k32_last_C0.1,log_n90_targeted,12,0.3076923076923077,0.3290670932906709,,,0.8525504948702732,1.0093141644376946,0.8908896678571837,1.1105287127601824,1,0.8,0.1381861813818618,1,,,,
auroc_ID_k64_last_C0.1,log_n90_targeted,12,0.3706293706293706,0.2338766123387661,,,0.8525504948702732,1.0093141644376946,0.8894577564377019,1.0996007032892725,1,0.8,0.1381861813818618,1,,,,
auroc_ID_k128_last_C0.1,log_n90_targeted,9,0.36666666666666664,0.3327667233276672,,,0.6760576817494766,0.5959627865546392,0.7505443350903052,1.49589824705302,0,0.8,0.1381861813818618,1,,,,
auroc_ID_k256_last_C0.1,log_n90_targeted,3,,,,,,,,,,,,,,,,
m_ID_last_C0.1,log_n90_targeted,12,0.2891551701624461,0.36366363363663634,,,0.8525504948702732,1.0093141644376946,0.8807893630754107,1.051267889170001,1,0.5773502691896257,0.4012598740125987,1,,,,
log_m_ID_last_C0.1,log_n90_targeted,12,0.2891551701624461,0.36366363363663634,,,0.8525504948702732,1.0093141644376946,0.8840520467612683,1.0567069613884557,1,0.5773502691896257,0.4012598740125987,1,,,,
n90_ID_last_C0.1,log_n90_targeted,12,-0.09090909090909094,0.7813218678132187,,,0.8525504948702732,1.0093141644376946,0.8887382393272243,1.0584219035497693,1,-0.30000000000000004,0.6838316168383162,1,,,,
log_n90_ID_last_C0.1,log_n90_targeted,12,-0.09090909090909094,0.7813218678132187,,,0.8525504948702732,1.0093141644376946,0.911485189151322,1.1717097792091504,1,-0.30000000000000004,0.6838316168383162,1,,,,
U_ID_last_C0.1,log_n90_targeted,12,0.13986013986013987,0.6735326467353264,,,0.8525504948702732,1.0093141644376946,0.9121786697138066,1.1664567546681306,1,0.0,1.0,0,,,,
k_ID_last_C0.1,log_n90_targeted,12,0.175439676455626,0.575042495750425,,,0.8525504948702732,1.0093141644376946,0.8544897094953694,1.0706957095847123,1,0.5642880936468347,0.3668633136686331,1,,,,
gain_obs_ID_last_C0.1,log_n90_targeted,12,-0.2937062937062937,0.3468653134686531,,,0.8525504948702732,1.0093141644376946,0.8676746617008799,1.042025176551724,1,-0.7000000000000001,0.23267673232676733,1,,,,
flat_ID_last_C0.1,log_n90_targeted,12,,,,,,,,,,,,,,,,
rmse_ID_last_C0.1,log_n90_targeted,12,-0.3426573426573426,0.2705729427057294,,,0.8525504948702732,1.0093141644376946,0.9201920695603699,1.3334154544544081,1,-0.8,0.1381861813818618,1,,,,
n_sizes_ID_last_C0.1,log_n90_targeted,12,-0.34139437099945946,0.30346965303469653,,,0.8525504948702732,1.0093141644376946,0.8817694830146,1.1642785036348702,1,,,,,,,
auroc_pca_d1_last,log_n90_targeted,12,0.1888111888111888,0.5558444155584441,,,0.8525504948702732,1.0093141644376946,0.9015198407037038,1.0530863276646283,1,0.5,0.44655534446555345,1,,,,
auroc_pca_d2_last,log_n90_targeted,12,0.36363636363636365,0.24047595240475952,,,0.8525504948702732,1.0093141644376946,0.8668758336565293,1.0578383965637315,1,0.8999999999999999,0.0846915308469153,1,,,,
auroc_pca_d4_last,log_n90_targeted,12,0.20979020979020982,0.5075492450754925,,,0.8525504948702732,1.0093141644376946,0.8892020703914583,1.155731005986942,1,0.8999999999999999,0.0846915308469153,1,,,,
auroc_pca_d8_last,log_n90_targeted,12,0.22535770086527962,0.47195280471952805,,,0.8525504948702732,1.0093141644376946,0.8938288818189496,1.094765249067355,1,0.6000000000000001,0.35366463353664634,1,,,,
auroc_pca_d16_last,log_n90_targeted,12,0.23944255716935958,0.44765523447655237,,,0.8525504948702732,1.0093141644376946,0.9091638860508418,1.2477628810447192,1,0.8,0.1381861813818618,1,,,,
auroc_pca_d32_last,log_n90_targeted,12,0.2740647418406431,0.38246175382461756,,,0.8525504948702732,1.0093141644376946,0.8896569658827168,1.1735219853080374,1,0.872081599272381,0.10138986101389862,1,,,,
auroc_pca_d64_last,log_n90_targeted,12,0.2883018712869103,0.3578642135786421,,,0.8525504948702732,1.0093141644376946,0.8887475557822534,1.0965615610884643,1,0.872081599272381,0.10138986101389862,1,,,,
auroc_pca_d128_last,log_n90_targeted,9,0.2712254014483241,0.47685231476852313,,,0.6760576817494766,0.5959627865546392,0.9497043066076483,1.8860021865725682,0,0.872081599272381,0.10138986101389862,1,,,,
auroc_pca_d256_last,log_n90_targeted,3,,,,,,,,,,,,,,,,
d95_last,log_n90_targeted,12,-0.15619333647317518,0.6248375162483751,,,0.8525504948702732,1.0093141644376946,13.807450906475832,26.068406765679278,0,-0.9746794344808966,0.0316968303169683,1,,,,
log_d95_last,log_n90_targeted,12,-0.15619333647317518,0.6248375162483751,,,0.8525504948702732,1.0093141644376946,0.931633652251548,1.100964060685576,1,-0.9746794344808966,0.0316968303169683,1,,,,
d90_last,log_n90_targeted,12,-0.10189973423960089,0.756024397560244,,,0.8525504948702732,1.0093141644376946,1.0420741758794883,1.1230312467081842,0,-0.9486832980505138,0.06419358064193581,1,,,,
log_d90_last,log_n90_targeted,12,-0.10189973423960089,0.756024397560244,,,0.8525504948702732,1.0093141644376946,0.9130433034703698,1.0817189037116013,1,-0.9486832980505138,0.06419358064193581,1,,,,
fisher_dom_last,log_n90_targeted,12,0.2027972027972028,0.5221477852214779,,,0.8525504948702732,1.0093141644376946,0.911811588205415,1.1763756008952992,1,0.8999999999999999,0.0846915308469153,1,,,,
cos_centroid_last,log_n90_targeted,12,-0.02797202797202794,0.9384061593840616,,,0.8525504948702732,1.0093141644376946,0.8998964199280768,1.082189466859514,1,-0.6000000000000001,0.34466553344665535,1,,,,
pr_within_last,log_n90_targeted,12,0.16083916083916078,0.6137386261373863,,,0.8525504948702732,1.0093141644376946,0.8914710491847105,1.0546020331076584,1,0.6000000000000001,0.3494650534946505,1,,,,
cos_within_last,log_n90_targeted,12,0.1398601398601398,0.6678332166783322,,,0.8525504948702732,1.0093141644376946,0.9509381767496862,1.324005991039122,1,-0.1,0.9532046795320468,0,,,,
cos_between_last,log_n90_targeted,12,0.055944055944055965,0.8679132086791321,,,0.8525504948702732,1.0093141644376946,0.9874553016970736,1.3702880952895287,1,-0.5,0.44655534446555345,0,,,,
cos_gap_last,log_n90_targeted,12,-0.013986013986014026,0.9724027597240276,,,0.8525504948702732,1.0093141644376946,0.9042131278088252,1.0753154360077941,1,0.7000000000000001,0.23267673232676733,0,,,,
centroid_dist_rel_last,log_n90_targeted,12,0.1398601398601399,0.6688331166883311,,,0.8525504948702732,1.0093141644376946,0.915764314791604,1.395021480479956,1,0.7000000000000001,0.23297670232976703,1,,,,
pair_within_rel_last,log_n90_targeted,8,0.09523809523809518,0.8378162183781622,,,1.069687490163204,1.3444465940491923,1.3193201027564228,1.0850175539917688,1,0.8,0.1381861813818618,1,,,,
